{
  "ID": "94061142-811b-471a-b115-dd429d83414a",
  "Version": "2.3.3.0",
  "Name": "BattleNum",
  "Content": {
    "Content": {
      "Animation": {
        "Duration": 0,
        "Speed": 1.0,
        "Timelines": [],
        "ctype": "TimelineActionData"
      },
      "AnimationList": [],
      "ObjectData": {
        "Tag": 26,
        "Children": [
          {
            "BackColorAlpha": 102,
            "SingleColor": {
              "R": 150,
              "G": 200
            },
            "FirstColor": {
              "R": 150,
              "G": 200
            },
            "EndColor": {},
            "ColorVector": {
              "ScaleY": 1.0
            },
            "Scale9Width": 1,
            "Scale9Height": 1,
            "TouchEnable": true,
            "AnchorPoint": {},
            "Position": {
              "X": 0.0,
              "Y": 0.0
            },
            "Scale": {
              "ScaleX": 1.0,
              "ScaleY": 1.0
            },
            "CColor": {},
            "IconVisible": false,
            "PrePosition": {
              "X": 0.0,
              "Y": 0.0
            },
            "PreSize": {
              "X": 0.5,
              "Y": 1.0
            },
            "RightMargin": 100.0,
            "Tag": 30,
            "Children": [
              {
                "LabelText": "99999",
                "LabelBMFontFile_CNB": {
                  "Type": "Normal",
                  "Path": "font/green14-export.fnt",
                  "Plist": ""
                },
                "AnchorPoint": {},
                "Position": {
                  "X": 0.0,
                  "Y": 0.0
                },
                "Scale": {
                  "ScaleX": 1.0,
                  "ScaleY": 1.0
                },
                "CColor": {},
                "IconVisible": false,
                "PrePosition": {
                  "X": 0.0,
                  "Y": 0.0
                },
                "PreSize": {
                  "X": 0.81,
                  "Y": 1.125
                },
                "RightMargin": 19.0,
                "TopMargin": -2.0,
                "Tag": 41,
                "ActionTag": 1093679073,
                "Size": {
                  "X": 81.0,
                  "Y": 18.0
                },
                "Name": "recover_num",
                "ctype": "TextBMFontObjectData"
              },
              {
                "LabelText": "99999",
                "LabelBMFontFile_CNB": {
                  "Type": "Normal",
                  "Path": "font/red14-export.fnt",
                  "Plist": ""
                },
                "AnchorPoint": {},
                "Position": {
                  "X": 0.0,
                  "Y": 0.0
                },
                "Scale": {
                  "ScaleX": 1.0,
                  "ScaleY": 1.0
                },
                "CColor": {},
                "IconVisible": false,
                "PrePosition": {
                  "X": 0.0,
                  "Y": 0.0
                },
                "PreSize": {
                  "X": 0.81,
                  "Y": 1.125
                },
                "RightMargin": 19.0,
                "TopMargin": -2.0,
                "Tag": 42,
                "ActionTag": 432748340,
                "Size": {
                  "X": 81.0,
                  "Y": 18.0
                },
                "Name": "battle_num",
                "ctype": "TextBMFontObjectData"
              }
            ],
            "ActionTag": 1001147719,
            "Size": {
              "X": 100.0,
              "Y": 16.0
            },
            "Name": "root",
            "ctype": "PanelObjectData"
          }
        ],
        "Size": {
          "X": 200.0,
          "Y": 16.0
        },
        "Name": "Layer",
        "ctype": "LayerObjectData"
      },
      "UsedResources": [
        "font/green14-export.fnt",
        "font/green14-export.png",
        "font/red14-export.fnt",
        "font/red14-export.png"
      ],
      "ctype": "GameFileData"
    }
  },
  "Type": "Layer"
}