{
  "ID": "b254df5f-5e99-412a-bddf-e3f91484e956",
  "Version": "2.3.3.0",
  "Name": "Blood",
  "Content": {
    "Content": {
      "Animation": {
        "Duration": 0,
        "Speed": 1.0,
        "Timelines": [],
        "ctype": "TimelineActionData"
      },
      "AnimationList": [],
      "ObjectData": {
        "Tag": 8,
        "Children": [
          {
            "BackColorAlpha": 102,
            "ComboBoxIndex": 1,
            "SingleColor": {
              "R": 150,
              "G": 200
            },
            "FirstColor": {
              "R": 150,
              "G": 200
            },
            "EndColor": {},
            "ColorVector": {
              "ScaleY": 1.0
            },
            "Scale9Width": 1,
            "Scale9Height": 1,
            "TouchEnable": true,
            "AnchorPoint": {},
            "Position": {
              "X": 0.0,
              "Y": 0.0
            },
            "Scale": {
              "ScaleX": 1.0,
              "ScaleY": 1.0
            },
            "CColor": {},
            "IconVisible": false,
            "PrePosition": {
              "X": 0.0,
              "Y": 0.0
            },
            "PreSize": {
              "X": 1.0,
              "Y": 1.0
            },
            "Tag": 265,
            "Children": [
              {
                "FileData": {
                  "Type": "MarkedSubImage",
                  "Path": "bloodUI/blood_bg.png",
                  "Plist": "BattleNum.plist"
                },
                "Scale9Enable": true,
                "Scale9OriginX": 19,
                "Scale9Width": 22,
                "Scale9Height": 2,
                "AnchorPoint": {},
                "Position": {
                  "X": 0.0,
                  "Y": 0.0
                },
                "Scale": {
                  "ScaleX": 1.0,
                  "ScaleY": 1.0
                },
                "CColor": {},
                "IconVisible": false,
                "PrePosition": {
                  "X": 0.0,
                  "Y": 0.0
                },
                "PreSize": {
                  "X": 1.0,
                  "Y": 1.0
                },
                "Tag": 9,
                "ActionTag": 655272865,
                "Size": {
                  "X": 100.0,
                  "Y": 2.0
                },
                "Name": "blood_bg",
                "ctype": "ImageViewObjectData"
              },
              {
                "ProgressInfo": 50,
                "ImageFileData": {
                  "Type": "MarkedSubImage",
                  "Path": "bloodUI/blood_bar.png",
                  "Plist": "BattleNum.plist"
                },
                "AnchorPoint": {},
                "Position": {
                  "X": 0.0,
                  "Y": 0.5545
                },
                "Scale": {
                  "ScaleX": 1.0,
                  "ScaleY": 1.0
                },
                "CColor": {},
                "IconVisible": false,
                "PrePosition": {
                  "X": 0.0,
                  "Y": 0.2773
                },
                "PreSize": {
                  "X": 1.0,
                  "Y": 1.0
                },
                "TopMargin": -0.5545,
                "BottomMargin": 0.5545,
                "Tag": 10,
                "ActionTag": 405491421,
                "Size": {
                  "X": 100.0,
                  "Y": 2.0
                },
                "Name": "blood_bar",
                "ctype": "LoadingBarObjectData"
              }
            ],
            "ActionTag": -1138515971,
            "Size": {
              "X": 100.0,
              "Y": 2.0
            },
            "Name": "root",
            "ctype": "PanelObjectData"
          }
        ],
        "Size": {
          "X": 100.0,
          "Y": 2.0
        },
        "Name": "blood",
        "ctype": "LayerObjectData"
      },
      "UsedResources": [
        "BattleNum.plist",
        "BattleNum.png"
      ],
      "ctype": "GameFileData"
    }
  },
  "Type": "Layer"
}