{
  "ID": "c09dfea6-6b04-479a-8e74-ad854030141c",
  "Version": "2.3.3.0",
  "Name": "Btn_MaxLevel",
  "Content": {
    "Content": {
      "Animation": {
        "Duration": 0,
        "Speed": 1.0,
        "Timelines": [],
        "ctype": "TimelineActionData"
      },
      "AnimationList": [],
      "ObjectData": {
        "Tag": 418,
        "Children": [
          {
            "BackColorAlpha": 102,
            "SingleColor": {
              "R": 150,
              "G": 200
            },
            "FirstColor": {
              "R": 150,
              "G": 200
            },
            "EndColor": {},
            "ColorVector": {
              "ScaleY": 1.0
            },
            "Scale9Width": 1,
            "Scale9Height": 1,
            "TouchEnable": true,
            "AnchorPoint": {},
            "Position": {
              "X": 0.0,
              "Y": 0.0
            },
            "Scale": {
              "ScaleX": 1.0,
              "ScaleY": 1.0
            },
            "CColor": {},
            "IconVisible": false,
            "PrePosition": {
              "X": 0.0,
              "Y": 0.0
            },
            "PreSize": {
              "X": 1.0,
              "Y": 1.0
            },
            "Tag": 419,
            "Children": [
              {
                "FontSize": 14,
                "ButtonText": "",
                "TextColor": {
                  "R": 65,
                  "G": 65,
                  "B": 70
                },
                "DisabledFileData": {
                  "Type": "MarkedSubImage",
                  "Path": "equipUI/btn2.png",
                  "Plist": "EquipUI.plist"
                },
                "PressedFileData": {
                  "Type": "MarkedSubImage",
                  "Path": "equipUI/btn1.png",
                  "Plist": "EquipUI.plist"
                },
                "NormalFileData": {
                  "Type": "MarkedSubImage",
                  "Path": "equipUI/btn1.png",
                  "Plist": "EquipUI.plist"
                },
                "Scale9Enable": true,
                "Scale9OriginX": 15,
                "Scale9OriginY": 11,
                "Scale9Width": 110,
                "Scale9Height": 58,
                "DisplayState": false,
                "OutlineColor": {
                  "G": 0,
                  "B": 0
                },
                "ShadowColor": {
                  "R": 110,
                  "G": 110,
                  "B": 110
                },
                "ShadowOffsetX": 2.0,
                "ShadowOffsetY": -2.0,
                "TouchEnable": true,
                "AnchorPoint": {},
                "Position": {
                  "X": 0.0,
                  "Y": 0.0
                },
                "Scale": {
                  "ScaleX": 1.0,
                  "ScaleY": 1.0
                },
                "CColor": {},
                "IconVisible": false,
                "PrePosition": {
                  "X": 0.0,
                  "Y": 0.0
                },
                "PreSize": {
                  "X": 1.0,
                  "Y": 1.0
                },
                "Tag": 420,
                "ActionTag": 337537915,
                "Size": {
                  "X": 140.0,
                  "Y": 80.0
                },
                "Name": "btn",
                "ctype": "ButtonObjectData"
              },
              {
                "FileData": {
                  "Type": "MarkedSubImage",
                  "Path": "buttonUI/MaxLevel.png",
                  "Plist": "ButtonUI.plist"
                },
                "Scale9Width": 61,
                "Scale9Height": 62,
                "AnchorPoint": {
                  "ScaleX": 0.5,
                  "ScaleY": 0.5
                },
                "Position": {
                  "X": 74.0001,
                  "Y": 41.0
                },
                "Scale": {
                  "ScaleX": 1.0,
                  "ScaleY": 1.0
                },
                "CColor": {},
                "IconVisible": false,
                "PrePosition": {
                  "X": 0.5286,
                  "Y": 0.5125
                },
                "PreSize": {
                  "X": 0.4357,
                  "Y": 0.775
                },
                "LeftMargin": 43.5001,
                "RightMargin": 35.4999,
                "TopMargin": 8.0,
                "BottomMargin": 10.0,
                "Tag": 423,
                "ActionTag": 952903344,
                "Size": {
                  "X": 61.0,
                  "Y": 62.0
                },
                "Name": "upMax_text",
                "ctype": "ImageViewObjectData"
              }
            ],
            "ActionTag": -442993812,
            "Size": {
              "X": 140.0,
              "Y": 80.0
            },
            "Name": "btn",
            "ctype": "PanelObjectData"
          }
        ],
        "Size": {
          "X": 140.0,
          "Y": 80.0
        },
        "Name": "Layer",
        "ctype": "LayerObjectData"
      },
      "UsedResources": [
        "ButtonUI.plist",
        "ButtonUI.png",
        "EquipUI.plist",
        "EquipUI.png"
      ],
      "ctype": "GameFileData"
    }
  },
  "Type": "Layer"
}