{
  "ID": "1e3cea64-f0d9-48ed-bb49-c9d7c9fc876d",
  "Version": "2.3.3.0",
  "Name": "Btn_Revive",
  "Content": {
    "Content": {
      "Animation": {
        "Duration": 0,
        "Speed": 1.0,
        "Timelines": [],
        "ctype": "TimelineActionData"
      },
      "AnimationList": [],
      "ObjectData": {
        "Tag": 74,
        "Children": [
          {
            "BackColorAlpha": 102,
            "SingleColor": {
              "R": 150,
              "G": 200
            },
            "FirstColor": {
              "R": 150,
              "G": 200
            },
            "EndColor": {},
            "ColorVector": {
              "ScaleY": 1.0
            },
            "Scale9Width": 1,
            "Scale9Height": 1,
            "TouchEnable": true,
            "AnchorPoint": {},
            "Position": {
              "X": 0.0,
              "Y": 0.0
            },
            "Scale": {
              "ScaleX": 1.0,
              "ScaleY": 1.0
            },
            "CColor": {},
            "IconVisible": false,
            "PrePosition": {
              "X": 0.0,
              "Y": 0.0
            },
            "PreSize": {
              "X": 1.0,
              "Y": 1.0
            },
            "Tag": 241,
            "Children": [
              {
                "FontSize": 14,
                "ButtonText": "",
                "TextColor": {
                  "R": 65,
                  "G": 65,
                  "B": 70
                },
                "DisabledFileData": {
                  "Type": "MarkedSubImage",
                  "Path": "heroUI/btn2.png",
                  "Plist": "HeroUI.plist"
                },
                "PressedFileData": {
                  "Type": "MarkedSubImage",
                  "Path": "heroUI/btn1.png",
                  "Plist": "HeroUI.plist"
                },
                "NormalFileData": {
                  "Type": "MarkedSubImage",
                  "Path": "heroUI/btn1.png",
                  "Plist": "HeroUI.plist"
                },
                "Scale9Enable": true,
                "Scale9OriginX": 15,
                "Scale9OriginY": 11,
                "Scale9Width": 110,
                "Scale9Height": 58,
                "OutlineColor": {
                  "G": 0,
                  "B": 0
                },
                "ShadowColor": {
                  "R": 110,
                  "G": 110,
                  "B": 110
                },
                "ShadowOffsetX": 2.0,
                "ShadowOffsetY": -2.0,
                "TouchEnable": true,
                "AnchorPoint": {},
                "Position": {
                  "X": 0.0,
                  "Y": 0.0
                },
                "Scale": {
                  "ScaleX": 1.0,
                  "ScaleY": 1.0
                },
                "CColor": {},
                "IconVisible": false,
                "PrePosition": {
                  "X": 0.0,
                  "Y": 0.0
                },
                "PreSize": {
                  "X": 1.0,
                  "Y": 1.0
                },
                "Tag": 242,
                "ActionTag": -608824153,
                "Size": {
                  "X": 140.0,
                  "Y": 80.0
                },
                "Name": "btn",
                "ctype": "ButtonObjectData"
              },
              {
                "FileData": {
                  "Type": "MarkedSubImage",
                  "Path": "heroUI/diamond.png",
                  "Plist": "HeroUI.plist"
                },
                "Scale9Width": 40,
                "Scale9Height": 40,
                "AnchorPoint": {
                  "ScaleX": 0.5,
                  "ScaleY": 0.5
                },
                "Position": {
                  "X": 65.1187,
                  "Y": 28.0469
                },
                "Scale": {
                  "ScaleX": 1.0,
                  "ScaleY": 1.0
                },
                "CColor": {},
                "IconVisible": false,
                "PrePosition": {
                  "X": 0.4651,
                  "Y": 0.3506
                },
                "PreSize": {
                  "X": 0.1071,
                  "Y": 0.1875
                },
                "LeftMargin": 57.6187,
                "RightMargin": 67.3813,
                "TopMargin": 44.4531,
                "BottomMargin": 20.5469,
                "Tag": 250,
                "ActionTag": -1992046048,
                "Size": {
                  "X": 15.0,
                  "Y": 15.0
                },
                "Name": "diamond",
                "ctype": "ImageViewObjectData"
              },
              {
                "LabelText": "3",
                "LabelBMFontFile_CNB": {
                  "Type": "Normal",
                  "Path": "font/white14-export.fnt",
                  "Plist": ""
                },
                "AnchorPoint": {
                  "ScaleY": 0.5
                },
                "Position": {
                  "X": 76.4646,
                  "Y": 29.0469
                },
                "Scale": {
                  "ScaleX": 1.0,
                  "ScaleY": 1.0
                },
                "CColor": {
                  "B": 0
                },
                "IconVisible": false,
                "PrePosition": {
                  "X": 0.5462,
                  "Y": 0.3631
                },
                "PreSize": {
                  "X": 0.1071,
                  "Y": 0.225
                },
                "LeftMargin": 76.4646,
                "RightMargin": 48.5354,
                "TopMargin": 41.9531,
                "BottomMargin": 20.0469,
                "CallBackType": "Click",
                "Tag": 188,
                "ActionTag": 268773156,
                "Size": {
                  "X": 15.0,
                  "Y": 18.0
                },
                "Name": "diamond_text",
                "ctype": "TextBMFontObjectData"
              },
              {
                "FileData": {
                  "Type": "MarkedSubImage",
                  "Path": "buttonUI/revive.png",
                  "Plist": "ButtonUI.plist"
                },
                "Scale9Width": 66,
                "Scale9Height": 34,
                "AnchorPoint": {
                  "ScaleX": 0.5,
                  "ScaleY": 0.5
                },
                "Position": {
                  "X": 75.2325,
                  "Y": 50.3764
                },
                "Scale": {
                  "ScaleX": 1.0,
                  "ScaleY": 1.0
                },
                "CColor": {},
                "IconVisible": false,
                "PrePosition": {
                  "X": 0.5374,
                  "Y": 0.6297
                },
                "PreSize": {
                  "X": 0.3714,
                  "Y": 0.3375
                },
                "LeftMargin": 49.2325,
                "RightMargin": 38.7675,
                "TopMargin": 16.1236,
                "BottomMargin": 36.8764,
                "CallBackType": "Touch",
                "Tag": 254,
                "ActionTag": 1356611884,
                "Size": {
                  "X": 52.0,
                  "Y": 27.0
                },
                "Name": "revive_text",
                "ctype": "ImageViewObjectData"
              }
            ],
            "ActionTag": -679508907,
            "Size": {
              "X": 140.0,
              "Y": 80.0
            },
            "Name": "btn",
            "ctype": "PanelObjectData"
          }
        ],
        "Size": {
          "X": 140.0,
          "Y": 80.0
        },
        "Name": "Layer",
        "ctype": "LayerObjectData"
      },
      "UsedResources": [
        "ButtonUI.plist",
        "ButtonUI.png",
        "font/white14-export.fnt",
        "font/white14-export.png",
        "HeroUI.plist",
        "HeroUI.png"
      ],
      "ctype": "GameFileData"
    }
  },
  "Type": "Layer"
}