{
  "ID": "b73d9048-e5c2-4b81-9d8d-7c5b0e216c67",
  "Version": "2.3.3.0",
  "Name": "Btn_Recast",
  "Content": {
    "Content": {
      "Animation": {
        "Duration": 0,
        "Speed": 1.0,
        "Timelines": [],
        "ctype": "TimelineActionData"
      },
      "AnimationList": [],
      "ObjectData": {
        "Tag": 78,
        "Children": [
          {
            "BackColorAlpha": 102,
            "SingleColor": {
              "R": 150,
              "G": 200
            },
            "FirstColor": {
              "R": 150,
              "G": 200
            },
            "EndColor": {},
            "ColorVector": {
              "ScaleY": 1.0
            },
            "Scale9Width": 1,
            "Scale9Height": 1,
            "TouchEnable": true,
            "AnchorPoint": {},
            "Position": {
              "X": 0.0,
              "Y": 0.0
            },
            "Scale": {
              "ScaleX": 1.0,
              "ScaleY": 1.0
            },
            "CColor": {},
            "IconVisible": false,
            "PrePosition": {
              "X": 0.0,
              "Y": 0.0
            },
            "PreSize": {
              "X": 1.0,
              "Y": 1.0
            },
            "Tag": 377,
            "Children": [
              {
                "FontSize": 14,
                "ButtonText": "",
                "TextColor": {
                  "R": 65,
                  "G": 65,
                  "B": 70
                },
                "DisabledFileData": {
                  "Type": "MarkedSubImage",
                  "Path": "equipUI/btn2.png",
                  "Plist": "EquipUI.plist"
                },
                "PressedFileData": {
                  "Type": "MarkedSubImage",
                  "Path": "equipUI/btn1.png",
                  "Plist": "EquipUI.plist"
                },
                "NormalFileData": {
                  "Type": "MarkedSubImage",
                  "Path": "equipUI/btn1.png",
                  "Plist": "EquipUI.plist"
                },
                "Scale9Enable": true,
                "Scale9OriginX": 15,
                "Scale9OriginY": 11,
                "Scale9Width": 110,
                "Scale9Height": 58,
                "OutlineColor": {
                  "G": 0,
                  "B": 0
                },
                "ShadowColor": {
                  "R": 110,
                  "G": 110,
                  "B": 110
                },
                "ShadowOffsetX": 2.0,
                "ShadowOffsetY": -2.0,
                "TouchEnable": true,
                "AnchorPoint": {},
                "Position": {
                  "X": 0.0,
                  "Y": 0.0
                },
                "Scale": {
                  "ScaleX": 1.0,
                  "ScaleY": 1.0
                },
                "CColor": {},
                "IconVisible": false,
                "PrePosition": {
                  "X": 0.0,
                  "Y": 0.0
                },
                "PreSize": {
                  "X": 1.0,
                  "Y": 1.0
                },
                "Tag": 378,
                "ActionTag": -1719095263,
                "Size": {
                  "X": 140.0,
                  "Y": 80.0
                },
                "Name": "btn",
                "ctype": "ButtonObjectData"
              },
              {
                "FileData": {
                  "Type": "MarkedSubImage",
                  "Path": "buttonUI/recast.png",
                  "Plist": "ButtonUI.plist"
                },
                "Scale9Width": 66,
                "Scale9Height": 34,
                "AnchorPoint": {
                  "ScaleX": 0.5,
                  "ScaleY": 0.5
                },
                "Position": {
                  "X": 75.1386,
                  "Y": 29.7939
                },
                "Scale": {
                  "ScaleX": 1.0,
                  "ScaleY": 1.0
                },
                "CColor": {},
                "IconVisible": false,
                "PrePosition": {
                  "X": 0.5367,
                  "Y": 0.3724
                },
                "PreSize": {
                  "X": 0.4714,
                  "Y": 0.425
                },
                "LeftMargin": 42.1386,
                "RightMargin": 31.8614,
                "TopMargin": 33.2061,
                "BottomMargin": 12.7939,
                "Tag": 380,
                "ActionTag": -314182234,
                "Size": {
                  "X": 66.0,
                  "Y": 34.0
                },
                "Name": "re_text",
                "ctype": "ImageViewObjectData"
              },
              {
                "LabelText": "999",
                "LabelBMFontFile_CNB": {
                  "Type": "Normal",
                  "Path": "font/white14-export.fnt",
                  "Plist": ""
                },
                "AnchorPoint": {
                  "ScaleX": 0.5,
                  "ScaleY": 0.5
                },
                "Position": {
                  "X": 84.4184,
                  "Y": 54.9871
                },
                "Scale": {
                  "ScaleX": 1.0,
                  "ScaleY": 1.0
                },
                "CColor": {
                  "B": 0
                },
                "IconVisible": false,
                "PrePosition": {
                  "X": 0.603,
                  "Y": 0.6873
                },
                "PreSize": {
                  "X": 0.35,
                  "Y": 0.225
                },
                "LeftMargin": 59.9184,
                "RightMargin": 31.0816,
                "TopMargin": 16.0129,
                "BottomMargin": 45.9871,
                "CallBackType": "Click",
                "Tag": 181,
                "ActionTag": 1297891292,
                "Size": {
                  "X": 49.0,
                  "Y": 18.0
                },
                "Name": "text_yellow",
                "ctype": "TextBMFontObjectData"
              },
              {
                "FileData": {
                  "Type": "MarkedSubImage",
                  "Path": "heroUI/diamond.png",
                  "Plist": "HeroUI.plist"
                },
                "Scale9Width": 40,
                "Scale9Height": 40,
                "AnchorPoint": {},
                "Position": {
                  "X": 36.8695,
                  "Y": 46.8195
                },
                "Scale": {
                  "ScaleX": 1.0,
                  "ScaleY": 1.0
                },
                "CColor": {},
                "IconVisible": false,
                "PrePosition": {
                  "X": 0.2634,
                  "Y": 0.5852
                },
                "PreSize": {
                  "X": 0.1071,
                  "Y": 0.1875
                },
                "LeftMargin": 36.8695,
                "RightMargin": 88.1305,
                "TopMargin": 18.1805,
                "BottomMargin": 46.8195,
                "Tag": 381,
                "ActionTag": -755236331,
                "Size": {
                  "X": 15.0,
                  "Y": 15.0
                },
                "Name": "diamond_icon",
                "ctype": "ImageViewObjectData"
              },
              {
                "FileData": {
                  "Type": "MarkedSubImage",
                  "Path": "equipUI/relic.png",
                  "Plist": "EquipUI.plist"
                },
                "Scale9Width": 40,
                "Scale9Height": 40,
                "AnchorPoint": {},
                "Position": {
                  "X": 36.8743,
                  "Y": 46.7395
                },
                "Scale": {
                  "ScaleX": 1.0,
                  "ScaleY": 1.0
                },
                "CColor": {},
                "IconVisible": false,
                "PrePosition": {
                  "X": 0.2634,
                  "Y": 0.5842
                },
                "PreSize": {
                  "X": 0.1071,
                  "Y": 0.1875
                },
                "LeftMargin": 36.8743,
                "RightMargin": 88.1257,
                "TopMargin": 18.2605,
                "BottomMargin": 46.7395,
                "Tag": 382,
                "ActionTag": 474323066,
                "Size": {
                  "X": 15.0,
                  "Y": 15.0
                },
                "Name": "relic_icon",
                "ctype": "ImageViewObjectData"
              }
            ],
            "ActionTag": -3336133,
            "Size": {
              "X": 140.0,
              "Y": 80.0
            },
            "Name": "btn",
            "ctype": "PanelObjectData"
          }
        ],
        "Size": {
          "X": 140.0,
          "Y": 80.0
        },
        "Name": "Layer",
        "ctype": "LayerObjectData"
      },
      "UsedResources": [
        "ButtonUI.plist",
        "ButtonUI.png",
        "EquipUI.plist",
        "EquipUI.png",
        "font/white14-export.fnt",
        "font/white14-export.png",
        "HeroUI.plist",
        "HeroUI.png"
      ],
      "ctype": "GameFileData"
    }
  },
  "Type": "Layer"
}