{
  "ID": "c0f7928b-3aaa-4d46-b30c-3705de3a6d7e",
  "Version": "2.3.3.0",
  "Name": "Btn_Upgrade1",
  "Content": {
    "Content": {
      "Animation": {
        "Duration": 0,
        "Speed": 1.0,
        "Timelines": [],
        "ctype": "TimelineActionData"
      },
      "AnimationList": [],
      "ObjectData": {
        "Tag": 75,
        "Children": [
          {
            "BackColorAlpha": 102,
            "SingleColor": {
              "R": 150,
              "G": 200
            },
            "FirstColor": {
              "R": 150,
              "G": 200
            },
            "EndColor": {},
            "ColorVector": {
              "ScaleY": 1.0
            },
            "Scale9Width": 1,
            "Scale9Height": 1,
            "TouchEnable": true,
            "AnchorPoint": {},
            "Position": {
              "X": 0.0,
              "Y": 0.0
            },
            "Scale": {
              "ScaleX": 1.0,
              "ScaleY": 1.0
            },
            "CColor": {},
            "IconVisible": false,
            "PrePosition": {
              "X": 0.0,
              "Y": 0.0
            },
            "PreSize": {
              "X": 1.0,
              "Y": 1.0
            },
            "Tag": 226,
            "Children": [
              {
                "FontSize": 14,
                "ButtonText": "",
                "TextColor": {
                  "R": 65,
                  "G": 65,
                  "B": 70
                },
                "DisabledFileData": {
                  "Type": "MarkedSubImage",
                  "Path": "heroUI/btn2.png",
                  "Plist": "HeroUI.plist"
                },
                "PressedFileData": {
                  "Type": "MarkedSubImage",
                  "Path": "heroUI/btn1.png",
                  "Plist": "HeroUI.plist"
                },
                "NormalFileData": {
                  "Type": "MarkedSubImage",
                  "Path": "heroUI/btn1.png",
                  "Plist": "HeroUI.plist"
                },
                "Scale9Enable": true,
                "Scale9OriginX": 15,
                "Scale9OriginY": 11,
                "Scale9Width": 110,
                "Scale9Height": 58,
                "OutlineColor": {
                  "G": 0,
                  "B": 0
                },
                "ShadowColor": {
                  "R": 110,
                  "G": 110,
                  "B": 110
                },
                "ShadowOffsetX": 2.0,
                "ShadowOffsetY": -2.0,
                "TouchEnable": true,
                "AnchorPoint": {},
                "Position": {
                  "X": 0.0,
                  "Y": 0.0
                },
                "Scale": {
                  "ScaleX": 1.0,
                  "ScaleY": 1.0
                },
                "CColor": {},
                "IconVisible": false,
                "PrePosition": {
                  "X": 0.0,
                  "Y": 0.0
                },
                "PreSize": {
                  "X": 1.0,
                  "Y": 1.0
                },
                "Tag": 227,
                "ActionTag": 745304776,
                "Size": {
                  "X": 140.0,
                  "Y": 80.0
                },
                "Name": "btn",
                "ctype": "ButtonObjectData"
              },
              {
                "IsCustomSize": true,
                "FontSize": 12,
                "LabelText": "生命值",
                "HorizontalAlignmentType": "HT_Center",
                "VerticalAlignmentType": "VT_Center",
                "OutlineColor": {
                  "G": 0,
                  "B": 0
                },
                "ShadowColor": {
                  "R": 110,
                  "G": 110,
                  "B": 110
                },
                "ShadowOffsetX": 2.0,
                "ShadowOffsetY": -2.0,
                "AnchorPoint": {
                  "ScaleX": 0.5,
                  "ScaleY": 0.5
                },
                "Position": {
                  "X": 72.0484,
                  "Y": 41.0
                },
                "Scale": {
                  "ScaleX": 1.0,
                  "ScaleY": 1.0
                },
                "CColor": {
                  "R": 33,
                  "G": 233,
                  "B": 21
                },
                "IconVisible": false,
                "PrePosition": {
                  "X": 0.5146,
                  "Y": 0.5125
                },
                "PreSize": {
                  "X": 0.7143,
                  "Y": 0.225
                },
                "LeftMargin": 22.0484,
                "RightMargin": 17.9516,
                "TopMargin": 30.0,
                "BottomMargin": 32.0,
                "Tag": 229,
                "ActionTag": 1603274551,
                "Size": {
                  "X": 100.0,
                  "Y": 18.0
                },
                "Name": "buff_text",
                "ctype": "TextObjectData"
              },
              {
                "LabelText": "9999",
                "LabelBMFontFile_CNB": {
                  "Type": "Normal",
                  "Path": "font/white14-export.fnt",
                  "Plist": ""
                },
                "AnchorPoint": {
                  "ScaleX": 0.5,
                  "ScaleY": 0.5
                },
                "Position": {
                  "X": 78.3791,
                  "Y": 62.1556
                },
                "Scale": {
                  "ScaleX": 1.0,
                  "ScaleY": 1.0
                },
                "CColor": {
                  "B": 0
                },
                "IconVisible": false,
                "PrePosition": {
                  "X": 0.5599,
                  "Y": 0.7769
                },
                "PreSize": {
                  "X": 0.4643,
                  "Y": 0.225
                },
                "LeftMargin": 45.8791,
                "RightMargin": 29.1209,
                "TopMargin": 8.8444,
                "BottomMargin": 53.1556,
                "Tag": 128,
                "ActionTag": -699834057,
                "Size": {
                  "X": 65.0,
                  "Y": 18.0
                },
                "Name": "text_yellow",
                "ctype": "TextBMFontObjectData"
              },
              {
                "FileData": {
                  "Type": "MarkedSubImage",
                  "Path": "equipUI/relic.png",
                  "Plist": "EquipUI.plist"
                },
                "Scale9Width": 40,
                "Scale9Height": 40,
                "AnchorPoint": {},
                "Position": {
                  "X": 27.7107,
                  "Y": 54.4139
                },
                "Scale": {
                  "ScaleX": 1.0,
                  "ScaleY": 1.0
                },
                "CColor": {},
                "IconVisible": false,
                "PrePosition": {
                  "X": 0.1979,
                  "Y": 0.6802
                },
                "PreSize": {
                  "X": 0.1071,
                  "Y": 0.1875
                },
                "LeftMargin": 27.7107,
                "RightMargin": 97.2893,
                "TopMargin": 10.5861,
                "BottomMargin": 54.4139,
                "Tag": 393,
                "ActionTag": -1792450231,
                "Size": {
                  "X": 15.0,
                  "Y": 15.0
                },
                "Name": "icon",
                "ctype": "ImageViewObjectData"
              },
              {
                "LabelText": "+99.6%",
                "LabelBMFontFile_CNB": {
                  "Type": "Normal",
                  "Path": "font/white14-export.fnt",
                  "Plist": ""
                },
                "AnchorPoint": {
                  "ScaleX": 0.5,
                  "ScaleY": 0.5
                },
                "Position": {
                  "X": 71.4442,
                  "Y": 21.9834
                },
                "Scale": {
                  "ScaleX": 1.0,
                  "ScaleY": 1.0
                },
                "CColor": {
                  "R": 42,
                  "G": 241,
                  "B": 21
                },
                "IconVisible": false,
                "PrePosition": {
                  "X": 0.5103,
                  "Y": 0.2748
                },
                "PreSize": {
                  "X": 0.6071,
                  "Y": 0.225
                },
                "LeftMargin": 28.9442,
                "RightMargin": 26.0558,
                "TopMargin": 49.0166,
                "BottomMargin": 12.9834,
                "Tag": 348,
                "ActionTag": 716730375,
                "Size": {
                  "X": 85.0,
                  "Y": 18.0
                },
                "Name": "buffNum_text",
                "ctype": "TextBMFontObjectData"
              }
            ],
            "ActionTag": -920099854,
            "Size": {
              "X": 140.0,
              "Y": 80.0
            },
            "Name": "btn",
            "ctype": "PanelObjectData"
          }
        ],
        "Size": {
          "X": 140.0,
          "Y": 80.0
        },
        "Name": "Layer",
        "ctype": "LayerObjectData"
      },
      "UsedResources": [
        "EquipUI.plist",
        "EquipUI.png",
        "font/white14-export.fnt",
        "font/white14-export.png",
        "HeroUI.plist",
        "HeroUI.png"
      ],
      "ctype": "GameFileData"
    }
  },
  "Type": "Layer"
}