{
  "ID": "c882f736-082e-45a5-a43b-bfc831c2917e",
  "Version": "2.3.3.0",
  "Name": "Btn_Buy",
  "Content": {
    "Content": {
      "Animation": {
        "Duration": 0,
        "Speed": 1.0,
        "Timelines": [],
        "ctype": "TimelineActionData"
      },
      "AnimationList": [],
      "ObjectData": {
        "Tag": 77,
        "Children": [
          {
            "BackColorAlpha": 102,
            "SingleColor": {
              "R": 150,
              "G": 200
            },
            "FirstColor": {
              "R": 150,
              "G": 200
            },
            "EndColor": {},
            "ColorVector": {
              "ScaleY": 1.0
            },
            "Scale9Width": 1,
            "Scale9Height": 1,
            "TouchEnable": true,
            "AnchorPoint": {},
            "Position": {
              "X": 0.0,
              "Y": 0.0
            },
            "Scale": {
              "ScaleX": 1.0,
              "ScaleY": 1.0
            },
            "CColor": {},
            "IconVisible": false,
            "PrePosition": {
              "X": 0.0,
              "Y": 0.0
            },
            "PreSize": {
              "X": 1.0,
              "Y": 1.0
            },
            "Tag": 80,
            "Children": [
              {
                "FontSize": 14,
                "ButtonText": "",
                "TextColor": {
                  "R": 65,
                  "G": 65,
                  "B": 70
                },
                "DisabledFileData": {
                  "Type": "MarkedSubImage",
                  "Path": "equipUI/btn2.png",
                  "Plist": "EquipUI.plist"
                },
                "PressedFileData": {
                  "Type": "MarkedSubImage",
                  "Path": "equipUI/btn1.png",
                  "Plist": "EquipUI.plist"
                },
                "NormalFileData": {
                  "Type": "MarkedSubImage",
                  "Path": "equipUI/btn1.png",
                  "Plist": "EquipUI.plist"
                },
                "Scale9Enable": true,
                "Scale9OriginX": 15,
                "Scale9OriginY": 11,
                "Scale9Width": 110,
                "Scale9Height": 58,
                "OutlineColor": {
                  "G": 0,
                  "B": 0
                },
                "ShadowColor": {
                  "R": 110,
                  "G": 110,
                  "B": 110
                },
                "ShadowOffsetX": 2.0,
                "ShadowOffsetY": -2.0,
                "TouchEnable": true,
                "AnchorPoint": {},
                "Position": {
                  "X": 0.0,
                  "Y": 0.0
                },
                "Scale": {
                  "ScaleX": 1.0,
                  "ScaleY": 1.0
                },
                "CColor": {},
                "IconVisible": false,
                "PrePosition": {
                  "X": 0.0,
                  "Y": 0.0
                },
                "PreSize": {
                  "X": 1.0,
                  "Y": 1.0
                },
                "Tag": 207,
                "ActionTag": 1372215422,
                "Size": {
                  "X": 140.0,
                  "Y": 80.0
                },
                "Name": "btn",
                "ctype": "ButtonObjectData"
              },
              {
                "LabelText": "999",
                "LabelBMFontFile_CNB": {
                  "Type": "Normal",
                  "Path": "font/white14-export.fnt",
                  "Plist": ""
                },
                "AnchorPoint": {
                  "ScaleX": 0.5,
                  "ScaleY": 0.5
                },
                "Position": {
                  "X": 82.6469,
                  "Y": 58.678
                },
                "Scale": {
                  "ScaleX": 1.0,
                  "ScaleY": 1.0
                },
                "CColor": {
                  "B": 0
                },
                "IconVisible": false,
                "PrePosition": {
                  "X": 0.5903,
                  "Y": 0.7335
                },
                "PreSize": {
                  "X": 0.35,
                  "Y": 0.225
                },
                "LeftMargin": 58.1469,
                "RightMargin": 32.8531,
                "TopMargin": 12.322,
                "BottomMargin": 49.678,
                "CallBackType": "Click",
                "Tag": 111,
                "ActionTag": 2062417790,
                "Size": {
                  "X": 49.0,
                  "Y": 18.0
                },
                "Name": "text_yellow",
                "ctype": "TextBMFontObjectData"
              },
              {
                "FileData": {
                  "Type": "MarkedSubImage",
                  "Path": "buttonUI/buy.png",
                  "Plist": "ButtonUI.plist"
                },
                "Scale9Width": 66,
                "Scale9Height": 34,
                "AnchorPoint": {
                  "ScaleX": 0.5,
                  "ScaleY": 0.5
                },
                "Position": {
                  "X": 75.0,
                  "Y": 25.0
                },
                "Scale": {
                  "ScaleX": 1.0,
                  "ScaleY": 1.0
                },
                "CColor": {},
                "IconVisible": false,
                "PrePosition": {
                  "X": 0.5357,
                  "Y": 0.3125
                },
                "PreSize": {
                  "X": 0.4714,
                  "Y": 0.425
                },
                "LeftMargin": 42.0,
                "RightMargin": 32.0,
                "TopMargin": 38.0,
                "BottomMargin": 8.0,
                "Tag": 208,
                "ActionTag": -128763978,
                "Size": {
                  "X": 66.0,
                  "Y": 34.0
                },
                "Name": "buy_text",
                "ctype": "ImageViewObjectData"
              },
              {
                "FileData": {
                  "Type": "MarkedSubImage",
                  "Path": "equipUI/relic.png",
                  "Plist": "EquipUI.plist"
                },
                "Scale9Width": 40,
                "Scale9Height": 40,
                "AnchorPoint": {},
                "Position": {
                  "X": 35.0,
                  "Y": 50.0
                },
                "Scale": {
                  "ScaleX": 1.0,
                  "ScaleY": 1.0
                },
                "CColor": {},
                "IconVisible": false,
                "PrePosition": {
                  "X": 0.25,
                  "Y": 0.625
                },
                "PreSize": {
                  "X": 0.1071,
                  "Y": 0.1875
                },
                "LeftMargin": 35.0,
                "RightMargin": 90.0,
                "TopMargin": 15.0,
                "BottomMargin": 50.0,
                "Tag": 209,
                "ActionTag": -2098155497,
                "Size": {
                  "X": 15.0,
                  "Y": 15.0
                },
                "Name": "relic_icon",
                "ctype": "ImageViewObjectData"
              },
              {
                "FileData": {
                  "Type": "MarkedSubImage",
                  "Path": "heroUI/diamond.png",
                  "Plist": "HeroUI.plist"
                },
                "Scale9Width": 40,
                "Scale9Height": 40,
                "AnchorPoint": {},
                "Position": {
                  "X": 35.0,
                  "Y": 50.0
                },
                "Scale": {
                  "ScaleX": 1.0,
                  "ScaleY": 1.0
                },
                "CColor": {},
                "IconVisible": false,
                "PrePosition": {
                  "X": 0.25,
                  "Y": 0.625
                },
                "PreSize": {
                  "X": 0.1071,
                  "Y": 0.1875
                },
                "LeftMargin": 35.0,
                "RightMargin": 90.0,
                "TopMargin": 15.0,
                "BottomMargin": 50.0,
                "Tag": 210,
                "ActionTag": -119343970,
                "Size": {
                  "X": 15.0,
                  "Y": 15.0
                },
                "Name": "diamond_icon",
                "ctype": "ImageViewObjectData"
              }
            ],
            "ActionTag": -315914732,
            "Size": {
              "X": 140.0,
              "Y": 80.0
            },
            "Name": "btn",
            "ctype": "PanelObjectData"
          }
        ],
        "Size": {
          "X": 140.0,
          "Y": 80.0
        },
        "Name": "Layer",
        "ctype": "LayerObjectData"
      },
      "UsedResources": [
        "ButtonUI.plist",
        "ButtonUI.png",
        "EquipUI.plist",
        "EquipUI.png",
        "font/white14-export.fnt",
        "font/white14-export.png",
        "HeroUI.plist",
        "HeroUI.png"
      ],
      "ctype": "GameFileData"
    }
  },
  "Type": "Layer"
}