{
  "ID": "e6e15ee0-f847-4979-b176-a8f3330c8270",
  "Version": "2.3.3.0",
  "Name": "BuffList",
  "Content": {
    "Content": {
      "Animation": {
        "Duration": 0,
        "Speed": 1.0,
        "Timelines": [],
        "ctype": "TimelineActionData"
      },
      "AnimationList": [],
      "ObjectData": {
        "Tag": 129,
        "Children": [
          {
            "BackColorAlpha": 102,
            "SingleColor": {
              "R": 150,
              "G": 200
            },
            "FirstColor": {
              "R": 150,
              "G": 200
            },
            "EndColor": {},
            "ColorVector": {
              "ScaleY": 1.0
            },
            "TouchEnable": true,
            "AnchorPoint": {},
            "Position": {
              "X": 0.0,
              "Y": 0.0
            },
            "Scale": {
              "ScaleX": 1.0,
              "ScaleY": 1.0
            },
            "CColor": {},
            "IconVisible": false,
            "PrePosition": {
              "X": 0.0,
              "Y": 0.0
            },
            "PreSize": {
              "X": 1.0,
              "Y": 1.0
            },
            "Tag": 38,
            "ActionTag": -876322324,
            "Size": {
              "X": 190.0,
              "Y": 180.0
            },
            "Name": "buff_list",
            "ctype": "PanelObjectData"
          }
        ],
        "Size": {
          "X": 190.0,
          "Y": 180.0
        },
        "Name": "Layer",
        "ctype": "LayerObjectData"
      },
      "UsedResources": [],
      "ctype": "GameFileData"
    }
  },
  "Type": "Layer"
}