{
  "ID": "4da69715-811a-42e3-b726-6ef1acf92703",
  "Version": "2.3.3.0",
  "Name": "BuffTips",
  "Content": {
    "Content": {
      "Animation": {
        "Duration": 0,
        "Speed": 1.0,
        "Timelines": [],
        "ctype": "TimelineActionData"
      },
      "AnimationList": [],
      "ObjectData": {
        "Tag": 667,
        "Children": [
          {
            "BackColorAlpha": 102,
            "SingleColor": {
              "R": 150,
              "G": 200
            },
            "FirstColor": {
              "R": 150,
              "G": 200
            },
            "EndColor": {},
            "ColorVector": {
              "ScaleY": 1.0
            },
            "Scale9Width": 1,
            "Scale9Height": 1,
            "TouchEnable": true,
            "AnchorPoint": {},
            "Position": {
              "X": 0.0,
              "Y": 0.0
            },
            "Scale": {
              "ScaleX": 1.0,
              "ScaleY": 1.0
            },
            "CColor": {},
            "IconVisible": false,
            "PrePosition": {
              "X": 0.0,
              "Y": 0.0
            },
            "PreSize": {
              "X": 1.0,
              "Y": 1.0
            },
            "Tag": 668,
            "Children": [
              {
                "FileData": {
                  "Type": "Normal",
                  "Path": "mainUI/tips.png",
                  "Plist": ""
                },
                "Scale9Width": 180,
                "Scale9Height": 30,
                "AnchorPoint": {},
                "Position": {
                  "X": 0.0,
                  "Y": 0.0
                },
                "Scale": {
                  "ScaleX": 0.8,
                  "ScaleY": 0.8
                },
                "CColor": {},
                "IconVisible": false,
                "PrePosition": {
                  "X": 0.0,
                  "Y": 0.0
                },
                "PreSize": {
                  "X": 1.25,
                  "Y": 1.25
                },
                "RightMargin": -80.0,
                "TopMargin": -14.0,
                "Tag": 669,
                "ActionTag": 94567109,
                "Size": {
                  "X": 400.0,
                  "Y": 70.0
                },
                "Name": "bg",
                "ctype": "ImageViewObjectData"
              },
              {
                "FileData": {
                  "Type": "Normal",
                  "Path": "mainUI/tips_skill_buff.png",
                  "Plist": ""
                },
                "Scale9Width": 311,
                "Scale9Height": 42,
                "AnchorPoint": {
                  "ScaleX": 0.5,
                  "ScaleY": 0.5
                },
                "Position": {
                  "X": 162.2,
                  "Y": 28.0
                },
                "Scale": {
                  "ScaleX": 0.8,
                  "ScaleY": 0.8
                },
                "CColor": {},
                "IconVisible": false,
                "PrePosition": {
                  "X": 0.5069,
                  "Y": 0.5
                },
                "PreSize": {
                  "X": 0.9719,
                  "Y": 0.75
                },
                "LeftMargin": 6.7,
                "RightMargin": 2.3,
                "TopMargin": 7.0,
                "BottomMargin": 7.0,
                "Tag": 670,
                "ActionTag": -1036710942,
                "Size": {
                  "X": 311.0,
                  "Y": 42.0
                },
                "Name": "skill_buff_tips",
                "ctype": "ImageViewObjectData"
              }
            ],
            "ActionTag": 740471299,
            "Size": {
              "X": 320.0,
              "Y": 56.0
            },
            "Name": "root",
            "ctype": "PanelObjectData"
          }
        ],
        "Size": {
          "X": 320.0,
          "Y": 56.0
        },
        "Name": "Layer",
        "ctype": "LayerObjectData"
      },
      "UsedResources": [
        "mainUI/tips.png",
        "mainUI/tips_skill_buff.png"
      ],
      "ctype": "GameFileData"
    }
  },
  "Type": "Layer"
}