{
  "ID": "d9a58304-d2e1-43eb-beca-974a31338936",
  "Version": "2.3.3.0",
  "Name": "BuffLayer",
  "Content": {
    "Content": {
      "Animation": {
        "Duration": 0,
        "Speed": 1.0,
        "Timelines": [],
        "ctype": "TimelineActionData"
      },
      "AnimationList": [],
      "ObjectData": {
        "Tag": 192,
        "Children": [
          {
            "BackColorAlpha": 102,
            "SingleColor": {
              "R": 150,
              "G": 200
            },
            "FirstColor": {
              "R": 150,
              "G": 200
            },
            "EndColor": {},
            "ColorVector": {
              "ScaleY": 1.0
            },
            "Scale9Width": 1,
            "Scale9Height": 1,
            "TouchEnable": true,
            "AnchorPoint": {},
            "Position": {
              "X": 0.0,
              "Y": 0.0
            },
            "Scale": {
              "ScaleX": 1.0,
              "ScaleY": 1.0
            },
            "CColor": {},
            "IconVisible": false,
            "PrePosition": {
              "X": 0.0,
              "Y": 0.0
            },
            "PreSize": {
              "X": 1.0,
              "Y": 1.0
            },
            "Tag": 197,
            "Children": [
              {
                "FileData": {
                  "Type": "Normal",
                  "Path": "mainUI/empty.png",
                  "Plist": ""
                },
                "Scale9Width": 1,
                "Scale9Height": 1,
                "AnchorPoint": {},
                "Position": {
                  "X": 2.9328,
                  "Y": 4.7451
                },
                "Scale": {
                  "ScaleX": 1.0,
                  "ScaleY": 1.0
                },
                "CColor": {},
                "IconVisible": false,
                "PrePosition": {
                  "X": 0.0154,
                  "Y": 0.1582
                },
                "PreSize": {
                  "X": 0.1053,
                  "Y": 0.6667
                },
                "LeftMargin": 2.9328,
                "RightMargin": 167.0672,
                "TopMargin": 5.2549,
                "BottomMargin": 4.7451,
                "Tag": 198,
                "ActionTag": 204578689,
                "Size": {
                  "X": 20.0,
                  "Y": 20.0
                },
                "Name": "icon",
                "ctype": "ImageViewObjectData"
              },
              {
                "IsCustomSize": true,
                "FontSize": 20,
                "LabelText": "暴击倍率增加20%",
                "VerticalAlignmentType": "VT_Center",
                "OutlineColor": {
                  "G": 0,
                  "B": 0
                },
                "ShadowColor": {
                  "R": 110,
                  "G": 110,
                  "B": 110
                },
                "ShadowOffsetX": 2.0,
                "ShadowOffsetY": -2.0,
                "AnchorPoint": {},
                "Position": {
                  "X": 26.0671,
                  "Y": 4.7451
                },
                "Scale": {
                  "ScaleX": 1.0,
                  "ScaleY": 1.0
                },
                "CColor": {},
                "IconVisible": false,
                "PrePosition": {
                  "X": 0.1372,
                  "Y": 0.1582
                },
                "PreSize": {
                  "X": 0.6316,
                  "Y": 0.6667
                },
                "LeftMargin": 26.0671,
                "RightMargin": 43.9329,
                "TopMargin": 5.2549,
                "BottomMargin": 4.7451,
                "Tag": 199,
                "ActionTag": 432391139,
                "Size": {
                  "X": 120.0,
                  "Y": 20.0
                },
                "Name": "text",
                "ctype": "TextObjectData"
              },
              {
                "LabelText": "99",
                "LabelBMFontFile_CNB": {
                  "Type": "Normal",
                  "Path": "font/white10-export.fnt",
                  "Plist": ""
                },
                "AnchorPoint": {
                  "ScaleX": 0.5,
                  "ScaleY": 0.5
                },
                "Position": {
                  "X": 167.7698,
                  "Y": 15.8401
                },
                "Scale": {
                  "ScaleX": 1.0,
                  "ScaleY": 1.0
                },
                "CColor": {
                  "G": 0,
                  "B": 0
                },
                "IconVisible": false,
                "PrePosition": {
                  "X": 0.883,
                  "Y": 0.528
                },
                "PreSize": {
                  "X": 0.1526,
                  "Y": 0.6
                },
                "LeftMargin": 153.2698,
                "RightMargin": 7.7302,
                "TopMargin": 5.1599,
                "BottomMargin": 6.8401,
                "Tag": 886,
                "ActionTag": -2125556355,
                "Size": {
                  "X": 29.0,
                  "Y": 18.0
                },
                "Name": "time",
                "ctype": "TextBMFontObjectData"
              }
            ],
            "ActionTag": 2127845320,
            "Size": {
              "X": 190.0,
              "Y": 30.0
            },
            "Name": "root",
            "ctype": "PanelObjectData"
          }
        ],
        "Size": {
          "X": 190.0,
          "Y": 30.0
        },
        "Name": "Layer",
        "ctype": "LayerObjectData"
      },
      "UsedResources": [
        "font/white10-export.fnt",
        "font/white10-export.png",
        "mainUI/empty.png"
      ],
      "ctype": "GameFileData"
    }
  },
  "Type": "Layer"
}