{
  "ID": "0187d3a6-451f-42be-a4ec-6d3449a7da0c",
  "Version": "2.3.3.0",
  "Name": "CloseBtn",
  "Content": {
    "Content": {
      "Animation": {
        "Duration": 0,
        "Speed": 1.0,
        "Timelines": [],
        "ctype": "TimelineActionData"
      },
      "AnimationList": [],
      "ObjectData": {
        "Tag": 192,
        "Children": [
          {
            "BackColorAlpha": 102,
            "SingleColor": {
              "R": 150,
              "G": 200
            },
            "FirstColor": {
              "R": 150,
              "G": 200
            },
            "EndColor": {},
            "ColorVector": {
              "ScaleY": 1.0
            },
            "TouchEnable": true,
            "AnchorPoint": {},
            "Position": {
              "X": 0.0,
              "Y": 0.0
            },
            "Scale": {
              "ScaleX": 1.0,
              "ScaleY": 1.0
            },
            "CColor": {},
            "IconVisible": false,
            "PrePosition": {
              "X": 0.0,
              "Y": 0.0
            },
            "PreSize": {
              "X": 1.0,
              "Y": 1.0
            },
            "Tag": 193,
            "Children": [
              {
                "FontSize": 14,
                "ButtonText": "",
                "TextColor": {
                  "R": 65,
                  "G": 65,
                  "B": 70
                },
                "DisabledFileData": {
                  "Type": "MarkedSubImage",
                  "Path": "heroDescUI/close_icon.png",
                  "Plist": "HeroDescUI.plist"
                },
                "PressedFileData": {
                  "Type": "MarkedSubImage",
                  "Path": "heroDescUI/close_icon.png",
                  "Plist": "HeroDescUI.plist"
                },
                "NormalFileData": {
                  "Type": "MarkedSubImage",
                  "Path": "heroDescUI/close_icon.png",
                  "Plist": "HeroDescUI.plist"
                },
                "Scale9Enable": true,
                "Scale9OriginX": 15,
                "Scale9OriginY": 11,
                "Scale9Width": 26,
                "Scale9Height": 36,
                "OutlineColor": {
                  "G": 0,
                  "B": 0
                },
                "ShadowColor": {
                  "R": 110,
                  "G": 110,
                  "B": 110
                },
                "ShadowOffsetX": 2.0,
                "ShadowOffsetY": -2.0,
                "TouchEnable": true,
                "AnchorPoint": {},
                "Position": {
                  "X": 0.0,
                  "Y": 0.0
                },
                "Scale": {
                  "ScaleX": 1.0,
                  "ScaleY": 1.0
                },
                "CColor": {},
                "IconVisible": false,
                "PrePosition": {
                  "X": 0.0,
                  "Y": 0.0
                },
                "PreSize": {
                  "X": 1.0,
                  "Y": 1.0
                },
                "Tag": 194,
                "ActionTag": -1590414042,
                "Size": {
                  "X": 56.0,
                  "Y": 58.0
                },
                "Name": "close",
                "ctype": "ButtonObjectData"
              }
            ],
            "ActionTag": -1892927410,
            "Size": {
              "X": 56.0,
              "Y": 58.0
            },
            "Name": "root",
            "ctype": "PanelObjectData"
          }
        ],
        "Size": {
          "X": 56.0,
          "Y": 58.0
        },
        "Name": "Layer",
        "ctype": "LayerObjectData"
      },
      "UsedResources": [
        "HeroDescUI.plist",
        "HeroDescUI.png"
      ],
      "ctype": "GameFileData"
    }
  },
  "Type": "Layer"
}