{
  "ID": "6b29eb05-6146-4214-a918-3ec5c325181d",
  "Version": "2.3.3.0",
  "Name": "EnemyList",
  "Content": {
    "Content": {
      "Animation": {
        "Duration": 0,
        "Speed": 1.0,
        "Timelines": [],
        "ctype": "TimelineActionData"
      },
      "AnimationList": [],
      "ObjectData": {
        "Tag": 120,
        "Children": [
          {
            "BackColorAlpha": 102,
            "SingleColor": {
              "R": 150,
              "G": 200
            },
            "FirstColor": {
              "R": 150,
              "G": 200
            },
            "EndColor": {},
            "ColorVector": {
              "ScaleY": 1.0
            },
            "Scale9Width": 1,
            "Scale9Height": 1,
            "TouchEnable": true,
            "AnchorPoint": {},
            "Position": {
              "X": 0.0,
              "Y": 0.0
            },
            "Scale": {
              "ScaleX": 1.0,
              "ScaleY": 1.0
            },
            "CColor": {},
            "IconVisible": false,
            "PrePosition": {
              "X": 0.0,
              "Y": 0.0
            },
            "PreSize": {
              "X": 1.0,
              "Y": 1.0
            },
            "Tag": 80,
            "Children": [
              {
                "FileData": {
                  "Type": "Normal",
                  "Path": "mainUI/title_bg3.png",
                  "Plist": ""
                },
                "Scale9Width": 180,
                "Scale9Height": 69,
                "AnchorPoint": {},
                "Position": {
                  "X": 0.0,
                  "Y": 0.0
                },
                "Scale": {
                  "ScaleX": 1.0,
                  "ScaleY": 1.0
                },
                "CColor": {},
                "IconVisible": false,
                "PrePosition": {
                  "X": 0.0,
                  "Y": 0.0
                },
                "PreSize": {
                  "X": 1.0,
                  "Y": 1.0
                },
                "Tag": 81,
                "ActionTag": -59102711,
                "Size": {
                  "X": 380.0,
                  "Y": 120.0
                },
                "Name": "bg",
                "ctype": "ImageViewObjectData"
              },
              {
                "FileData": {
                  "Type": "Normal",
                  "Path": "mainUI/empty.png",
                  "Plist": ""
                },
                "Scale9Width": 1,
                "Scale9Height": 1,
                "AnchorPoint": {
                  "ScaleX": 0.5,
                  "ScaleY": 0.5
                },
                "Position": {
                  "X": 101.088,
                  "Y": 66.5907
                },
                "Scale": {
                  "ScaleX": 0.8,
                  "ScaleY": 0.8
                },
                "CColor": {},
                "IconVisible": false,
                "PrePosition": {
                  "X": 0.266,
                  "Y": 0.5549
                },
                "PreSize": {
                  "X": 0.1579,
                  "Y": 0.5
                },
                "LeftMargin": 71.088,
                "RightMargin": 248.912,
                "TopMargin": 23.4093,
                "BottomMargin": 36.5907,
                "Tag": 122,
                "ActionTag": -1128263822,
                "Size": {
                  "X": 60.0,
                  "Y": 60.0
                },
                "Name": "enemy_icon1",
                "ctype": "ImageViewObjectData"
              },
              {
                "FileData": {
                  "Type": "Normal",
                  "Path": "mainUI/empty.png",
                  "Plist": ""
                },
                "Scale9Width": 1,
                "Scale9Height": 1,
                "AnchorPoint": {
                  "ScaleX": 0.3836,
                  "ScaleY": -1.2036
                },
                "Position": {
                  "X": 179.4764,
                  "Y": -33.3445
                },
                "Scale": {
                  "ScaleX": 1.0,
                  "ScaleY": 1.0
                },
                "CColor": {},
                "IconVisible": false,
                "PrePosition": {
                  "X": 0.4723,
                  "Y": -0.2779
                },
                "PreSize": {
                  "X": 0.1579,
                  "Y": 0.5
                },
                "LeftMargin": 156.4604,
                "RightMargin": 163.5396,
                "TopMargin": 21.1285,
                "BottomMargin": 38.8715,
                "Tag": 448,
                "ActionTag": 646832987,
                "Size": {
                  "X": 60.0,
                  "Y": 60.0
                },
                "Name": "enemy_icon2",
                "ctype": "ImageViewObjectData"
              },
              {
                "FileData": {
                  "Type": "Normal",
                  "Path": "mainUI/empty.png",
                  "Plist": ""
                },
                "Scale9Width": 1,
                "Scale9Height": 1,
                "AnchorPoint": {
                  "ScaleX": 0.5,
                  "ScaleY": 0.5
                },
                "Position": {
                  "X": 274.6069,
                  "Y": 66.5907
                },
                "Scale": {
                  "ScaleX": 0.8,
                  "ScaleY": 0.8
                },
                "CColor": {},
                "IconVisible": false,
                "PrePosition": {
                  "X": 0.7226,
                  "Y": 0.5549
                },
                "PreSize": {
                  "X": 0.1579,
                  "Y": 0.5
                },
                "LeftMargin": 244.6069,
                "RightMargin": 75.3931,
                "TopMargin": 23.4093,
                "BottomMargin": 36.5907,
                "Tag": 123,
                "ActionTag": -1787543863,
                "Size": {
                  "X": 60.0,
                  "Y": 60.0
                },
                "Name": "enemy_icon3",
                "ctype": "ImageViewObjectData"
              },
              {
                "FileData": {
                  "Type": "Normal",
                  "Path": "mainUI/star0.png",
                  "Plist": ""
                },
                "Scale9Width": 24,
                "Scale9Height": 15,
                "AnchorPoint": {
                  "ScaleX": 0.5,
                  "ScaleY": 0.5
                },
                "Position": {
                  "X": 141.5348,
                  "Y": 66.4626
                },
                "Scale": {
                  "ScaleX": 1.0,
                  "ScaleY": 1.0
                },
                "CColor": {},
                "IconVisible": false,
                "PrePosition": {
                  "X": 0.3725,
                  "Y": 0.5539
                },
                "PreSize": {
                  "X": 0.0632,
                  "Y": 0.125
                },
                "LeftMargin": 129.5348,
                "RightMargin": 226.4652,
                "TopMargin": 46.0374,
                "BottomMargin": 58.9626,
                "Tag": 82,
                "ActionTag": -1713824939,
                "Size": {
                  "X": 24.0,
                  "Y": 15.0
                },
                "Name": "star1",
                "ctype": "ImageViewObjectData"
              },
              {
                "FileData": {
                  "Type": "Normal",
                  "Path": "mainUI/star0.png",
                  "Plist": ""
                },
                "Scale9Width": 24,
                "Scale9Height": 15,
                "AnchorPoint": {
                  "ScaleX": 0.5,
                  "ScaleY": 0.5
                },
                "Position": {
                  "X": 233.4807,
                  "Y": 66.4626
                },
                "Scale": {
                  "ScaleX": 1.0,
                  "ScaleY": 1.0
                },
                "CColor": {},
                "IconVisible": false,
                "PrePosition": {
                  "X": 0.6144,
                  "Y": 0.5539
                },
                "PreSize": {
                  "X": 0.0632,
                  "Y": 0.125
                },
                "LeftMargin": 221.4807,
                "RightMargin": 134.5193,
                "TopMargin": 46.0374,
                "BottomMargin": 58.9626,
                "Tag": 83,
                "ActionTag": 1078987455,
                "Size": {
                  "X": 24.0,
                  "Y": 15.0
                },
                "Name": "star2",
                "ctype": "ImageViewObjectData"
              },
              {
                "LabelText": "",
                "LabelBMFontFile_CNB": {
                  "Type": "Normal",
                  "Path": "font/white14-export.fnt",
                  "Plist": ""
                },
                "AnchorPoint": {
                  "ScaleX": 0.5,
                  "ScaleY": 0.5
                },
                "Position": {
                  "X": 102.0,
                  "Y": 34.8646
                },
                "Scale": {
                  "ScaleX": 1.0,
                  "ScaleY": 1.0
                },
                "CColor": {},
                "IconVisible": false,
                "PrePosition": {
                  "X": 0.2684,
                  "Y": 0.2905
                },
                "PreSize": {
                  "X": 0.0,
                  "Y": 0.0
                },
                "LeftMargin": 102.0,
                "RightMargin": 278.0,
                "TopMargin": 85.1354,
                "BottomMargin": 34.8646,
                "Tag": 71,
                "ActionTag": -2141386895,
                "Size": {
                  "X": 0.0,
                  "Y": 0.0
                },
                "Name": "level_text1",
                "ctype": "TextBMFontObjectData"
              },
              {
                "LabelText": "9999",
                "LabelBMFontFile_CNB": {
                  "Type": "Normal",
                  "Path": "font/white14-export.fnt",
                  "Plist": ""
                },
                "AnchorPoint": {
                  "ScaleX": 0.5,
                  "ScaleY": 0.5
                },
                "Position": {
                  "X": 186.2837,
                  "Y": 31.2609
                },
                "Scale": {
                  "ScaleX": 1.0,
                  "ScaleY": 1.0
                },
                "CColor": {
                  "R": 18,
                  "G": 245,
                  "B": 75
                },
                "IconVisible": false,
                "PrePosition": {
                  "X": 0.4902,
                  "Y": 0.2605
                },
                "PreSize": {
                  "X": 0.1711,
                  "Y": 0.15
                },
                "LeftMargin": 153.7837,
                "RightMargin": 161.2163,
                "TopMargin": 79.7391,
                "BottomMargin": 22.2609,
                "CallBackType": "Click",
                "Tag": 72,
                "ActionTag": -2083267184,
                "Size": {
                  "X": 65.0,
                  "Y": 18.0
                },
                "Name": "level_text2",
                "ctype": "TextBMFontObjectData"
              },
              {
                "LabelText": "9999",
                "LabelBMFontFile_CNB": {
                  "Type": "Normal",
                  "Path": "font/white14-export.fnt",
                  "Plist": ""
                },
                "AnchorPoint": {
                  "ScaleX": 0.5,
                  "ScaleY": 0.5
                },
                "Position": {
                  "X": 272.4129,
                  "Y": 34.8646
                },
                "Scale": {
                  "ScaleX": 1.0,
                  "ScaleY": 1.0
                },
                "CColor": {},
                "IconVisible": false,
                "PrePosition": {
                  "X": 0.7169,
                  "Y": 0.2905
                },
                "PreSize": {
                  "X": 0.1711,
                  "Y": 0.15
                },
                "LeftMargin": 239.9129,
                "RightMargin": 75.0871,
                "TopMargin": 76.1354,
                "BottomMargin": 25.8646,
                "Tag": 73,
                "ActionTag": 2081213370,
                "Size": {
                  "X": 65.0,
                  "Y": 18.0
                },
                "Name": "level_text3",
                "ctype": "TextBMFontObjectData"
              }
            ],
            "ActionTag": 848611792,
            "Size": {
              "X": 380.0,
              "Y": 120.0
            },
            "Name": "root",
            "ctype": "PanelObjectData"
          }
        ],
        "Size": {
          "X": 380.0,
          "Y": 120.0
        },
        "Name": "Layer",
        "ctype": "LayerObjectData"
      },
      "UsedResources": [
        "font/white14-export.fnt",
        "font/white14-export.png",
        "mainUI/empty.png",
        "mainUI/star0.png",
        "mainUI/title_bg3.png"
      ],
      "ctype": "GameFileData"
    }
  },
  "Type": "Layer"
}