{
  "ID": "6129347d-6e44-40ea-98b2-4ceb23ecdf1f",
  "Version": "2.3.3.0",
  "Name": "Equiplayer",
  "Content": {
    "Content": {
      "Animation": {
        "Duration": 0,
        "Speed": 1.0,
        "Timelines": [],
        "ctype": "TimelineActionData"
      },
      "AnimationList": [],
      "ObjectData": {
        "Tag": 202,
        "Children": [
          {
            "BackColorAlpha": 102,
            "SingleColor": {
              "R": 150,
              "G": 200
            },
            "FirstColor": {
              "R": 150,
              "G": 200
            },
            "EndColor": {},
            "ColorVector": {
              "ScaleY": 1.0
            },
            "Scale9Width": 1,
            "Scale9Height": 1,
            "TouchEnable": true,
            "AnchorPoint": {},
            "Position": {
              "X": 0.0,
              "Y": 0.0
            },
            "Scale": {
              "ScaleX": 1.0,
              "ScaleY": 1.0
            },
            "CColor": {},
            "IconVisible": false,
            "PrePosition": {
              "X": 0.0,
              "Y": 0.0
            },
            "PreSize": {
              "X": 1.0,
              "Y": 1.0
            },
            "Tag": 267,
            "Children": [
              {
                "FileData": {
                  "Type": "MarkedSubImage",
                  "Path": "equipUI/bg.png",
                  "Plist": "EquipUI.plist"
                },
                "Scale9Enable": true,
                "Scale9OriginX": 25,
                "Scale9OriginY": 25,
                "Scale9Width": 28,
                "Scale9Height": 28,
                "AnchorPoint": {},
                "Position": {
                  "X": 0.0,
                  "Y": 0.0
                },
                "Scale": {
                  "ScaleX": 1.0,
                  "ScaleY": 1.0
                },
                "CColor": {},
                "IconVisible": false,
                "PrePosition": {
                  "X": 0.0,
                  "Y": 0.0
                },
                "PreSize": {
                  "X": 1.0,
                  "Y": 1.0
                },
                "Tag": 203,
                "ActionTag": 872754748,
                "Size": {
                  "X": 640.0,
                  "Y": 500.0
                },
                "Name": "equip_bg",
                "ctype": "ImageViewObjectData"
              },
              {
                "DirectionType": "Vertical",
                "HorizontalType": "Align_Right",
                "IsBounceEnabled": true,
                "ScrollDirectionType": 0,
                "ClipAble": true,
                "BackColorAlpha": 102,
                "SingleColor": {
                  "R": 150,
                  "G": 150
                },
                "FirstColor": {
                  "R": 150,
                  "G": 150
                },
                "EndColor": {},
                "ColorVector": {
                  "ScaleY": 1.0
                },
                "Scale9Width": 1,
                "Scale9Height": 1,
                "TouchEnable": true,
                "AnchorPoint": {},
                "Position": {
                  "X": 8.0,
                  "Y": 8.0
                },
                "Scale": {
                  "ScaleX": 1.0,
                  "ScaleY": 1.0
                },
                "CColor": {},
                "IconVisible": false,
                "PrePosition": {
                  "X": 0.0125,
                  "Y": 0.016
                },
                "PreSize": {
                  "X": 0.975,
                  "Y": 0.744
                },
                "LeftMargin": 8.0,
                "RightMargin": 8.0,
                "TopMargin": 120.0,
                "BottomMargin": 8.0,
                "Tag": 204,
                "ActionTag": 825082945,
                "Size": {
                  "X": 624.0,
                  "Y": 372.0
                },
                "Name": "equip_list",
                "ctype": "ListViewObjectData"
              },
              {
                "BackColorAlpha": 102,
                "SingleColor": {
                  "R": 150,
                  "G": 200
                },
                "FirstColor": {
                  "R": 150,
                  "G": 200
                },
                "EndColor": {},
                "ColorVector": {
                  "ScaleY": 1.0
                },
                "Scale9Width": 1,
                "Scale9Height": 1,
                "TouchEnable": true,
                "AnchorPoint": {},
                "Position": {
                  "X": 7.7095,
                  "Y": 384.255
                },
                "Scale": {
                  "ScaleX": 1.0,
                  "ScaleY": 1.0
                },
                "CColor": {},
                "IconVisible": false,
                "PrePosition": {
                  "X": 0.012,
                  "Y": 0.7685
                },
                "PreSize": {
                  "X": 0.975,
                  "Y": 0.22
                },
                "LeftMargin": 7.7095,
                "RightMargin": 8.2905,
                "TopMargin": 5.745,
                "BottomMargin": 384.255,
                "Tag": 200,
                "Children": [
                  {
                    "FileData": {
                      "Type": "MarkedSubImage",
                      "Path": "heroUI/text_bg.png",
                      "Plist": "HeroUI.plist"
                    },
                    "Scale9Enable": true,
                    "Scale9OriginX": 11,
                    "Scale9OriginY": 11,
                    "Scale9Width": 12,
                    "Scale9Height": 14,
                    "AnchorPoint": {},
                    "Position": {
                      "X": 0.0,
                      "Y": 0.0
                    },
                    "Scale": {
                      "ScaleX": 1.0,
                      "ScaleY": 1.0
                    },
                    "CColor": {},
                    "IconVisible": false,
                    "PrePosition": {
                      "X": 0.0,
                      "Y": 0.0
                    },
                    "PreSize": {
                      "X": 1.0,
                      "Y": 1.0
                    },
                    "Tag": 201,
                    "ActionTag": 1173276437,
                    "Size": {
                      "X": 624.0,
                      "Y": 110.0
                    },
                    "Name": "equipTitle_bg",
                    "ctype": "ImageViewObjectData"
                  },
                  {
                    "FileData": {
                      "Type": "MarkedSubImage",
                      "Path": "equipUI/title_2.png",
                      "Plist": "EquipUI.plist"
                    },
                    "Scale9Width": 249,
                    "Scale9Height": 234,
                    "AnchorPoint": {},
                    "Position": {
                      "X": 12.0,
                      "Y": 4.0
                    },
                    "Scale": {
                      "ScaleX": 1.0,
                      "ScaleY": 1.0
                    },
                    "CColor": {},
                    "IconVisible": false,
                    "PrePosition": {
                      "X": 0.0192,
                      "Y": 0.0364
                    },
                    "PreSize": {
                      "X": 0.1603,
                      "Y": 0.9091
                    },
                    "LeftMargin": 12.0,
                    "RightMargin": 512.0,
                    "TopMargin": 6.0,
                    "BottomMargin": 4.0,
                    "Tag": 202,
                    "ActionTag": -135955520,
                    "Size": {
                      "X": 100.0,
                      "Y": 100.0
                    },
                    "Name": "title",
                    "ctype": "ImageViewObjectData"
                  },
                  {
                    "IsCustomSize": true,
                    "FontSize": 15,
                    "LabelText": "*主角神器可提升全队属性\n*英雄装备科提升所属英雄属性\n*神器和装备均可升级",
                    "HorizontalAlignmentType": "HT_Center",
                    "VerticalAlignmentType": "VT_Center",
                    "OutlineColor": {
                      "G": 0,
                      "B": 0
                    },
                    "ShadowColor": {
                      "R": 110,
                      "G": 110,
                      "B": 110
                    },
                    "ShadowOffsetX": 2.0,
                    "ShadowOffsetY": -2.0,
                    "AnchorPoint": {
                      "ScaleX": 0.5,
                      "ScaleY": 0.5
                    },
                    "Position": {
                      "X": 279.9151,
                      "Y": 42.7913
                    },
                    "Scale": {
                      "ScaleX": 1.0,
                      "ScaleY": 1.0
                    },
                    "CColor": {},
                    "IconVisible": false,
                    "PrePosition": {
                      "X": 0.4486,
                      "Y": 0.389
                    },
                    "PreSize": {
                      "X": 0.4808,
                      "Y": 0.5455
                    },
                    "LeftMargin": 129.9151,
                    "RightMargin": 194.0849,
                    "TopMargin": 37.2087,
                    "BottomMargin": 12.7913,
                    "Tag": 204,
                    "ActionTag": 816818333,
                    "Size": {
                      "X": 300.0,
                      "Y": 60.0
                    },
                    "Name": "decs_text",
                    "ctype": "TextObjectData"
                  },
                  {
                    "FileData": {
                      "Type": "MarkedSubImage",
                      "Path": "equipUI/buyHoly.png",
                      "Plist": "EquipUI.plist"
                    },
                    "Scale9Width": 106,
                    "Scale9Height": 32,
                    "AnchorPoint": {
                      "ScaleX": 0.5,
                      "ScaleY": 0.5
                    },
                    "Position": {
                      "X": 279.915,
                      "Y": 90.7029
                    },
                    "Scale": {
                      "ScaleX": 1.0,
                      "ScaleY": 1.0
                    },
                    "CColor": {},
                    "IconVisible": false,
                    "PrePosition": {
                      "X": 0.4486,
                      "Y": 0.8246
                    },
                    "PreSize": {
                      "X": 0.1699,
                      "Y": 0.2909
                    },
                    "LeftMargin": 226.915,
                    "RightMargin": 291.085,
                    "TopMargin": 3.2971,
                    "BottomMargin": 74.7029,
                    "Tag": 258,
                    "ActionTag": -1718578899,
                    "Size": {
                      "X": 106.0,
                      "Y": 32.0
                    },
                    "Name": "title_text",
                    "ctype": "ImageViewObjectData"
                  },
                  {
                    "FileData": {
                      "Type": "Normal",
                      "Path": "Btn_Buy.json",
                      "Plist": ""
                    },
                    "StretchWidthEnable": false,
                    "StretchHeightEnable": false,
                    "InnerActionSpeed": 1.0,
                    "AnchorPoint": {},
                    "Position": {
                      "X": 466.2889,
                      "Y": 17.2872
                    },
                    "Scale": {
                      "ScaleX": 1.0,
                      "ScaleY": 1.0
                    },
                    "CColor": {},
                    "IconVisible": true,
                    "PrePosition": {
                      "X": 0.7473,
                      "Y": 0.1572
                    },
                    "PreSize": {
                      "X": 0.2244,
                      "Y": 0.7273
                    },
                    "LeftMargin": 466.2889,
                    "RightMargin": 17.7111,
                    "TopMargin": 12.7128,
                    "BottomMargin": 17.2872,
                    "Tag": 807,
                    "ActionTag": 711518097,
                    "Size": {
                      "X": 140.0,
                      "Y": 80.0
                    },
                    "Name": "buy_btn",
                    "ctype": "ProjectNodeObjectData"
                  },
                  {
                    "FileData": {
                      "Type": "MarkedSubImage",
                      "Path": "equipUI/equipAll.png",
                      "Plist": "EquipUI.plist"
                    },
                    "Scale9Width": 90,
                    "Scale9Height": 55,
                    "AnchorPoint": {
                      "ScaleX": 0.5,
                      "ScaleY": 0.5
                    },
                    "Position": {
                      "X": 542.2869,
                      "Y": 57.0604
                    },
                    "Scale": {
                      "ScaleX": 1.0,
                      "ScaleY": 1.0
                    },
                    "CColor": {},
                    "IconVisible": false,
                    "PrePosition": {
                      "X": 0.869,
                      "Y": 0.5187
                    },
                    "PreSize": {
                      "X": 0.1442,
                      "Y": 0.5
                    },
                    "LeftMargin": 497.2869,
                    "RightMargin": 36.7131,
                    "TopMargin": 25.4396,
                    "BottomMargin": 29.5604,
                    "Tag": 146,
                    "ActionTag": 2126845323,
                    "Size": {
                      "X": 90.0,
                      "Y": 55.0
                    },
                    "Name": "equipAll_text",
                    "ctype": "ImageViewObjectData"
                  }
                ],
                "ActionTag": 656574158,
                "Size": {
                  "X": 624.0,
                  "Y": 110.0
                },
                "Name": "title_root",
                "ctype": "PanelObjectData"
              }
            ],
            "ActionTag": -593797273,
            "Size": {
              "X": 640.0,
              "Y": 500.0
            },
            "Name": "root",
            "ctype": "PanelObjectData"
          }
        ],
        "Size": {
          "X": 640.0,
          "Y": 500.0
        },
        "Name": "Layer",
        "ctype": "LayerObjectData"
      },
      "UsedResources": [
        "Btn_Buy.json",
        "EquipUI.plist",
        "EquipUI.png",
        "HeroUI.plist",
        "HeroUI.png"
      ],
      "ctype": "GameFileData"
    }
  },
  "Type": "Layer"
}