{
  "ID": "89694dc2-1e83-49cd-a473-f5f244c13c40",
  "Version": "2.3.3.0",
  "Name": "EquipView",
  "Content": {
    "Content": {
      "Animation": {
        "Duration": 0,
        "Speed": 1.0,
        "Timelines": [],
        "ctype": "TimelineActionData"
      },
      "AnimationList": [],
      "ObjectData": {
        "Tag": 205,
        "Children": [
          {
            "BackColorAlpha": 102,
            "SingleColor": {
              "R": 150,
              "G": 200
            },
            "FirstColor": {
              "R": 150,
              "G": 200
            },
            "EndColor": {},
            "ColorVector": {
              "ScaleY": 1.0
            },
            "Scale9Width": 1,
            "Scale9Height": 1,
            "TouchEnable": true,
            "AnchorPoint": {},
            "Position": {
              "X": 0.0,
              "Y": 0.0
            },
            "Scale": {
              "ScaleX": 1.0,
              "ScaleY": 1.0
            },
            "CColor": {},
            "IconVisible": false,
            "PrePosition": {
              "X": 0.0,
              "Y": 0.0
            },
            "PreSize": {
              "X": 1.0,
              "Y": 1.0
            },
            "Tag": 285,
            "Children": [
              {
                "FileData": {
                  "Type": "MarkedSubImage",
                  "Path": "equipUI/equip_bg.png",
                  "Plist": "EquipUI.plist"
                },
                "Scale9Enable": true,
                "Scale9OriginX": 12,
                "Scale9OriginY": 12,
                "Scale9Width": 7,
                "Scale9Height": 8,
                "AnchorPoint": {},
                "Position": {
                  "X": 0.0,
                  "Y": 0.0
                },
                "Scale": {
                  "ScaleX": 1.0,
                  "ScaleY": 1.0
                },
                "CColor": {},
                "IconVisible": false,
                "PrePosition": {
                  "X": 0.0,
                  "Y": 0.0
                },
                "PreSize": {
                  "X": 1.0,
                  "Y": 1.0
                },
                "Tag": 208,
                "ActionTag": 1891383320,
                "Size": {
                  "X": 600.0,
                  "Y": 110.0
                },
                "Name": "equipView_bg",
                "ctype": "ImageViewObjectData"
              },
              {
                "FileData": {
                  "Type": "MarkedSubImage",
                  "Path": "equipUI/equip_icon.png",
                  "Plist": "EquipUI.plist"
                },
                "Scale9Width": 90,
                "Scale9Height": 90,
                "AnchorPoint": {},
                "Position": {
                  "X": 15.0,
                  "Y": 10.0
                },
                "Scale": {
                  "ScaleX": 1.0,
                  "ScaleY": 1.0
                },
                "CColor": {},
                "IconVisible": false,
                "PrePosition": {
                  "X": 0.025,
                  "Y": 0.0909
                },
                "PreSize": {
                  "X": 0.15,
                  "Y": 0.8182
                },
                "LeftMargin": 15.0,
                "RightMargin": 495.0,
                "TopMargin": 10.0,
                "BottomMargin": 10.0,
                "Tag": 24,
                "ActionTag": 1359261642,
                "Size": {
                  "X": 90.0,
                  "Y": 90.0
                },
                "Name": "equip_icon",
                "ctype": "ImageViewObjectData"
              },
              {
                "IsCustomSize": true,
                "FontSize": 20,
                "LabelText": "神器名字六字",
                "VerticalAlignmentType": "VT_Center",
                "OutlineColor": {
                  "G": 0,
                  "B": 0
                },
                "ShadowColor": {
                  "R": 110,
                  "G": 110,
                  "B": 110
                },
                "ShadowOffsetX": 2.0,
                "ShadowOffsetY": -2.0,
                "AnchorPoint": {
                  "ScaleY": 0.5
                },
                "Position": {
                  "X": 115.7146,
                  "Y": 86.4999
                },
                "Scale": {
                  "ScaleX": 1.0,
                  "ScaleY": 1.0
                },
                "CColor": {
                  "R": 0,
                  "G": 0,
                  "B": 0
                },
                "IconVisible": false,
                "PrePosition": {
                  "X": 0.1929,
                  "Y": 0.7864
                },
                "PreSize": {
                  "X": 0.3,
                  "Y": 0.1818
                },
                "LeftMargin": 115.7146,
                "RightMargin": 304.2854,
                "TopMargin": 13.5001,
                "BottomMargin": 76.4999,
                "Tag": 44,
                "ActionTag": -2094451360,
                "Size": {
                  "X": 180.0,
                  "Y": 20.0
                },
                "Name": "equipName_text",
                "ctype": "TextObjectData"
              },
              {
                "IsCustomSize": true,
                "FontSize": 18,
                "LabelText": "神器效果详细描述",
                "OutlineColor": {
                  "G": 0,
                  "B": 0
                },
                "ShadowColor": {
                  "R": 110,
                  "G": 110,
                  "B": 110
                },
                "ShadowOffsetX": 2.0,
                "ShadowOffsetY": -2.0,
                "AnchorPoint": {
                  "ScaleY": 1.0
                },
                "Position": {
                  "X": 115.7145,
                  "Y": 71.3839
                },
                "Scale": {
                  "ScaleX": 1.0,
                  "ScaleY": 1.0
                },
                "CColor": {
                  "R": 0,
                  "G": 0,
                  "B": 0
                },
                "IconVisible": false,
                "PrePosition": {
                  "X": 0.1929,
                  "Y": 0.6489
                },
                "PreSize": {
                  "X": 0.5333,
                  "Y": 0.5455
                },
                "LeftMargin": 115.7145,
                "RightMargin": 164.2855,
                "TopMargin": 38.6161,
                "BottomMargin": 11.3839,
                "Tag": 46,
                "ActionTag": -1671372399,
                "Size": {
                  "X": 320.0,
                  "Y": 60.0
                },
                "Name": "equipBuffDecs_text",
                "ctype": "TextObjectData"
              },
              {
                "LabelText": "Lv.99/99",
                "LabelBMFontFile_CNB": {
                  "Type": "Normal",
                  "Path": "font/white16-export.fnt",
                  "Plist": ""
                },
                "AnchorPoint": {
                  "ScaleY": 0.5
                },
                "Position": {
                  "X": 293.0513,
                  "Y": 86.4187
                },
                "Scale": {
                  "ScaleX": 1.0,
                  "ScaleY": 1.0
                },
                "CColor": {},
                "IconVisible": false,
                "PrePosition": {
                  "X": 0.4884,
                  "Y": 0.7856
                },
                "PreSize": {
                  "X": 0.2017,
                  "Y": 0.1818
                },
                "LeftMargin": 293.0513,
                "RightMargin": 185.9487,
                "TopMargin": 13.5813,
                "BottomMargin": 76.4187,
                "Tag": 1093,
                "ActionTag": 1417978744,
                "Size": {
                  "X": 121.0,
                  "Y": 20.0
                },
                "Name": "equipLevel_text",
                "ctype": "TextBMFontObjectData"
              },
              {
                "FileData": {
                  "Type": "Normal",
                  "Path": "Btn_Upgrade2.json",
                  "Plist": ""
                },
                "StretchWidthEnable": false,
                "StretchHeightEnable": false,
                "InnerActionSpeed": 1.0,
                "AnchorPoint": {},
                "Position": {
                  "X": 442.5508,
                  "Y": 16.3511
                },
                "Scale": {
                  "ScaleX": 1.0,
                  "ScaleY": 1.0
                },
                "CColor": {},
                "IconVisible": true,
                "PrePosition": {
                  "X": 0.7376,
                  "Y": 0.1486
                },
                "PreSize": {
                  "X": 0.2333,
                  "Y": 0.7273
                },
                "LeftMargin": 442.5508,
                "RightMargin": 17.4492,
                "TopMargin": 13.6489,
                "BottomMargin": 16.3511,
                "Tag": 714,
                "ActionTag": -936342614,
                "Size": {
                  "X": 140.0,
                  "Y": 80.0
                },
                "Name": "upgrade_btn",
                "ctype": "ProjectNodeObjectData"
              },
              {
                "FileData": {
                  "Type": "Normal",
                  "Path": "Btn_MaxLevel.json",
                  "Plist": ""
                },
                "StretchWidthEnable": false,
                "StretchHeightEnable": false,
                "InnerActionSpeed": 1.0,
                "AnchorPoint": {},
                "Position": {
                  "X": 442.5508,
                  "Y": 16.351
                },
                "Scale": {
                  "ScaleX": 1.0,
                  "ScaleY": 1.0
                },
                "CColor": {},
                "IconVisible": true,
                "PrePosition": {
                  "X": 0.7376,
                  "Y": 0.1486
                },
                "PreSize": {
                  "X": 0.2333,
                  "Y": 0.7273
                },
                "LeftMargin": 442.5508,
                "RightMargin": 17.4492,
                "TopMargin": 13.649,
                "BottomMargin": 16.351,
                "Tag": 723,
                "ActionTag": 905642592,
                "Size": {
                  "X": 140.0,
                  "Y": 80.0
                },
                "Name": "MaxLevel_btn",
                "ctype": "ProjectNodeObjectData"
              },
              {
                "FileData": {
                  "Type": "Normal",
                  "Path": "Btn_Lock.json",
                  "Plist": ""
                },
                "StretchWidthEnable": false,
                "StretchHeightEnable": false,
                "InnerActionSpeed": 1.0,
                "AnchorPoint": {},
                "Position": {
                  "X": 442.8716,
                  "Y": 16.3194
                },
                "Scale": {
                  "ScaleX": 1.0,
                  "ScaleY": 1.0
                },
                "CColor": {},
                "IconVisible": true,
                "PrePosition": {
                  "X": 0.7381,
                  "Y": 0.1484
                },
                "PreSize": {
                  "X": 0.2333,
                  "Y": 0.7273
                },
                "LeftMargin": 442.8716,
                "RightMargin": 17.1284,
                "TopMargin": 13.6806,
                "BottomMargin": 16.3194,
                "Tag": 196,
                "ActionTag": -1077941742,
                "Size": {
                  "X": 140.0,
                  "Y": 80.0
                },
                "Name": "lock_btn",
                "ctype": "ProjectNodeObjectData"
              }
            ],
            "ActionTag": -810919168,
            "Size": {
              "X": 600.0,
              "Y": 110.0
            },
            "Name": "root",
            "ctype": "PanelObjectData"
          }
        ],
        "Size": {
          "X": 600.0,
          "Y": 110.0
        },
        "Name": "Layer",
        "ctype": "LayerObjectData"
      },
      "UsedResources": [
        "Btn_Lock.json",
        "Btn_MaxLevel.json",
        "Btn_Upgrade2.json",
        "EquipUI.plist",
        "EquipUI.png",
        "font/white16-export.fnt",
        "font/white16-export.png"
      ],
      "ctype": "GameFileData"
    }
  },
  "Type": "Layer"
}