{
  "ID": "71af9704-2f8b-4cc5-ac99-be4f32ba4061",
  "Version": "2.3.3.0",
  "Name": "GuideHand",
  "Content": {
    "Content": {
      "Animation": {
        "Duration": 9,
        "Speed": 0.3333,
        "Timelines": [
          {
            "ActionTag": 125515874,
            "Property": "Position",
            "Frames": [
              {
                "X": 0.0,
                "Y": 15.0,
                "FrameIndex": 3,
                "EasingData": {
                  "Type": 0
                },
                "ctype": "PointFrameData"
              },
              {
                "X": 0.0,
                "Y": 30.0,
                "FrameIndex": 6,
                "EasingData": {
                  "Type": 0
                },
                "ctype": "PointFrameData"
              },
              {
                "X": 0.0,
                "Y": 15.0,
                "FrameIndex": 9,
                "EasingData": {
                  "Type": 0
                },
                "ctype": "PointFrameData"
              }
            ],
            "ctype": "TimelineData"
          },
          {
            "ActionTag": 125515874,
            "Property": "Scale",
            "Frames": [
              {
                "X": 1.0,
                "Y": 0.8,
                "FrameIndex": 0,
                "EasingData": {
                  "Type": 0
                },
                "ctype": "ScaleValueFrameData"
              },
              {
                "X": 1.0,
                "Y": 0.9,
                "FrameIndex": 3,
                "EasingData": {
                  "Type": 0
                },
                "ctype": "ScaleValueFrameData"
              },
              {
                "X": 1.0,
                "Y": 1.0,
                "FrameIndex": 6,
                "EasingData": {
                  "Type": 0
                },
                "ctype": "ScaleValueFrameData"
              },
              {
                "X": 1.0,
                "Y": 0.9,
                "FrameIndex": 9,
                "EasingData": {
                  "Type": 0
                },
                "ctype": "ScaleValueFrameData"
              }
            ],
            "ctype": "TimelineData"
          },
          {
            "ActionTag": 125515874,
            "Property": "FileData",
            "Frames": [
              {
                "TextureFile": {
                  "Type": "Normal",
                  "Path": "mainUI/hand.png",
                  "Plist": ""
                },
                "FrameIndex": 0,
                "Tween": false,
                "ctype": "TextureFrameData"
              },
              {
                "TextureFile": {
                  "Type": "Normal",
                  "Path": "mainUI/hand.png",
                  "Plist": ""
                },
                "FrameIndex": 3,
                "Tween": false,
                "ctype": "TextureFrameData"
              },
              {
                "TextureFile": {
                  "Type": "Normal",
                  "Path": "mainUI/hand.png",
                  "Plist": ""
                },
                "FrameIndex": 6,
                "Tween": false,
                "ctype": "TextureFrameData"
              },
              {
                "TextureFile": {
                  "Type": "Normal",
                  "Path": "mainUI/hand.png",
                  "Plist": ""
                },
                "FrameIndex": 9,
                "Tween": false,
                "ctype": "TextureFrameData"
              }
            ],
            "ctype": "TimelineData"
          }
        ],
        "ctype": "TimelineActionData"
      },
      "AnimationList": [
        {
          "StartIndex": 0,
          "EndIndex": 9,
          "Name": "point",
          "ctype": "AnimationInfoData"
        }
      ],
      "ObjectData": {
        "Tag": 88,
        "Children": [
          {
            "FileData": {
              "Type": "Normal",
              "Path": "mainUI/hand.png",
              "Plist": ""
            },
            "BlendFunc": {
              "Src": 770,
              "Dst": 771
            },
            "AnchorPoint": {
              "ScaleX": 0.5
            },
            "Position": {
              "X": 0.0,
              "Y": 15.0
            },
            "Scale": {
              "ScaleX": 1.0,
              "ScaleY": 0.9
            },
            "CColor": {},
            "IconVisible": false,
            "PrePosition": {
              "X": 0.0,
              "Y": 0.0
            },
            "PreSize": {
              "X": 0.0,
              "Y": 0.0
            },
            "LeftMargin": -39.0,
            "RightMargin": -39.0,
            "TopMargin": -128.0,
            "BottomMargin": 15.0,
            "Tag": 89,
            "ActionTag": 125515874,
            "Size": {
              "X": 78.0,
              "Y": 113.0
            },
            "Name": "hand",
            "ctype": "SpriteObjectData"
          }
        ],
        "Size": {
          "X": 0.0,
          "Y": 0.0
        },
        "Name": "Node",
        "ctype": "SingleNodeObjectData"
      },
      "UsedResources": [
        "mainUI/hand.png"
      ],
      "ctype": "GameFileData"
    }
  },
  "Type": "Node"
}