{
  "ID": "e067f569-2ac9-4d82-8aa3-0d178481285a",
  "Version": "2.3.3.0",
  "Name": "GuideGirl",
  "Content": {
    "Content": {
      "Animation": {
        "Duration": 0,
        "Speed": 1.0,
        "Timelines": [
          {
            "ActionTag": 1644223482,
            "Property": "FileData",
            "Frames": [
              {
                "TextureFile": {
                  "Type": "Normal",
                  "Path": "mainUI/guide.png",
                  "Plist": ""
                },
                "FrameIndex": 0,
                "Tween": false,
                "ctype": "TextureFrameData"
              }
            ],
            "ctype": "TimelineData"
          }
        ],
        "ctype": "TimelineActionData"
      },
      "AnimationList": [
        {
          "StartIndex": 0,
          "EndIndex": 0,
          "Name": "show",
          "ctype": "AnimationInfoData"
        }
      ],
      "ObjectData": {
        "Tag": 40,
        "Children": [
          {
            "FileData": {
              "Type": "Normal",
              "Path": "mainUI/guide.png",
              "Plist": ""
            },
            "BlendFunc": {
              "Src": 770,
              "Dst": 771
            },
            "AnchorPoint": {},
            "Position": {
              "X": 0.0,
              "Y": 0.0
            },
            "Scale": {
              "ScaleX": 1.0,
              "ScaleY": 1.0
            },
            "CColor": {},
            "IconVisible": false,
            "PrePosition": {
              "X": 0.0,
              "Y": 0.0
            },
            "PreSize": {
              "X": 0.0,
              "Y": 0.0
            },
            "RightMargin": -237.0,
            "TopMargin": -336.0,
            "Tag": 87,
            "ActionTag": 1644223482,
            "Size": {
              "X": 237.0,
              "Y": 336.0
            },
            "Name": "girl",
            "ctype": "SpriteObjectData"
          }
        ],
        "Size": {
          "X": 0.0,
          "Y": 0.0
        },
        "Name": "Node",
        "ctype": "SingleNodeObjectData"
      },
      "UsedResources": [
        "mainUI/guide.png"
      ],
      "ctype": "GameFileData"
    }
  },
  "Type": "Node"
}