{
  "ID": "76d58707-a884-4657-8563-97d80049f2ac",
  "Version": "2.3.3.0",
  "Name": "HeroView",
  "Content": {
    "Content": {
      "Animation": {
        "Duration": 0,
        "Speed": 1.0,
        "Timelines": [],
        "ctype": "TimelineActionData"
      },
      "AnimationList": [],
      "ObjectData": {
        "Tag": 216,
        "Children": [
          {
            "BackColorAlpha": 102,
            "SingleColor": {
              "R": 150,
              "G": 200
            },
            "FirstColor": {
              "R": 150,
              "G": 200
            },
            "EndColor": {},
            "ColorVector": {
              "ScaleY": 1.0
            },
            "Scale9Width": 1,
            "Scale9Height": 1,
            "TouchEnable": true,
            "AnchorPoint": {},
            "Position": {
              "X": 0.0,
              "Y": 0.0
            },
            "Scale": {
              "ScaleX": 1.0,
              "ScaleY": 1.0
            },
            "CColor": {},
            "IconVisible": false,
            "PrePosition": {
              "X": 0.0,
              "Y": 0.0
            },
            "PreSize": {
              "X": 1.0,
              "Y": 1.0
            },
            "Tag": 334,
            "Children": [
              {
                "FileData": {
                  "Type": "MarkedSubImage",
                  "Path": "heroUI/hero_bg.png",
                  "Plist": "HeroUI.plist"
                },
                "Scale9Enable": true,
                "Scale9OriginX": 12,
                "Scale9OriginY": 12,
                "Scale9Width": 7,
                "Scale9Height": 8,
                "AnchorPoint": {},
                "Position": {
                  "X": 0.0,
                  "Y": 0.0
                },
                "Scale": {
                  "ScaleX": 1.0,
                  "ScaleY": 1.0
                },
                "CColor": {},
                "IconVisible": false,
                "PrePosition": {
                  "X": 0.0,
                  "Y": 0.0
                },
                "PreSize": {
                  "X": 1.0,
                  "Y": 1.0
                },
                "Tag": 217,
                "ActionTag": 2013699035,
                "Size": {
                  "X": 624.0,
                  "Y": 110.0
                },
                "Name": "heroView_bg",
                "ctype": "ImageViewObjectData"
              },
              {
                "FileData": {
                  "Type": "Normal",
                  "Path": "mainUI/hero_icon.png",
                  "Plist": ""
                },
                "Scale9Width": 90,
                "Scale9Height": 90,
                "AnchorPoint": {},
                "Position": {
                  "X": 15.0,
                  "Y": 10.0
                },
                "Scale": {
                  "ScaleX": 1.0,
                  "ScaleY": 1.0
                },
                "CColor": {},
                "IconVisible": false,
                "PrePosition": {
                  "X": 0.024,
                  "Y": 0.0909
                },
                "PreSize": {
                  "X": 0.1442,
                  "Y": 0.8182
                },
                "LeftMargin": 15.0,
                "RightMargin": 519.0,
                "TopMargin": 10.0,
                "BottomMargin": 10.0,
                "Tag": 218,
                "ActionTag": -582017882,
                "Size": {
                  "X": 90.0,
                  "Y": 90.0
                },
                "Name": "hero_icon",
                "ctype": "ImageViewObjectData"
              },
              {
                "IsCustomSize": true,
                "FontSize": 22,
                "LabelText": "英雄名字六字",
                "VerticalAlignmentType": "VT_Center",
                "OutlineColor": {
                  "G": 0,
                  "B": 0
                },
                "ShadowColor": {
                  "R": 110,
                  "G": 110,
                  "B": 110
                },
                "ShadowOffsetX": 2.0,
                "ShadowOffsetY": -2.0,
                "AnchorPoint": {},
                "Position": {
                  "X": 120.0,
                  "Y": 75.0001
                },
                "Scale": {
                  "ScaleX": 1.0,
                  "ScaleY": 1.0
                },
                "CColor": {
                  "R": 0,
                  "G": 0,
                  "B": 0
                },
                "IconVisible": false,
                "PrePosition": {
                  "X": 0.1923,
                  "Y": 0.6818
                },
                "PreSize": {
                  "X": 0.2564,
                  "Y": 0.2
                },
                "LeftMargin": 120.0,
                "RightMargin": 344.0,
                "TopMargin": 12.9999,
                "BottomMargin": 75.0001,
                "Tag": 219,
                "ActionTag": 1328202900,
                "Size": {
                  "X": 160.0,
                  "Y": 22.0
                },
                "Name": "heroName_text",
                "ctype": "TextObjectData"
              },
              {
                "LabelText": "Lv99.99",
                "LabelBMFontFile_CNB": {
                  "Type": "Normal",
                  "Path": "font/white16-export.fnt",
                  "Plist": ""
                },
                "AnchorPoint": {
                  "ScaleY": 0.5
                },
                "Position": {
                  "X": 119.748,
                  "Y": 60.0624
                },
                "Scale": {
                  "ScaleX": 1.0,
                  "ScaleY": 1.0
                },
                "CColor": {},
                "IconVisible": false,
                "PrePosition": {
                  "X": 0.1919,
                  "Y": 0.546
                },
                "PreSize": {
                  "X": 0.1779,
                  "Y": 0.1818
                },
                "LeftMargin": 119.748,
                "RightMargin": 393.252,
                "TopMargin": 39.9376,
                "BottomMargin": 50.0624,
                "Tag": 250,
                "ActionTag": 1008944852,
                "Size": {
                  "X": 111.0,
                  "Y": 20.0
                },
                "Name": "level_text",
                "ctype": "TextBMFontObjectData"
              },
              {
                "FileData": {
                  "Type": "MarkedSubImage",
                  "Path": "heroUI/text_bg.png",
                  "Plist": "HeroUI.plist"
                },
                "Scale9Enable": true,
                "Scale9OriginX": 11,
                "Scale9OriginY": 11,
                "Scale9Width": 12,
                "Scale9Height": 14,
                "AnchorPoint": {},
                "Position": {
                  "X": 323.5455,
                  "Y": 13.0057
                },
                "Scale": {
                  "ScaleX": 1.0,
                  "ScaleY": 1.0
                },
                "CColor": {},
                "IconVisible": false,
                "PrePosition": {
                  "X": 0.5185,
                  "Y": 0.1182
                },
                "PreSize": {
                  "X": 0.1923,
                  "Y": 0.5455
                },
                "LeftMargin": 323.5455,
                "RightMargin": 180.4545,
                "TopMargin": 36.9943,
                "BottomMargin": 13.0057,
                "Tag": 256,
                "ActionTag": 1373086883,
                "Size": {
                  "X": 120.0,
                  "Y": 60.0
                },
                "Name": "dps_bg",
                "ctype": "ImageViewObjectData"
              },
              {
                "LabelText": "99999",
                "LabelBMFontFile_CNB": {
                  "Type": "Normal",
                  "Path": "font/white16-export.fnt",
                  "Plist": ""
                },
                "AnchorPoint": {
                  "ScaleX": 0.5,
                  "ScaleY": 0.5
                },
                "Position": {
                  "X": 383.6694,
                  "Y": 45.069
                },
                "Scale": {
                  "ScaleX": 1.0,
                  "ScaleY": 1.0
                },
                "CColor": {},
                "IconVisible": false,
                "PrePosition": {
                  "X": 0.6149,
                  "Y": 0.4097
                },
                "PreSize": {
                  "X": 0.1458,
                  "Y": 0.1818
                },
                "LeftMargin": 338.1694,
                "RightMargin": 194.8306,
                "TopMargin": 54.931,
                "BottomMargin": 35.069,
                "Tag": 249,
                "ActionTag": -836566228,
                "Size": {
                  "X": 91.0,
                  "Y": 20.0
                },
                "Name": "dps_text",
                "ctype": "TextBMFontObjectData"
              },
              {
                "FileData": {
                  "Type": "MarkedSubImage",
                  "Path": "heroUI/heroHP.png",
                  "Plist": "HeroUI.plist"
                },
                "Scale9Width": 104,
                "Scale9Height": 26,
                "AnchorPoint": {
                  "ScaleX": 0.5,
                  "ScaleY": 0.5
                },
                "Position": {
                  "X": 383.5454,
                  "Y": 88.848
                },
                "Scale": {
                  "ScaleX": 1.0,
                  "ScaleY": 1.0
                },
                "CColor": {},
                "IconVisible": false,
                "PrePosition": {
                  "X": 0.6147,
                  "Y": 0.8077
                },
                "PreSize": {
                  "X": 0.1667,
                  "Y": 0.2364
                },
                "LeftMargin": 331.5454,
                "RightMargin": 188.4546,
                "TopMargin": 8.152,
                "BottomMargin": 75.848,
                "Tag": 621,
                "ActionTag": -788044653,
                "Size": {
                  "X": 104.0,
                  "Y": 26.0
                },
                "Name": "dps",
                "ctype": "ImageViewObjectData"
              },
              {
                "LabelText": "99:99",
                "LabelBMFontFile_CNB": {
                  "Type": "Normal",
                  "Path": "font/white14-export.fnt",
                  "Plist": ""
                },
                "AnchorPoint": {
                  "ScaleX": 0.5,
                  "ScaleY": 0.5
                },
                "Position": {
                  "X": 60.3768,
                  "Y": 45.2378
                },
                "Scale": {
                  "ScaleX": 1.0,
                  "ScaleY": 1.0
                },
                "CColor": {
                  "G": 0,
                  "B": 0
                },
                "IconVisible": false,
                "PrePosition": {
                  "X": 0.0968,
                  "Y": 0.4113
                },
                "PreSize": {
                  "X": 0.1106,
                  "Y": 0.1636
                },
                "LeftMargin": 25.8768,
                "RightMargin": 529.1232,
                "TopMargin": 55.7622,
                "BottomMargin": 36.2378,
                "Tag": 424,
                "ActionTag": 571675629,
                "Size": {
                  "X": 69.0,
                  "Y": 18.0
                },
                "Name": "die_time_text",
                "ctype": "TextBMFontObjectData"
              },
              {
                "FileData": {
                  "Type": "MarkedSubImage",
                  "Path": "heroUI/reviveTime.png",
                  "Plist": "HeroUI.plist"
                },
                "Scale9Width": 78,
                "Scale9Height": 31,
                "AnchorPoint": {
                  "ScaleX": 0.5,
                  "ScaleY": 0.5
                },
                "Position": {
                  "X": 59.8493,
                  "Y": 65.2904
                },
                "Scale": {
                  "ScaleX": 1.0,
                  "ScaleY": 1.0
                },
                "CColor": {},
                "IconVisible": false,
                "PrePosition": {
                  "X": 0.0959,
                  "Y": 0.5935
                },
                "PreSize": {
                  "X": 0.125,
                  "Y": 0.2818
                },
                "LeftMargin": 20.8493,
                "RightMargin": 525.1507,
                "TopMargin": 29.2096,
                "BottomMargin": 49.7904,
                "CallBackType": "Click",
                "Tag": 1060,
                "ActionTag": -956947662,
                "Size": {
                  "X": 78.0,
                  "Y": 31.0
                },
                "Name": "die_text",
                "ctype": "ImageViewObjectData"
              },
              {
                "AnchorPoint": {},
                "Position": {
                  "X": 120.0,
                  "Y": 16.0
                },
                "Scale": {
                  "ScaleX": 1.0,
                  "ScaleY": 1.0
                },
                "CColor": {},
                "IconVisible": true,
                "PrePosition": {
                  "X": 0.1923,
                  "Y": 0.1455
                },
                "PreSize": {
                  "X": 0.0,
                  "Y": 0.0
                },
                "LeftMargin": 120.0,
                "RightMargin": 504.0,
                "TopMargin": 94.0,
                "BottomMargin": 16.0,
                "Tag": 111,
                "Children": [
                  {
                    "BackColorAlpha": 102,
                    "SingleColor": {
                      "R": 150,
                      "G": 200
                    },
                    "FirstColor": {
                      "R": 150,
                      "G": 200
                    },
                    "EndColor": {},
                    "ColorVector": {
                      "ScaleY": 1.0
                    },
                    "Scale9Width": 1,
                    "Scale9Height": 1,
                    "TouchEnable": true,
                    "AnchorPoint": {},
                    "Position": {
                      "X": 0.0,
                      "Y": 0.0
                    },
                    "Scale": {
                      "ScaleX": 1.0,
                      "ScaleY": 1.0
                    },
                    "CColor": {},
                    "IconVisible": false,
                    "PrePosition": {
                      "X": 0.0,
                      "Y": 0.0
                    },
                    "PreSize": {
                      "X": 0.0,
                      "Y": 0.0
                    },
                    "RightMargin": -32.0,
                    "TopMargin": -30.0,
                    "Tag": 104,
                    "Children": [
                      {
                        "FileData": {
                          "Type": "MarkedSubImage",
                          "Path": "heroUI/star1.png",
                          "Plist": "HeroUI.plist"
                        },
                        "Scale9Width": 32,
                        "Scale9Height": 30,
                        "AnchorPoint": {},
                        "Position": {
                          "X": 0.0,
                          "Y": 0.0
                        },
                        "Scale": {
                          "ScaleX": 1.0,
                          "ScaleY": 1.0
                        },
                        "CColor": {},
                        "IconVisible": false,
                        "PrePosition": {
                          "X": 0.0,
                          "Y": 0.0
                        },
                        "PreSize": {
                          "X": 1.0,
                          "Y": 1.0
                        },
                        "Tag": 105,
                        "ActionTag": 364682219,
                        "Size": {
                          "X": 32.0,
                          "Y": 30.0
                        },
                        "Name": "star_on",
                        "ctype": "ImageViewObjectData"
                      },
                      {
                        "FileData": {
                          "Type": "MarkedSubImage",
                          "Path": "heroUI/star2.png",
                          "Plist": "HeroUI.plist"
                        },
                        "Scale9Width": 32,
                        "Scale9Height": 30,
                        "AnchorPoint": {},
                        "Position": {
                          "X": 0.0,
                          "Y": 0.0
                        },
                        "Scale": {
                          "ScaleX": 1.0,
                          "ScaleY": 1.0
                        },
                        "CColor": {},
                        "IconVisible": false,
                        "PrePosition": {
                          "X": 0.0,
                          "Y": 0.0
                        },
                        "PreSize": {
                          "X": 1.0,
                          "Y": 1.0
                        },
                        "Tag": 106,
                        "ActionTag": -1109888898,
                        "Size": {
                          "X": 32.0,
                          "Y": 30.0
                        },
                        "Name": "star_off",
                        "ctype": "ImageViewObjectData"
                      }
                    ],
                    "ActionTag": 447371949,
                    "Size": {
                      "X": 32.0,
                      "Y": 30.0
                    },
                    "Name": "star1",
                    "ctype": "PanelObjectData"
                  },
                  {
                    "BackColorAlpha": 102,
                    "SingleColor": {
                      "R": 150,
                      "G": 200
                    },
                    "FirstColor": {
                      "R": 150,
                      "G": 200
                    },
                    "EndColor": {},
                    "ColorVector": {
                      "ScaleY": 1.0
                    },
                    "Scale9Width": 1,
                    "Scale9Height": 1,
                    "TouchEnable": true,
                    "AnchorPoint": {},
                    "Position": {
                      "X": 36.0,
                      "Y": 0.0
                    },
                    "Scale": {
                      "ScaleX": 1.0,
                      "ScaleY": 1.0
                    },
                    "CColor": {},
                    "IconVisible": false,
                    "PrePosition": {
                      "X": 0.0,
                      "Y": 0.0
                    },
                    "PreSize": {
                      "X": 0.0,
                      "Y": 0.0
                    },
                    "LeftMargin": 36.0,
                    "RightMargin": -68.0,
                    "TopMargin": -30.0,
                    "Tag": 112,
                    "Children": [
                      {
                        "FileData": {
                          "Type": "MarkedSubImage",
                          "Path": "heroUI/star1.png",
                          "Plist": "HeroUI.plist"
                        },
                        "Scale9Width": 32,
                        "Scale9Height": 30,
                        "AnchorPoint": {},
                        "Position": {
                          "X": 0.0,
                          "Y": 0.0
                        },
                        "Scale": {
                          "ScaleX": 1.0,
                          "ScaleY": 1.0
                        },
                        "CColor": {},
                        "IconVisible": false,
                        "PrePosition": {
                          "X": 0.0,
                          "Y": 0.0
                        },
                        "PreSize": {
                          "X": 1.0,
                          "Y": 1.0
                        },
                        "Tag": 113,
                        "ActionTag": 842369493,
                        "Size": {
                          "X": 32.0,
                          "Y": 30.0
                        },
                        "Name": "star_on",
                        "ctype": "ImageViewObjectData"
                      },
                      {
                        "FileData": {
                          "Type": "MarkedSubImage",
                          "Path": "heroUI/star2.png",
                          "Plist": "HeroUI.plist"
                        },
                        "Scale9Width": 32,
                        "Scale9Height": 30,
                        "AnchorPoint": {},
                        "Position": {
                          "X": 0.0,
                          "Y": 0.0
                        },
                        "Scale": {
                          "ScaleX": 1.0,
                          "ScaleY": 1.0
                        },
                        "CColor": {},
                        "IconVisible": false,
                        "PrePosition": {
                          "X": 0.0,
                          "Y": 0.0
                        },
                        "PreSize": {
                          "X": 1.0,
                          "Y": 1.0
                        },
                        "Tag": 114,
                        "ActionTag": -1576036410,
                        "Size": {
                          "X": 32.0,
                          "Y": 30.0
                        },
                        "Name": "star_off",
                        "ctype": "ImageViewObjectData"
                      }
                    ],
                    "ActionTag": -1086746548,
                    "Size": {
                      "X": 32.0,
                      "Y": 30.0
                    },
                    "Name": "star2",
                    "ctype": "PanelObjectData"
                  },
                  {
                    "BackColorAlpha": 102,
                    "SingleColor": {
                      "R": 150,
                      "G": 200
                    },
                    "FirstColor": {
                      "R": 150,
                      "G": 200
                    },
                    "EndColor": {},
                    "ColorVector": {
                      "ScaleY": 1.0
                    },
                    "Scale9Width": 1,
                    "Scale9Height": 1,
                    "TouchEnable": true,
                    "AnchorPoint": {},
                    "Position": {
                      "X": 72.0,
                      "Y": 0.0
                    },
                    "Scale": {
                      "ScaleX": 1.0,
                      "ScaleY": 1.0
                    },
                    "CColor": {},
                    "IconVisible": false,
                    "PrePosition": {
                      "X": 0.0,
                      "Y": 0.0
                    },
                    "PreSize": {
                      "X": 0.0,
                      "Y": 0.0
                    },
                    "LeftMargin": 72.0,
                    "RightMargin": -104.0,
                    "TopMargin": -30.0,
                    "Tag": 115,
                    "Children": [
                      {
                        "FileData": {
                          "Type": "MarkedSubImage",
                          "Path": "heroUI/star1.png",
                          "Plist": "HeroUI.plist"
                        },
                        "Scale9Width": 32,
                        "Scale9Height": 30,
                        "AnchorPoint": {},
                        "Position": {
                          "X": 0.0,
                          "Y": 0.0
                        },
                        "Scale": {
                          "ScaleX": 1.0,
                          "ScaleY": 1.0
                        },
                        "CColor": {},
                        "IconVisible": false,
                        "PrePosition": {
                          "X": 0.0,
                          "Y": 0.0
                        },
                        "PreSize": {
                          "X": 1.0,
                          "Y": 1.0
                        },
                        "Tag": 116,
                        "ActionTag": -1231062683,
                        "Size": {
                          "X": 32.0,
                          "Y": 30.0
                        },
                        "Name": "star_on",
                        "ctype": "ImageViewObjectData"
                      },
                      {
                        "FileData": {
                          "Type": "MarkedSubImage",
                          "Path": "heroUI/star2.png",
                          "Plist": "HeroUI.plist"
                        },
                        "Scale9Width": 32,
                        "Scale9Height": 30,
                        "AnchorPoint": {},
                        "Position": {
                          "X": 0.0,
                          "Y": 0.0
                        },
                        "Scale": {
                          "ScaleX": 1.0,
                          "ScaleY": 1.0
                        },
                        "CColor": {},
                        "IconVisible": false,
                        "PrePosition": {
                          "X": 0.0,
                          "Y": 0.0
                        },
                        "PreSize": {
                          "X": 1.0,
                          "Y": 1.0
                        },
                        "Tag": 117,
                        "ActionTag": 422198724,
                        "Size": {
                          "X": 32.0,
                          "Y": 30.0
                        },
                        "Name": "star_off",
                        "ctype": "ImageViewObjectData"
                      }
                    ],
                    "ActionTag": -24954573,
                    "Size": {
                      "X": 32.0,
                      "Y": 30.0
                    },
                    "Name": "star3",
                    "ctype": "PanelObjectData"
                  },
                  {
                    "BackColorAlpha": 102,
                    "SingleColor": {
                      "R": 150,
                      "G": 200
                    },
                    "FirstColor": {
                      "R": 150,
                      "G": 200
                    },
                    "EndColor": {},
                    "ColorVector": {
                      "ScaleY": 1.0
                    },
                    "Scale9Width": 1,
                    "Scale9Height": 1,
                    "TouchEnable": true,
                    "AnchorPoint": {},
                    "Position": {
                      "X": 108.0,
                      "Y": 0.0
                    },
                    "Scale": {
                      "ScaleX": 1.0,
                      "ScaleY": 1.0
                    },
                    "CColor": {},
                    "IconVisible": false,
                    "PrePosition": {
                      "X": 0.0,
                      "Y": 0.0
                    },
                    "PreSize": {
                      "X": 0.0,
                      "Y": 0.0
                    },
                    "LeftMargin": 108.0,
                    "RightMargin": -140.0,
                    "TopMargin": -30.0,
                    "Tag": 118,
                    "Children": [
                      {
                        "FileData": {
                          "Type": "MarkedSubImage",
                          "Path": "heroUI/star1.png",
                          "Plist": "HeroUI.plist"
                        },
                        "Scale9Width": 32,
                        "Scale9Height": 30,
                        "AnchorPoint": {},
                        "Position": {
                          "X": 0.0,
                          "Y": 0.0
                        },
                        "Scale": {
                          "ScaleX": 1.0,
                          "ScaleY": 1.0
                        },
                        "CColor": {},
                        "IconVisible": false,
                        "PrePosition": {
                          "X": 0.0,
                          "Y": 0.0
                        },
                        "PreSize": {
                          "X": 1.0,
                          "Y": 1.0
                        },
                        "Tag": 119,
                        "ActionTag": -2012880147,
                        "Size": {
                          "X": 32.0,
                          "Y": 30.0
                        },
                        "Name": "star_on",
                        "ctype": "ImageViewObjectData"
                      },
                      {
                        "FileData": {
                          "Type": "MarkedSubImage",
                          "Path": "heroUI/star2.png",
                          "Plist": "HeroUI.plist"
                        },
                        "Scale9Width": 32,
                        "Scale9Height": 30,
                        "AnchorPoint": {},
                        "Position": {
                          "X": 0.0,
                          "Y": 0.0
                        },
                        "Scale": {
                          "ScaleX": 1.0,
                          "ScaleY": 1.0
                        },
                        "CColor": {},
                        "IconVisible": false,
                        "PrePosition": {
                          "X": 0.0,
                          "Y": 0.0
                        },
                        "PreSize": {
                          "X": 1.0,
                          "Y": 1.0
                        },
                        "Tag": 120,
                        "ActionTag": 1165532130,
                        "Size": {
                          "X": 32.0,
                          "Y": 30.0
                        },
                        "Name": "star_off",
                        "ctype": "ImageViewObjectData"
                      }
                    ],
                    "ActionTag": 94563748,
                    "Size": {
                      "X": 32.0,
                      "Y": 30.0
                    },
                    "Name": "star4",
                    "ctype": "PanelObjectData"
                  },
                  {
                    "BackColorAlpha": 102,
                    "SingleColor": {
                      "R": 150,
                      "G": 200
                    },
                    "FirstColor": {
                      "R": 150,
                      "G": 200
                    },
                    "EndColor": {},
                    "ColorVector": {
                      "ScaleY": 1.0
                    },
                    "Scale9Width": 1,
                    "Scale9Height": 1,
                    "TouchEnable": true,
                    "AnchorPoint": {},
                    "Position": {
                      "X": 144.0,
                      "Y": 0.0
                    },
                    "Scale": {
                      "ScaleX": 1.0,
                      "ScaleY": 1.0
                    },
                    "CColor": {},
                    "IconVisible": false,
                    "PrePosition": {
                      "X": 0.0,
                      "Y": 0.0
                    },
                    "PreSize": {
                      "X": 0.0,
                      "Y": 0.0
                    },
                    "LeftMargin": 144.0,
                    "RightMargin": -176.0,
                    "TopMargin": -30.0,
                    "Tag": 121,
                    "Children": [
                      {
                        "FileData": {
                          "Type": "MarkedSubImage",
                          "Path": "heroUI/star1.png",
                          "Plist": "HeroUI.plist"
                        },
                        "Scale9Width": 32,
                        "Scale9Height": 30,
                        "AnchorPoint": {},
                        "Position": {
                          "X": 0.0,
                          "Y": 0.0
                        },
                        "Scale": {
                          "ScaleX": 1.0,
                          "ScaleY": 1.0
                        },
                        "CColor": {},
                        "IconVisible": false,
                        "PrePosition": {
                          "X": 0.0,
                          "Y": 0.0
                        },
                        "PreSize": {
                          "X": 1.0,
                          "Y": 1.0
                        },
                        "Tag": 122,
                        "ActionTag": 889916365,
                        "Size": {
                          "X": 32.0,
                          "Y": 30.0
                        },
                        "Name": "star_on",
                        "ctype": "ImageViewObjectData"
                      },
                      {
                        "FileData": {
                          "Type": "MarkedSubImage",
                          "Path": "heroUI/star2.png",
                          "Plist": "HeroUI.plist"
                        },
                        "Scale9Width": 32,
                        "Scale9Height": 30,
                        "AnchorPoint": {},
                        "Position": {
                          "X": 0.0,
                          "Y": 0.0
                        },
                        "Scale": {
                          "ScaleX": 1.0,
                          "ScaleY": 1.0
                        },
                        "CColor": {},
                        "IconVisible": false,
                        "PrePosition": {
                          "X": 0.0,
                          "Y": 0.0
                        },
                        "PreSize": {
                          "X": 1.0,
                          "Y": 1.0
                        },
                        "Tag": 123,
                        "ActionTag": -1498305786,
                        "Size": {
                          "X": 32.0,
                          "Y": 30.0
                        },
                        "Name": "star_off",
                        "ctype": "ImageViewObjectData"
                      }
                    ],
                    "ActionTag": 726672990,
                    "Size": {
                      "X": 32.0,
                      "Y": 30.0
                    },
                    "Name": "star5",
                    "ctype": "PanelObjectData"
                  }
                ],
                "ActionTag": 476560097,
                "Size": {
                  "X": 0.0,
                  "Y": 0.0
                },
                "Name": "starts",
                "ctype": "SingleNodeObjectData"
              },
              {
                "FileData": {
                  "Type": "Normal",
                  "Path": "Btn_Upgrade1.json",
                  "Plist": ""
                },
                "StretchWidthEnable": false,
                "StretchHeightEnable": false,
                "InnerActionSpeed": 1.0,
                "AnchorPoint": {},
                "Position": {
                  "X": 471.9847,
                  "Y": 14.9808
                },
                "Scale": {
                  "ScaleX": 1.0,
                  "ScaleY": 1.0
                },
                "CColor": {},
                "IconVisible": true,
                "PrePosition": {
                  "X": 0.7564,
                  "Y": 0.1362
                },
                "PreSize": {
                  "X": 0.2244,
                  "Y": 0.7273
                },
                "LeftMargin": 471.9847,
                "RightMargin": 12.0153,
                "TopMargin": 15.0192,
                "BottomMargin": 14.9808,
                "Tag": 581,
                "ActionTag": 319679370,
                "Size": {
                  "X": 140.0,
                  "Y": 80.0
                },
                "Name": "upgrade_btn",
                "ctype": "ProjectNodeObjectData"
              },
              {
                "FileData": {
                  "Type": "Normal",
                  "Path": "Btn_Revive.json",
                  "Plist": ""
                },
                "StretchWidthEnable": false,
                "StretchHeightEnable": false,
                "InnerActionSpeed": 1.0,
                "AnchorPoint": {},
                "Position": {
                  "X": 471.9847,
                  "Y": 14.9808
                },
                "Scale": {
                  "ScaleX": 1.0,
                  "ScaleY": 1.0
                },
                "CColor": {},
                "IconVisible": true,
                "PrePosition": {
                  "X": 0.7564,
                  "Y": 0.1362
                },
                "PreSize": {
                  "X": 0.2244,
                  "Y": 0.7273
                },
                "LeftMargin": 471.9847,
                "RightMargin": 12.0153,
                "TopMargin": 15.0192,
                "BottomMargin": 14.9808,
                "Tag": 594,
                "ActionTag": -1511059770,
                "Size": {
                  "X": 140.0,
                  "Y": 80.0
                },
                "Name": "revive_btn",
                "ctype": "ProjectNodeObjectData"
              },
              {
                "FileData": {
                  "Type": "Normal",
                  "Path": "Btn_MaxLevel.json",
                  "Plist": ""
                },
                "StretchWidthEnable": false,
                "StretchHeightEnable": false,
                "InnerActionSpeed": 1.0,
                "AnchorPoint": {},
                "Position": {
                  "X": 471.9847,
                  "Y": 14.9808
                },
                "Scale": {
                  "ScaleX": 1.0,
                  "ScaleY": 1.0
                },
                "CColor": {},
                "IconVisible": true,
                "PrePosition": {
                  "X": 0.7564,
                  "Y": 0.1362
                },
                "PreSize": {
                  "X": 0.2244,
                  "Y": 0.7273
                },
                "LeftMargin": 471.9847,
                "RightMargin": 12.0153,
                "TopMargin": 15.0192,
                "BottomMargin": 14.9808,
                "Tag": 607,
                "ActionTag": 732442495,
                "Size": {
                  "X": 140.0,
                  "Y": 80.0
                },
                "Name": "MaxLevel",
                "ctype": "ProjectNodeObjectData"
              }
            ],
            "ActionTag": -93921636,
            "Size": {
              "X": 624.0,
              "Y": 110.0
            },
            "Name": "root",
            "ctype": "PanelObjectData"
          }
        ],
        "Size": {
          "X": 624.0,
          "Y": 110.0
        },
        "Name": "Layer",
        "ctype": "LayerObjectData"
      },
      "UsedResources": [
        "Btn_MaxLevel.json",
        "Btn_Revive.json",
        "Btn_Upgrade1.json",
        "font/white14-export.fnt",
        "font/white14-export.png",
        "font/white16-export.fnt",
        "font/white16-export.png",
        "HeroUI.plist",
        "HeroUI.png",
        "mainUI/hero_icon.png"
      ],
      "ctype": "GameFileData"
    }
  },
  "Type": "Layer"
}