{
  "ID": "db6faa47-da7a-452d-93e5-171597beda12",
  "Version": "2.3.3.0",
  "Name": "HeroDescLayer",
  "Content": {
    "Content": {
      "Animation": {
        "Duration": 0,
        "Speed": 1.0,
        "Timelines": [],
        "ctype": "TimelineActionData"
      },
      "AnimationList": [],
      "ObjectData": {
        "Tag": 90,
        "Children": [
          {
            "BackColorAlpha": 102,
            "SingleColor": {
              "R": 150,
              "G": 200
            },
            "FirstColor": {
              "R": 150,
              "G": 200
            },
            "EndColor": {},
            "ColorVector": {
              "ScaleY": 1.0
            },
            "Scale9Width": 1,
            "Scale9Height": 1,
            "TouchEnable": true,
            "AnchorPoint": {},
            "Position": {
              "X": 0.0,
              "Y": 0.0
            },
            "Scale": {
              "ScaleX": 1.0,
              "ScaleY": 1.0
            },
            "CColor": {},
            "IconVisible": false,
            "PrePosition": {
              "X": 0.0,
              "Y": 0.0
            },
            "PreSize": {
              "X": 1.0,
              "Y": 1.0
            },
            "Tag": 54,
            "Children": [
              {
                "FileData": {
                  "Type": "Normal",
                  "Path": "mainUI/bg_01.png",
                  "Plist": ""
                },
                "Scale9Enable": true,
                "Scale9OriginX": 25,
                "Scale9OriginY": 25,
                "Scale9Width": 28,
                "Scale9Height": 28,
                "AnchorPoint": {},
                "Position": {
                  "X": 0.0,
                  "Y": 0.0
                },
                "Scale": {
                  "ScaleX": 1.0,
                  "ScaleY": 1.0
                },
                "CColor": {},
                "IconVisible": false,
                "PrePosition": {
                  "X": 0.0,
                  "Y": 0.0
                },
                "PreSize": {
                  "X": 1.0,
                  "Y": 1.0
                },
                "Tag": 134,
                "ActionTag": -1447083420,
                "Size": {
                  "X": 640.0,
                  "Y": 960.0
                },
                "Name": "bg",
                "ctype": "ImageViewObjectData"
              },
              {
                "BackColorAlpha": 102,
                "SingleColor": {
                  "R": 150,
                  "G": 200
                },
                "FirstColor": {
                  "R": 150,
                  "G": 200
                },
                "EndColor": {},
                "ColorVector": {
                  "ScaleY": 1.0
                },
                "Scale9Width": 1,
                "Scale9Height": 1,
                "TouchEnable": true,
                "AnchorPoint": {},
                "Position": {
                  "X": 30.0,
                  "Y": 560.0
                },
                "Scale": {
                  "ScaleX": 1.0,
                  "ScaleY": 1.0
                },
                "CColor": {},
                "IconVisible": false,
                "PrePosition": {
                  "X": 0.0469,
                  "Y": 0.5833
                },
                "PreSize": {
                  "X": 0.9063,
                  "Y": 0.3958
                },
                "LeftMargin": 30.0,
                "RightMargin": 30.0,
                "TopMargin": 20.0,
                "BottomMargin": 560.0,
                "Tag": 135,
                "Children": [
                  {
                    "FileData": {
                      "Type": "Normal",
                      "Path": "mainUI/bg_04.png",
                      "Plist": ""
                    },
                    "Scale9Enable": true,
                    "Scale9OriginX": 13,
                    "Scale9OriginY": 13,
                    "Scale9Width": 5,
                    "Scale9Height": 6,
                    "AnchorPoint": {},
                    "Position": {
                      "X": 0.0,
                      "Y": 0.0
                    },
                    "Scale": {
                      "ScaleX": 1.0,
                      "ScaleY": 1.0
                    },
                    "CColor": {},
                    "IconVisible": false,
                    "PrePosition": {
                      "X": 0.0,
                      "Y": 0.0
                    },
                    "PreSize": {
                      "X": 1.0,
                      "Y": 1.0
                    },
                    "Tag": 48,
                    "ActionTag": 468007132,
                    "Size": {
                      "X": 580.0,
                      "Y": 380.0
                    },
                    "Name": "hero_bg",
                    "ctype": "ImageViewObjectData"
                  },
                  {
                    "LabelText": "Lv.999/999",
                    "LabelBMFontFile_CNB": {
                      "Type": "Normal",
                      "Path": "font/white16-export.fnt",
                      "Plist": ""
                    },
                    "AnchorPoint": {
                      "ScaleY": 0.5
                    },
                    "Position": {
                      "X": 178.7979,
                      "Y": 293.961
                    },
                    "Scale": {
                      "ScaleX": 1.0,
                      "ScaleY": 1.0
                    },
                    "CColor": {},
                    "IconVisible": false,
                    "PrePosition": {
                      "X": 0.3083,
                      "Y": 0.7736
                    },
                    "PreSize": {
                      "X": 0.2707,
                      "Y": 0.0526
                    },
                    "LeftMargin": 178.7979,
                    "RightMargin": 244.2021,
                    "TopMargin": 76.039,
                    "BottomMargin": 283.961,
                    "Tag": 1110,
                    "ActionTag": 995984727,
                    "Size": {
                      "X": 157.0,
                      "Y": 20.0
                    },
                    "Name": "heroLevel_text",
                    "ctype": "TextBMFontObjectData"
                  },
                  {
                    "IsCustomSize": true,
                    "FontSize": 22,
                    "LabelText": "英雄名字六字",
                    "HorizontalAlignmentType": "HT_Center",
                    "VerticalAlignmentType": "VT_Center",
                    "OutlineColor": {
                      "G": 0,
                      "B": 0
                    },
                    "ShadowColor": {
                      "R": 110,
                      "G": 110,
                      "B": 110
                    },
                    "ShadowOffsetX": 2.0,
                    "ShadowOffsetY": -2.0,
                    "AnchorPoint": {
                      "ScaleY": 0.5
                    },
                    "Position": {
                      "X": 152.0768,
                      "Y": 332.0234
                    },
                    "Scale": {
                      "ScaleX": 1.0,
                      "ScaleY": 1.0
                    },
                    "CColor": {},
                    "IconVisible": false,
                    "PrePosition": {
                      "X": 0.2622,
                      "Y": 0.8737
                    },
                    "PreSize": {
                      "X": 0.3103,
                      "Y": 0.0789
                    },
                    "LeftMargin": 152.0768,
                    "RightMargin": 247.9232,
                    "TopMargin": 32.9766,
                    "BottomMargin": 317.0234,
                    "Tag": 46,
                    "ActionTag": -1437994079,
                    "Size": {
                      "X": 180.0,
                      "Y": 30.0
                    },
                    "Name": "heroName_text",
                    "ctype": "TextObjectData"
                  },
                  {
                    "FileData": {
                      "Type": "Normal",
                      "Path": "mainUI/hero_icon.png",
                      "Plist": ""
                    },
                    "Scale9Width": 90,
                    "Scale9Height": 90,
                    "AnchorPoint": {},
                    "Position": {
                      "X": 49.4214,
                      "Y": 268.3639
                    },
                    "Scale": {
                      "ScaleX": 1.0,
                      "ScaleY": 1.0
                    },
                    "CColor": {},
                    "IconVisible": false,
                    "PrePosition": {
                      "X": 0.0852,
                      "Y": 0.7062
                    },
                    "PreSize": {
                      "X": 0.1552,
                      "Y": 0.2368
                    },
                    "LeftMargin": 49.4214,
                    "RightMargin": 440.5786,
                    "TopMargin": 21.6361,
                    "BottomMargin": 268.3639,
                    "Tag": 47,
                    "ActionTag": -1284173121,
                    "Size": {
                      "X": 90.0,
                      "Y": 90.0
                    },
                    "Name": "hero_icon",
                    "ctype": "ImageViewObjectData"
                  },
                  {
                    "FileData": {
                      "Type": "Normal",
                      "Path": "mainUI/bg_03.png",
                      "Plist": ""
                    },
                    "Scale9Enable": true,
                    "Scale9OriginX": 9,
                    "Scale9OriginY": 11,
                    "Scale9Width": 10,
                    "Scale9Height": 14,
                    "AnchorPoint": {},
                    "Position": {
                      "X": 19.5378,
                      "Y": 9.7707
                    },
                    "Scale": {
                      "ScaleX": 1.0,
                      "ScaleY": 1.0
                    },
                    "CColor": {},
                    "IconVisible": false,
                    "PrePosition": {
                      "X": 0.0337,
                      "Y": 0.0257
                    },
                    "PreSize": {
                      "X": 0.931,
                      "Y": 0.2632
                    },
                    "LeftMargin": 19.5378,
                    "RightMargin": 20.4622,
                    "TopMargin": 270.2293,
                    "BottomMargin": 9.7707,
                    "Tag": 89,
                    "ActionTag": 615838553,
                    "Size": {
                      "X": 540.0,
                      "Y": 100.0
                    },
                    "Name": "heroDesc_bg",
                    "ctype": "ImageViewObjectData"
                  },
                  {
                    "IsCustomSize": true,
                    "FontSize": 20,
                    "LabelText": "英雄描述",
                    "HorizontalAlignmentType": "HT_Center",
                    "VerticalAlignmentType": "VT_Center",
                    "OutlineColor": {
                      "G": 0,
                      "B": 0
                    },
                    "ShadowColor": {
                      "R": 110,
                      "G": 110,
                      "B": 110
                    },
                    "ShadowOffsetX": 2.0,
                    "ShadowOffsetY": -2.0,
                    "AnchorPoint": {
                      "ScaleX": 0.5,
                      "ScaleY": 0.5
                    },
                    "Position": {
                      "X": 289.5397,
                      "Y": 59.7715
                    },
                    "Scale": {
                      "ScaleX": 1.0,
                      "ScaleY": 1.0
                    },
                    "CColor": {},
                    "IconVisible": false,
                    "PrePosition": {
                      "X": 0.4992,
                      "Y": 0.1573
                    },
                    "PreSize": {
                      "X": 0.8621,
                      "Y": 0.1842
                    },
                    "LeftMargin": 39.5397,
                    "RightMargin": 40.4603,
                    "TopMargin": 285.2285,
                    "BottomMargin": 24.7715,
                    "Tag": 88,
                    "ActionTag": 1032002903,
                    "Size": {
                      "X": 500.0,
                      "Y": 70.0
                    },
                    "Name": "heroDesc_text",
                    "ctype": "TextObjectData"
                  }
                ],
                "ActionTag": -142533129,
                "Size": {
                  "X": 580.0,
                  "Y": 380.0
                },
                "Name": "hero",
                "ctype": "PanelObjectData"
              },
              {
                "FileData": {
                  "Type": "Normal",
                  "Path": "HeroDescView.json",
                  "Plist": ""
                },
                "StretchWidthEnable": false,
                "StretchHeightEnable": false,
                "InnerActionSpeed": 1.0,
                "AnchorPoint": {},
                "Position": {
                  "X": 49.0,
                  "Y": 676.6722
                },
                "Scale": {
                  "ScaleX": 1.0,
                  "ScaleY": 1.0
                },
                "CColor": {},
                "IconVisible": true,
                "PrePosition": {
                  "X": 0.0766,
                  "Y": 0.7049
                },
                "PreSize": {
                  "X": 0.8438,
                  "Y": 0.1458
                },
                "LeftMargin": 49.0,
                "RightMargin": 51.0,
                "TopMargin": 143.3278,
                "BottomMargin": 676.6722,
                "Tag": 138,
                "ActionTag": 1805565943,
                "Size": {
                  "X": 540.0,
                  "Y": 140.0
                },
                "Name": "heroProperty",
                "ctype": "ProjectNodeObjectData"
              },
              {
                "BackColorAlpha": 102,
                "SingleColor": {
                  "R": 150,
                  "G": 200
                },
                "FirstColor": {
                  "R": 150,
                  "G": 200
                },
                "EndColor": {},
                "ColorVector": {
                  "ScaleY": 1.0
                },
                "Scale9Width": 1,
                "Scale9Height": 1,
                "TouchEnable": true,
                "AnchorPoint": {},
                "Position": {
                  "X": 30.0,
                  "Y": 90.0
                },
                "Scale": {
                  "ScaleX": 1.0,
                  "ScaleY": 1.0
                },
                "CColor": {},
                "IconVisible": false,
                "PrePosition": {
                  "X": 0.0469,
                  "Y": 0.0938
                },
                "PreSize": {
                  "X": 0.9063,
                  "Y": 0.4792
                },
                "LeftMargin": 30.0,
                "RightMargin": 30.0,
                "TopMargin": 410.0,
                "BottomMargin": 90.0,
                "Tag": 90,
                "Children": [
                  {
                    "FileData": {
                      "Type": "Normal",
                      "Path": "mainUI/bg_04.png",
                      "Plist": ""
                    },
                    "Scale9Enable": true,
                    "Scale9OriginX": 13,
                    "Scale9OriginY": 13,
                    "Scale9Width": 5,
                    "Scale9Height": 6,
                    "AnchorPoint": {},
                    "Position": {
                      "X": 0.0,
                      "Y": 0.0
                    },
                    "Scale": {
                      "ScaleX": 1.0,
                      "ScaleY": 1.0
                    },
                    "CColor": {},
                    "IconVisible": false,
                    "PrePosition": {
                      "X": 0.0,
                      "Y": 0.0
                    },
                    "PreSize": {
                      "X": 1.0,
                      "Y": 1.0
                    },
                    "Tag": 92,
                    "ActionTag": 1700365971,
                    "Size": {
                      "X": 580.0,
                      "Y": 460.0
                    },
                    "Name": "skill_bg",
                    "ctype": "ImageViewObjectData"
                  },
                  {
                    "DirectionType": "Vertical",
                    "HorizontalType": "Align_HorizontalCenter",
                    "IsBounceEnabled": true,
                    "ScrollDirectionType": 0,
                    "ClipAble": true,
                    "BackColorAlpha": 102,
                    "SingleColor": {
                      "R": 150,
                      "G": 150
                    },
                    "FirstColor": {
                      "R": 150,
                      "G": 150
                    },
                    "EndColor": {},
                    "ColorVector": {
                      "ScaleY": 1.0
                    },
                    "Scale9Width": 1,
                    "Scale9Height": 1,
                    "TouchEnable": true,
                    "AnchorPoint": {},
                    "Position": {
                      "X": 4.0001,
                      "Y": 4.0
                    },
                    "Scale": {
                      "ScaleX": 1.0,
                      "ScaleY": 1.0
                    },
                    "CColor": {},
                    "IconVisible": false,
                    "PrePosition": {
                      "X": 0.0069,
                      "Y": 0.0087
                    },
                    "PreSize": {
                      "X": 0.9862,
                      "Y": 0.9826
                    },
                    "LeftMargin": 4.0001,
                    "RightMargin": 3.9999,
                    "TopMargin": 4.0,
                    "BottomMargin": 4.0,
                    "Tag": 91,
                    "ActionTag": 1969184978,
                    "Size": {
                      "X": 572.0,
                      "Y": 452.0
                    },
                    "Name": "skill_list",
                    "ctype": "ListViewObjectData"
                  }
                ],
                "ActionTag": -1929897660,
                "Size": {
                  "X": 580.0,
                  "Y": 460.0
                },
                "Name": "skill",
                "ctype": "PanelObjectData"
              },
              {
                "BackColorAlpha": 102,
                "SingleColor": {
                  "R": 150,
                  "G": 200
                },
                "FirstColor": {
                  "R": 150,
                  "G": 200
                },
                "EndColor": {},
                "ColorVector": {
                  "ScaleY": 1.0
                },
                "Scale9Width": 1,
                "Scale9Height": 1,
                "TouchEnable": true,
                "AnchorPoint": {},
                "Position": {
                  "X": 245.0,
                  "Y": 20.0
                },
                "Scale": {
                  "ScaleX": 1.0,
                  "ScaleY": 1.0
                },
                "CColor": {},
                "IconVisible": false,
                "PrePosition": {
                  "X": 0.3828,
                  "Y": 0.0208
                },
                "PreSize": {
                  "X": 0.2344,
                  "Y": 0.0625
                },
                "LeftMargin": 245.0,
                "RightMargin": 245.0,
                "TopMargin": 880.0,
                "BottomMargin": 20.0,
                "Tag": 93,
                "Children": [
                  {
                    "FontSize": 14,
                    "ButtonText": "",
                    "TextColor": {
                      "R": 65,
                      "G": 65,
                      "B": 70
                    },
                    "DisabledFileData": {
                      "Type": "Normal",
                      "Path": "mainUI/bg_14.png",
                      "Plist": ""
                    },
                    "PressedFileData": {
                      "Type": "Normal",
                      "Path": "mainUI/bg_14.png",
                      "Plist": ""
                    },
                    "NormalFileData": {
                      "Type": "Normal",
                      "Path": "mainUI/bg_14.png",
                      "Plist": ""
                    },
                    "Scale9Enable": true,
                    "Scale9OriginX": 15,
                    "Scale9OriginY": 15,
                    "Scale9Width": 2,
                    "Scale9Height": 17,
                    "OutlineColor": {
                      "G": 0,
                      "B": 0
                    },
                    "ShadowColor": {
                      "R": 110,
                      "G": 110,
                      "B": 110
                    },
                    "ShadowOffsetX": 2.0,
                    "ShadowOffsetY": -2.0,
                    "TouchEnable": true,
                    "AnchorPoint": {},
                    "Position": {
                      "X": 0.0,
                      "Y": 0.0
                    },
                    "Scale": {
                      "ScaleX": 1.0,
                      "ScaleY": 1.0
                    },
                    "CColor": {},
                    "IconVisible": false,
                    "PrePosition": {
                      "X": 0.0,
                      "Y": 0.0
                    },
                    "PreSize": {
                      "X": 1.0,
                      "Y": 1.0
                    },
                    "Tag": 96,
                    "ActionTag": 1916028761,
                    "Size": {
                      "X": 150.0,
                      "Y": 60.0
                    },
                    "Name": "back_btn",
                    "ctype": "ButtonObjectData"
                  },
                  {
                    "FileData": {
                      "Type": "MarkedSubImage",
                      "Path": "buttonUI/back.png",
                      "Plist": "ButtonUI.plist"
                    },
                    "Scale9Width": 105,
                    "Scale9Height": 44,
                    "AnchorPoint": {
                      "ScaleX": 0.5,
                      "ScaleY": 0.5
                    },
                    "Position": {
                      "X": 75.0,
                      "Y": 30.0
                    },
                    "Scale": {
                      "ScaleX": 1.0,
                      "ScaleY": 1.0
                    },
                    "CColor": {},
                    "IconVisible": false,
                    "PrePosition": {
                      "X": 0.5,
                      "Y": 0.5
                    },
                    "PreSize": {
                      "X": 0.7,
                      "Y": 0.7333
                    },
                    "LeftMargin": 22.5,
                    "RightMargin": 22.5,
                    "TopMargin": 8.0,
                    "BottomMargin": 8.0,
                    "Tag": 97,
                    "ActionTag": 1199255117,
                    "Size": {
                      "X": 105.0,
                      "Y": 44.0
                    },
                    "Name": "back_text",
                    "ctype": "ImageViewObjectData"
                  }
                ],
                "ActionTag": -770043321,
                "Size": {
                  "X": 150.0,
                  "Y": 60.0
                },
                "Name": "btn",
                "ctype": "PanelObjectData"
              }
            ],
            "ActionTag": -2125069117,
            "Size": {
              "X": 640.0,
              "Y": 960.0
            },
            "Name": "root",
            "ctype": "PanelObjectData"
          }
        ],
        "Size": {
          "X": 640.0,
          "Y": 960.0
        },
        "Name": "Layer",
        "ctype": "LayerObjectData"
      },
      "UsedResources": [
        "ButtonUI.plist",
        "ButtonUI.png",
        "font/white16-export.fnt",
        "font/white16-export.png",
        "HeroDescView.json",
        "mainUI/bg_01.png",
        "mainUI/bg_03.png",
        "mainUI/bg_04.png",
        "mainUI/bg_14.png",
        "mainUI/hero_icon.png"
      ],
      "ctype": "GameFileData"
    }
  },
  "Type": "Layer"
}