{
  "ID": "49bfb1cc-5062-4b23-8bfa-019bdefcfbfa",
  "Version": "2.3.3.0",
  "Name": "HeroLayer",
  "Content": {
    "Content": {
      "Animation": {
        "Duration": 0,
        "Speed": 1.0,
        "Timelines": [],
        "ctype": "TimelineActionData"
      },
      "AnimationList": [],
      "ObjectData": {
        "Tag": 202,
        "Children": [
          {
            "BackColorAlpha": 102,
            "SingleColor": {
              "R": 150,
              "G": 200
            },
            "FirstColor": {
              "R": 150,
              "G": 200
            },
            "EndColor": {},
            "ColorVector": {
              "ScaleY": 1.0
            },
            "Scale9Width": 1,
            "Scale9Height": 1,
            "TouchEnable": true,
            "AnchorPoint": {},
            "Position": {
              "X": 0.0,
              "Y": 0.0
            },
            "Scale": {
              "ScaleX": 1.0,
              "ScaleY": 1.0
            },
            "CColor": {},
            "IconVisible": false,
            "PrePosition": {
              "X": 0.0,
              "Y": 0.0
            },
            "PreSize": {
              "X": 1.0,
              "Y": 1.0
            },
            "Tag": 310,
            "Children": [
              {
                "FileData": {
                  "Type": "MarkedSubImage",
                  "Path": "heroUI/bg.png",
                  "Plist": "HeroUI.plist"
                },
                "Scale9Enable": true,
                "Scale9OriginX": 25,
                "Scale9OriginY": 25,
                "Scale9Width": 28,
                "Scale9Height": 28,
                "AnchorPoint": {},
                "Position": {
                  "X": 0.0,
                  "Y": 0.0
                },
                "Scale": {
                  "ScaleX": 1.0,
                  "ScaleY": 1.0
                },
                "CColor": {},
                "IconVisible": false,
                "PrePosition": {
                  "X": 0.0,
                  "Y": 0.0
                },
                "PreSize": {
                  "X": 1.0,
                  "Y": 1.0
                },
                "Tag": 209,
                "ActionTag": -1197973863,
                "Size": {
                  "X": 640.0,
                  "Y": 500.0
                },
                "Name": "hero_bg",
                "ctype": "ImageViewObjectData"
              },
              {
                "DirectionType": "Vertical",
                "HorizontalType": "Align_Right",
                "IsBounceEnabled": true,
                "ScrollDirectionType": 0,
                "ClipAble": true,
                "BackColorAlpha": 102,
                "SingleColor": {
                  "R": 150,
                  "G": 150
                },
                "FirstColor": {
                  "R": 150,
                  "G": 150
                },
                "EndColor": {},
                "ColorVector": {
                  "ScaleY": 1.0
                },
                "Scale9Width": 1,
                "Scale9Height": 1,
                "TouchEnable": true,
                "AnchorPoint": {},
                "Position": {
                  "X": 8.0,
                  "Y": 8.0
                },
                "Scale": {
                  "ScaleX": 1.0,
                  "ScaleY": 1.0
                },
                "CColor": {},
                "IconVisible": false,
                "PrePosition": {
                  "X": 0.0125,
                  "Y": 0.016
                },
                "PreSize": {
                  "X": 0.975,
                  "Y": 0.968
                },
                "LeftMargin": 8.0,
                "RightMargin": 8.0,
                "TopMargin": 8.0,
                "BottomMargin": 8.0,
                "Tag": 333,
                "ActionTag": -1263700766,
                "Size": {
                  "X": 624.0,
                  "Y": 484.0
                },
                "Name": "hero_list",
                "ctype": "ListViewObjectData"
              }
            ],
            "ActionTag": -2144724591,
            "Size": {
              "X": 640.0,
              "Y": 500.0
            },
            "Name": "root",
            "ctype": "PanelObjectData"
          }
        ],
        "Size": {
          "X": 640.0,
          "Y": 500.0
        },
        "Name": "Layer",
        "ctype": "LayerObjectData"
      },
      "UsedResources": [
        "HeroUI.plist",
        "HeroUI.png"
      ],
      "ctype": "GameFileData"
    }
  },
  "Type": "Layer"
}