{
  "ID": "894d957e-78dc-42f8-b0a5-274d10645352",
  "Version": "2.3.3.0",
  "Name": "HeroDescView",
  "Content": {
    "Content": {
      "Animation": {
        "Duration": 0,
        "Speed": 1.0,
        "Timelines": [],
        "ctype": "TimelineActionData"
      },
      "AnimationList": [],
      "ObjectData": {
        "Tag": 117,
        "Children": [
          {
            "BackColorAlpha": 102,
            "SingleColor": {
              "R": 150,
              "G": 200
            },
            "FirstColor": {
              "R": 150,
              "G": 200
            },
            "EndColor": {},
            "ColorVector": {
              "ScaleY": 1.0
            },
            "Scale9Width": 1,
            "Scale9Height": 1,
            "TouchEnable": true,
            "AnchorPoint": {},
            "Position": {
              "X": 0.0,
              "Y": 0.0
            },
            "Scale": {
              "ScaleX": 1.0,
              "ScaleY": 1.0
            },
            "CColor": {},
            "IconVisible": false,
            "PrePosition": {
              "X": 0.0,
              "Y": 0.0
            },
            "PreSize": {
              "X": 1.0,
              "Y": 1.0
            },
            "Tag": 118,
            "Children": [
              {
                "FileData": {
                  "Type": "Normal",
                  "Path": "mainUI/bg_03.png",
                  "Plist": ""
                },
                "Scale9Enable": true,
                "Scale9OriginX": 9,
                "Scale9OriginY": 11,
                "Scale9Width": 10,
                "Scale9Height": 14,
                "AnchorPoint": {},
                "Position": {
                  "X": 0.0,
                  "Y": 0.0
                },
                "Scale": {
                  "ScaleX": 1.0,
                  "ScaleY": 1.0
                },
                "CColor": {},
                "IconVisible": false,
                "PrePosition": {
                  "X": 0.0,
                  "Y": 0.0
                },
                "PreSize": {
                  "X": 1.0,
                  "Y": 1.0
                },
                "Tag": 137,
                "ActionTag": -861761138,
                "Size": {
                  "X": 540.0,
                  "Y": 140.0
                },
                "Name": "heroProperty_bg",
                "ctype": "ImageViewObjectData"
              },
              {
                "FileData": {
                  "Type": "MarkedSubImage",
                  "Path": "heroDescUI/atk.png",
                  "Plist": "HeroDescUI.plist"
                },
                "Scale9Width": 45,
                "Scale9Height": 45,
                "AnchorPoint": {
                  "ScaleX": 0.5,
                  "ScaleY": 0.5
                },
                "Position": {
                  "X": 45.916,
                  "Y": 107.8198
                },
                "Scale": {
                  "ScaleX": 1.0,
                  "ScaleY": 1.0
                },
                "CColor": {},
                "IconVisible": false,
                "PrePosition": {
                  "X": 0.085,
                  "Y": 0.7701
                },
                "PreSize": {
                  "X": 0.0556,
                  "Y": 0.2143
                },
                "LeftMargin": 30.916,
                "RightMargin": 479.084,
                "TopMargin": 17.1802,
                "BottomMargin": 92.8198,
                "Tag": 119,
                "ActionTag": -909994317,
                "Size": {
                  "X": 30.0,
                  "Y": 30.0
                },
                "Name": "atk_icon",
                "ctype": "ImageViewObjectData"
              },
              {
                "FileData": {
                  "Type": "MarkedSubImage",
                  "Path": "heroDescUI/tap.png",
                  "Plist": "HeroDescUI.plist"
                },
                "Scale9Width": 45,
                "Scale9Height": 45,
                "AnchorPoint": {
                  "ScaleX": 0.5,
                  "ScaleY": 0.5
                },
                "Position": {
                  "X": 45.916,
                  "Y": 71.294
                },
                "Scale": {
                  "ScaleX": 1.0,
                  "ScaleY": 1.0
                },
                "CColor": {},
                "IconVisible": false,
                "PrePosition": {
                  "X": 0.085,
                  "Y": 0.5092
                },
                "PreSize": {
                  "X": 0.0556,
                  "Y": 0.2143
                },
                "LeftMargin": 30.916,
                "RightMargin": 479.084,
                "TopMargin": 53.706,
                "BottomMargin": 56.294,
                "Tag": 120,
                "ActionTag": -1663495175,
                "Size": {
                  "X": 30.0,
                  "Y": 30.0
                },
                "Name": "tap_icon",
                "ctype": "ImageViewObjectData"
              },
              {
                "FileData": {
                  "Type": "MarkedSubImage",
                  "Path": "heroDescUI/life.png",
                  "Plist": "HeroDescUI.plist"
                },
                "Scale9Width": 45,
                "Scale9Height": 45,
                "AnchorPoint": {
                  "ScaleX": 0.5,
                  "ScaleY": 0.5
                },
                "Position": {
                  "X": 45.916,
                  "Y": 34.7677
                },
                "Scale": {
                  "ScaleX": 1.0,
                  "ScaleY": 1.0
                },
                "CColor": {},
                "IconVisible": false,
                "PrePosition": {
                  "X": 0.085,
                  "Y": 0.2483
                },
                "PreSize": {
                  "X": 0.0556,
                  "Y": 0.2143
                },
                "LeftMargin": 30.916,
                "RightMargin": 479.084,
                "TopMargin": 90.2323,
                "BottomMargin": 19.7677,
                "Tag": 121,
                "ActionTag": -833425354,
                "Size": {
                  "X": 30.0,
                  "Y": 30.0
                },
                "Name": "life_icon",
                "ctype": "ImageViewObjectData"
              },
              {
                "FileData": {
                  "Type": "MarkedSubImage",
                  "Path": "heroDescUI/atk_period.png",
                  "Plist": "HeroDescUI.plist"
                },
                "Scale9Width": 45,
                "Scale9Height": 45,
                "AnchorPoint": {
                  "ScaleX": 0.5,
                  "ScaleY": 0.5
                },
                "Position": {
                  "X": 296.8408,
                  "Y": 107.8213
                },
                "Scale": {
                  "ScaleX": 1.0,
                  "ScaleY": 1.0
                },
                "CColor": {},
                "IconVisible": false,
                "PrePosition": {
                  "X": 0.5497,
                  "Y": 0.7702
                },
                "PreSize": {
                  "X": 0.0556,
                  "Y": 0.2143
                },
                "LeftMargin": 281.8408,
                "RightMargin": 228.1592,
                "TopMargin": 17.1787,
                "BottomMargin": 92.8213,
                "CallBackType": "Click",
                "Tag": 122,
                "ActionTag": -186976113,
                "Size": {
                  "X": 30.0,
                  "Y": 30.0
                },
                "Name": "atk_period_icon",
                "ctype": "ImageViewObjectData"
              },
              {
                "FileData": {
                  "Type": "MarkedSubImage",
                  "Path": "heroDescUI/ctr_chance.png",
                  "Plist": "HeroDescUI.plist"
                },
                "Scale9Width": 45,
                "Scale9Height": 45,
                "AnchorPoint": {
                  "ScaleX": 0.5,
                  "ScaleY": 0.5
                },
                "Position": {
                  "X": 296.8408,
                  "Y": 71.2948
                },
                "Scale": {
                  "ScaleX": 1.0,
                  "ScaleY": 1.0
                },
                "CColor": {},
                "IconVisible": false,
                "PrePosition": {
                  "X": 0.5497,
                  "Y": 0.5092
                },
                "PreSize": {
                  "X": 0.0556,
                  "Y": 0.2143
                },
                "LeftMargin": 281.8408,
                "RightMargin": 228.1592,
                "TopMargin": 53.7052,
                "BottomMargin": 56.2948,
                "Tag": 123,
                "ActionTag": 762118286,
                "Size": {
                  "X": 30.0,
                  "Y": 30.0
                },
                "Name": "ctr_chance_icon",
                "ctype": "ImageViewObjectData"
              },
              {
                "FileData": {
                  "Type": "MarkedSubImage",
                  "Path": "heroDescUI/ctr_modify.png",
                  "Plist": "HeroDescUI.plist"
                },
                "Scale9Width": 45,
                "Scale9Height": 45,
                "AnchorPoint": {
                  "ScaleX": 0.5,
                  "ScaleY": 0.5
                },
                "Position": {
                  "X": 296.8408,
                  "Y": 34.7684
                },
                "Scale": {
                  "ScaleX": 1.0,
                  "ScaleY": 1.0
                },
                "CColor": {},
                "IconVisible": false,
                "PrePosition": {
                  "X": 0.5497,
                  "Y": 0.2483
                },
                "PreSize": {
                  "X": 0.0556,
                  "Y": 0.2143
                },
                "LeftMargin": 281.8408,
                "RightMargin": 228.1592,
                "TopMargin": 90.2316,
                "BottomMargin": 19.7684,
                "Tag": 124,
                "ActionTag": -191021529,
                "Size": {
                  "X": 30.0,
                  "Y": 30.0
                },
                "Name": "ctr_modify_icon",
                "ctype": "ImageViewObjectData"
              },
              {
                "FileData": {
                  "Type": "MarkedSubImage",
                  "Path": "heroDescUI/atk_lable.png",
                  "Plist": "HeroDescUI.plist"
                },
                "Scale9Width": 80,
                "Scale9Height": 28,
                "AnchorPoint": {
                  "ScaleX": 0.5,
                  "ScaleY": 0.5
                },
                "Position": {
                  "X": 103.3633,
                  "Y": 108.1834
                },
                "Scale": {
                  "ScaleX": 1.0,
                  "ScaleY": 1.0
                },
                "CColor": {},
                "IconVisible": false,
                "PrePosition": {
                  "X": 0.1914,
                  "Y": 0.7727
                },
                "PreSize": {
                  "X": 0.1481,
                  "Y": 0.2
                },
                "LeftMargin": 63.3633,
                "RightMargin": 396.6367,
                "TopMargin": 17.8166,
                "BottomMargin": 94.1834,
                "Tag": 125,
                "ActionTag": -760795414,
                "Size": {
                  "X": 80.0,
                  "Y": 28.0
                },
                "Name": "atk_lable_0",
                "ctype": "ImageViewObjectData"
              },
              {
                "FileData": {
                  "Type": "MarkedSubImage",
                  "Path": "heroDescUI/tap_lable.png",
                  "Plist": "HeroDescUI.plist"
                },
                "Scale9Width": 80,
                "Scale9Height": 28,
                "AnchorPoint": {
                  "ScaleX": 0.5,
                  "ScaleY": 0.5
                },
                "Position": {
                  "X": 103.3633,
                  "Y": 70.9299
                },
                "Scale": {
                  "ScaleX": 1.0,
                  "ScaleY": 1.0
                },
                "CColor": {},
                "IconVisible": false,
                "PrePosition": {
                  "X": 0.1914,
                  "Y": 0.5066
                },
                "PreSize": {
                  "X": 0.1481,
                  "Y": 0.2
                },
                "LeftMargin": 63.3633,
                "RightMargin": 396.6367,
                "TopMargin": 55.0701,
                "BottomMargin": 56.9299,
                "Tag": 126,
                "ActionTag": -178234365,
                "Size": {
                  "X": 80.0,
                  "Y": 28.0
                },
                "Name": "atk_lable",
                "ctype": "ImageViewObjectData"
              },
              {
                "FileData": {
                  "Type": "MarkedSubImage",
                  "Path": "heroDescUI/life_lable.png",
                  "Plist": "HeroDescUI.plist"
                },
                "Scale9Width": 80,
                "Scale9Height": 28,
                "AnchorPoint": {
                  "ScaleX": 0.5,
                  "ScaleY": 0.5
                },
                "Position": {
                  "X": 103.3633,
                  "Y": 33.6739
                },
                "Scale": {
                  "ScaleX": 1.0,
                  "ScaleY": 1.0
                },
                "CColor": {},
                "IconVisible": false,
                "PrePosition": {
                  "X": 0.1914,
                  "Y": 0.2405
                },
                "PreSize": {
                  "X": 0.1481,
                  "Y": 0.2
                },
                "LeftMargin": 63.3633,
                "RightMargin": 396.6367,
                "TopMargin": 92.3261,
                "BottomMargin": 19.6739,
                "Tag": 127,
                "ActionTag": 60155735,
                "Size": {
                  "X": 80.0,
                  "Y": 28.0
                },
                "Name": "life_lable",
                "ctype": "ImageViewObjectData"
              },
              {
                "FileData": {
                  "Type": "MarkedSubImage",
                  "Path": "heroDescUI/atk_period_lable.png",
                  "Plist": "HeroDescUI.plist"
                },
                "Scale9Width": 80,
                "Scale9Height": 28,
                "AnchorPoint": {
                  "ScaleX": 0.5,
                  "ScaleY": 0.5
                },
                "Position": {
                  "X": 352.5036,
                  "Y": 108.7205
                },
                "Scale": {
                  "ScaleX": 1.0,
                  "ScaleY": 1.0
                },
                "CColor": {},
                "IconVisible": false,
                "PrePosition": {
                  "X": 0.6528,
                  "Y": 0.7766
                },
                "PreSize": {
                  "X": 0.1481,
                  "Y": 0.2
                },
                "LeftMargin": 312.5036,
                "RightMargin": 147.4964,
                "TopMargin": 17.2795,
                "BottomMargin": 94.7205,
                "Tag": 128,
                "ActionTag": -727813023,
                "Size": {
                  "X": 80.0,
                  "Y": 28.0
                },
                "Name": "atk_period_lable",
                "ctype": "ImageViewObjectData"
              },
              {
                "FileData": {
                  "Type": "MarkedSubImage",
                  "Path": "heroDescUI/ctr_chance_lable.png",
                  "Plist": "HeroDescUI.plist"
                },
                "Scale9Width": 80,
                "Scale9Height": 28,
                "AnchorPoint": {
                  "ScaleX": 0.5,
                  "ScaleY": 0.5
                },
                "Position": {
                  "X": 352.5039,
                  "Y": 70.8013
                },
                "Scale": {
                  "ScaleX": 1.0,
                  "ScaleY": 1.0
                },
                "CColor": {},
                "IconVisible": false,
                "PrePosition": {
                  "X": 0.6528,
                  "Y": 0.5057
                },
                "PreSize": {
                  "X": 0.1481,
                  "Y": 0.2
                },
                "LeftMargin": 312.5039,
                "RightMargin": 147.4961,
                "TopMargin": 55.1987,
                "BottomMargin": 56.8013,
                "Tag": 129,
                "ActionTag": 396906314,
                "Size": {
                  "X": 80.0,
                  "Y": 28.0
                },
                "Name": "ctr_chance_lable",
                "ctype": "ImageViewObjectData"
              },
              {
                "FileData": {
                  "Type": "MarkedSubImage",
                  "Path": "heroDescUI/ctr_modify_lable.png",
                  "Plist": "HeroDescUI.plist"
                },
                "Scale9Width": 80,
                "Scale9Height": 28,
                "AnchorPoint": {
                  "ScaleX": 0.5,
                  "ScaleY": 0.5
                },
                "Position": {
                  "X": 352.5036,
                  "Y": 32.8811
                },
                "Scale": {
                  "ScaleX": 1.0,
                  "ScaleY": 1.0
                },
                "CColor": {},
                "IconVisible": false,
                "PrePosition": {
                  "X": 0.6528,
                  "Y": 0.2349
                },
                "PreSize": {
                  "X": 0.1481,
                  "Y": 0.2
                },
                "LeftMargin": 312.5036,
                "RightMargin": 147.4964,
                "TopMargin": 93.1189,
                "BottomMargin": 18.8811,
                "Tag": 130,
                "ActionTag": -467008122,
                "Size": {
                  "X": 80.0,
                  "Y": 28.0
                },
                "Name": "ctr_modify_lable",
                "ctype": "ImageViewObjectData"
              },
              {
                "LabelText": "9999",
                "LabelBMFontFile_CNB": {
                  "Type": "Normal",
                  "Path": "font/white16-export.fnt",
                  "Plist": ""
                },
                "AnchorPoint": {
                  "ScaleY": 0.5
                },
                "Position": {
                  "X": 147.1306,
                  "Y": 107.0
                },
                "Scale": {
                  "ScaleX": 1.0,
                  "ScaleY": 1.0
                },
                "CColor": {
                  "B": 0
                },
                "IconVisible": false,
                "PrePosition": {
                  "X": 0.2725,
                  "Y": 0.7643
                },
                "PreSize": {
                  "X": 0.1352,
                  "Y": 0.1429
                },
                "LeftMargin": 147.1306,
                "RightMargin": 319.8694,
                "TopMargin": 23.0,
                "BottomMargin": 97.0,
                "CallBackType": "Click",
                "Tag": 406,
                "ActionTag": -253997819,
                "Size": {
                  "X": 73.0,
                  "Y": 20.0
                },
                "Name": "atk_text",
                "ctype": "TextBMFontObjectData"
              },
              {
                "LabelText": "9999",
                "LabelBMFontFile_CNB": {
                  "Type": "Normal",
                  "Path": "font/white16-export.fnt",
                  "Plist": ""
                },
                "AnchorPoint": {
                  "ScaleY": 0.5
                },
                "Position": {
                  "X": 147.1306,
                  "Y": 70.16
                },
                "Scale": {
                  "ScaleX": 1.0,
                  "ScaleY": 1.0
                },
                "CColor": {
                  "B": 0
                },
                "IconVisible": false,
                "PrePosition": {
                  "X": 0.2725,
                  "Y": 0.5011
                },
                "PreSize": {
                  "X": 0.1352,
                  "Y": 0.1429
                },
                "LeftMargin": 147.1306,
                "RightMargin": 319.8694,
                "TopMargin": 59.84,
                "BottomMargin": 60.16,
                "CallBackType": "Click",
                "Tag": 407,
                "ActionTag": 1151485905,
                "Size": {
                  "X": 73.0,
                  "Y": 20.0
                },
                "Name": "tap_text",
                "ctype": "TextBMFontObjectData"
              },
              {
                "LabelText": "999999",
                "LabelBMFontFile_CNB": {
                  "Type": "Normal",
                  "Path": "font/white16-export.fnt",
                  "Plist": ""
                },
                "AnchorPoint": {
                  "ScaleY": 0.5
                },
                "Position": {
                  "X": 133.1304,
                  "Y": 33.32
                },
                "Scale": {
                  "ScaleX": 1.0,
                  "ScaleY": 1.0
                },
                "CColor": {
                  "B": 0
                },
                "IconVisible": false,
                "PrePosition": {
                  "X": 0.2465,
                  "Y": 0.238
                },
                "PreSize": {
                  "X": 0.2019,
                  "Y": 0.1429
                },
                "LeftMargin": 133.1304,
                "RightMargin": 297.8696,
                "TopMargin": 96.68,
                "BottomMargin": 23.32,
                "CallBackType": "Click",
                "Tag": 408,
                "ActionTag": 1861095697,
                "Size": {
                  "X": 109.0,
                  "Y": 20.0
                },
                "Name": "life_text",
                "ctype": "TextBMFontObjectData"
              },
              {
                "LabelText": "1.05",
                "LabelBMFontFile_CNB": {
                  "Type": "Normal",
                  "Path": "font/white16-export.fnt",
                  "Plist": ""
                },
                "AnchorPoint": {
                  "ScaleY": 0.5
                },
                "Position": {
                  "X": 403.9962,
                  "Y": 109.0042
                },
                "Scale": {
                  "ScaleX": 1.0,
                  "ScaleY": 1.0
                },
                "CColor": {
                  "B": 0
                },
                "IconVisible": false,
                "PrePosition": {
                  "X": 0.7481,
                  "Y": 0.7786
                },
                "PreSize": {
                  "X": 0.0944,
                  "Y": 0.1429
                },
                "LeftMargin": 403.9962,
                "RightMargin": 85.0038,
                "TopMargin": 20.9958,
                "BottomMargin": 99.0042,
                "CallBackType": "Click",
                "Tag": 409,
                "ActionTag": 842236456,
                "Size": {
                  "X": 51.0,
                  "Y": 20.0
                },
                "Name": "atk_period_text",
                "ctype": "TextBMFontObjectData"
              },
              {
                "LabelText": "3.25%",
                "LabelBMFontFile_CNB": {
                  "Type": "Normal",
                  "Path": "font/white16-export.fnt",
                  "Plist": ""
                },
                "AnchorPoint": {
                  "ScaleY": 0.5
                },
                "Position": {
                  "X": 403.9962,
                  "Y": 70.5577
                },
                "Scale": {
                  "ScaleX": 1.0,
                  "ScaleY": 1.0
                },
                "CColor": {
                  "B": 0
                },
                "IconVisible": false,
                "PrePosition": {
                  "X": 0.7481,
                  "Y": 0.504
                },
                "PreSize": {
                  "X": 0.1352,
                  "Y": 0.1429
                },
                "LeftMargin": 403.9962,
                "RightMargin": 63.0038,
                "TopMargin": 59.4423,
                "BottomMargin": 60.5577,
                "CallBackType": "Click",
                "Tag": 410,
                "ActionTag": 1505919400,
                "Size": {
                  "X": 73.0,
                  "Y": 20.0
                },
                "Name": "ctr_chance_text",
                "ctype": "TextBMFontObjectData"
              },
              {
                "LabelText": "250.63%",
                "LabelBMFontFile_CNB": {
                  "Type": "Normal",
                  "Path": "font/white16-export.fnt",
                  "Plist": ""
                },
                "AnchorPoint": {
                  "ScaleY": 0.5
                },
                "Position": {
                  "X": 403.9962,
                  "Y": 33.1113
                },
                "Scale": {
                  "ScaleX": 1.0,
                  "ScaleY": 1.0
                },
                "CColor": {
                  "B": 0
                },
                "IconVisible": false,
                "PrePosition": {
                  "X": 0.7481,
                  "Y": 0.2365
                },
                "PreSize": {
                  "X": 0.1981,
                  "Y": 0.1429
                },
                "LeftMargin": 403.9962,
                "RightMargin": 29.0038,
                "TopMargin": 96.8887,
                "BottomMargin": 23.1113,
                "CallBackType": "Click",
                "Tag": 411,
                "ActionTag": 2059305747,
                "Size": {
                  "X": 107.0,
                  "Y": 20.0
                },
                "Name": "ctr_modify_text",
                "ctype": "TextBMFontObjectData"
              }
            ],
            "ActionTag": -101405835,
            "Size": {
              "X": 540.0,
              "Y": 140.0
            },
            "Name": "root",
            "ctype": "PanelObjectData"
          }
        ],
        "Size": {
          "X": 540.0,
          "Y": 140.0
        },
        "Name": "Layer",
        "ctype": "LayerObjectData"
      },
      "UsedResources": [
        "font/white16-export.fnt",
        "font/white16-export.png",
        "HeroDescUI.plist",
        "HeroDescUI.png",
        "mainUI/bg_03.png"
      ],
      "ctype": "GameFileData"
    }
  },
  "Type": "Layer"
}