{
  "ID": "52e99430-ad35-448f-8e29-abd2adccd0a9",
  "Version": "2.3.3.0",
  "Name": "ItemLayer",
  "Content": {
    "Content": {
      "Animation": {
        "Duration": 0,
        "Speed": 1.0,
        "Timelines": [],
        "ctype": "TimelineActionData"
      },
      "AnimationList": [],
      "ObjectData": {
        "Tag": 118,
        "Children": [
          {
            "BackColorAlpha": 102,
            "SingleColor": {
              "R": 150,
              "G": 200
            },
            "FirstColor": {
              "R": 150,
              "G": 200
            },
            "EndColor": {},
            "ColorVector": {
              "ScaleY": 1.0
            },
            "Scale9Width": 1,
            "Scale9Height": 1,
            "TouchEnable": true,
            "AnchorPoint": {},
            "Position": {
              "X": 0.0,
              "Y": 0.0
            },
            "Scale": {
              "ScaleX": 1.0,
              "ScaleY": 1.0
            },
            "CColor": {},
            "IconVisible": false,
            "PrePosition": {
              "X": 0.0,
              "Y": 0.0
            },
            "PreSize": {
              "X": 1.0,
              "Y": 1.0
            },
            "Tag": 119,
            "Children": [
              {
                "FileData": {
                  "Type": "Normal",
                  "Path": "mainUI/bg_10.png",
                  "Plist": ""
                },
                "Scale9Enable": true,
                "Scale9OriginX": 25,
                "Scale9OriginY": 25,
                "Scale9Width": 24,
                "Scale9Height": 24,
                "AnchorPoint": {},
                "Position": {
                  "X": 0.0,
                  "Y": 0.0
                },
                "Scale": {
                  "ScaleX": 1.0,
                  "ScaleY": 1.0
                },
                "CColor": {},
                "IconVisible": false,
                "PrePosition": {
                  "X": 0.0,
                  "Y": 0.0
                },
                "PreSize": {
                  "X": 1.0,
                  "Y": 1.0
                },
                "Tag": 120,
                "ActionTag": 2035668169,
                "Size": {
                  "X": 100.0,
                  "Y": 100.0
                },
                "Name": "item_bg",
                "ctype": "ImageViewObjectData"
              },
              {
                "FileData": {
                  "Type": "Normal",
                  "Path": "mainUI/equip_icon.png",
                  "Plist": ""
                },
                "Scale9Width": 90,
                "Scale9Height": 90,
                "AnchorPoint": {},
                "Position": {
                  "X": 5.0,
                  "Y": 5.0
                },
                "Scale": {
                  "ScaleX": 1.0,
                  "ScaleY": 1.0
                },
                "CColor": {},
                "IconVisible": false,
                "PrePosition": {
                  "X": 0.05,
                  "Y": 0.05
                },
                "PreSize": {
                  "X": 0.9,
                  "Y": 0.9
                },
                "LeftMargin": 5.0,
                "RightMargin": 5.0,
                "TopMargin": 5.0,
                "BottomMargin": 5.0,
                "Tag": 121,
                "ActionTag": -305087361,
                "Size": {
                  "X": 90.0,
                  "Y": 90.0
                },
                "Name": "item_icon",
                "ctype": "ImageViewObjectData"
              },
              {
                "LabelText": "999",
                "LabelBMFontFile_CNB": {
                  "Type": "Normal",
                  "Path": "font/white10-export.fnt",
                  "Plist": ""
                },
                "AnchorPoint": {
                  "ScaleX": 1.0,
                  "ScaleY": 0.5
                },
                "Position": {
                  "X": 93.3663,
                  "Y": 15.3345
                },
                "Scale": {
                  "ScaleX": 1.0,
                  "ScaleY": 1.0
                },
                "CColor": {
                  "B": 0
                },
                "IconVisible": false,
                "PrePosition": {
                  "X": 0.9337,
                  "Y": 0.1533
                },
                "PreSize": {
                  "X": 0.43,
                  "Y": 0.18
                },
                "LeftMargin": 50.3663,
                "RightMargin": 6.6337,
                "TopMargin": 75.6655,
                "BottomMargin": 6.3345,
                "Tag": 1111,
                "ActionTag": -662718539,
                "Size": {
                  "X": 43.0,
                  "Y": 18.0
                },
                "Name": "sale_text",
                "ctype": "TextBMFontObjectData"
              }
            ],
            "ActionTag": -2075105123,
            "Size": {
              "X": 100.0,
              "Y": 100.0
            },
            "Name": "root",
            "ctype": "PanelObjectData"
          }
        ],
        "Size": {
          "X": 100.0,
          "Y": 100.0
        },
        "Name": "Layer",
        "ctype": "LayerObjectData"
      },
      "UsedResources": [
        "font/white10-export.fnt",
        "font/white10-export.png",
        "mainUI/bg_10.png",
        "mainUI/equip_icon.png"
      ],
      "ctype": "GameFileData"
    }
  },
  "Type": "Layer"
}