{
  "ID": "97a7786d-6f61-463a-bffc-60f921c751ab",
  "Version": "2.3.3.0",
  "Name": "MaillLayer",
  "Content": {
    "Content": {
      "Animation": {
        "Duration": 0,
        "Speed": 1.0,
        "Timelines": [],
        "ctype": "TimelineActionData"
      },
      "AnimationList": [],
      "ObjectData": {
        "Tag": 87,
        "Children": [
          {
            "BackColorAlpha": 102,
            "SingleColor": {
              "R": 150,
              "G": 200
            },
            "FirstColor": {
              "R": 150,
              "G": 200
            },
            "EndColor": {},
            "ColorVector": {
              "ScaleY": 1.0
            },
            "Scale9Width": 1,
            "Scale9Height": 1,
            "TouchEnable": true,
            "AnchorPoint": {},
            "Position": {
              "X": 0.0,
              "Y": 0.0
            },
            "Scale": {
              "ScaleX": 1.0,
              "ScaleY": 1.0
            },
            "CColor": {},
            "IconVisible": false,
            "PrePosition": {
              "X": 0.0,
              "Y": 0.0
            },
            "PreSize": {
              "X": 1.0,
              "Y": 1.0
            },
            "CallBackType": "Click",
            "Tag": 200,
            "Children": [
              {
                "FileData": {
                  "Type": "Normal",
                  "Path": "mainUI/bg_01.png",
                  "Plist": ""
                },
                "Scale9Enable": true,
                "Scale9OriginX": 25,
                "Scale9OriginY": 25,
                "Scale9Width": 28,
                "Scale9Height": 28,
                "AnchorPoint": {},
                "Position": {
                  "X": 0.0,
                  "Y": 0.0
                },
                "Scale": {
                  "ScaleX": 1.0,
                  "ScaleY": 1.0
                },
                "CColor": {},
                "IconVisible": false,
                "PrePosition": {
                  "X": 0.0,
                  "Y": 0.0
                },
                "PreSize": {
                  "X": 1.0,
                  "Y": 1.0
                },
                "Tag": 201,
                "ActionTag": -1975951940,
                "Size": {
                  "X": 600.0,
                  "Y": 650.0
                },
                "Name": "bg",
                "ctype": "ImageViewObjectData"
              },
              {
                "FileData": {
                  "Type": "Normal",
                  "Path": "mainUI/bg_03.png",
                  "Plist": ""
                },
                "Scale9Enable": true,
                "Scale9OriginX": 9,
                "Scale9OriginY": 11,
                "Scale9Width": 10,
                "Scale9Height": 14,
                "AnchorPoint": {},
                "Position": {
                  "X": 20.5768,
                  "Y": 123.0733
                },
                "Scale": {
                  "ScaleX": 1.0,
                  "ScaleY": 1.0
                },
                "CColor": {},
                "IconVisible": false,
                "PrePosition": {
                  "X": 0.0343,
                  "Y": 0.1893
                },
                "PreSize": {
                  "X": 0.9333,
                  "Y": 0.7385
                },
                "LeftMargin": 20.5768,
                "RightMargin": 19.4232,
                "TopMargin": 46.9267,
                "BottomMargin": 123.0733,
                "Tag": 202,
                "ActionTag": 1553888994,
                "Size": {
                  "X": 560.0,
                  "Y": 480.0
                },
                "Name": "view_bg",
                "ctype": "ImageViewObjectData"
              },
              {
                "FileData": {
                  "Type": "Normal",
                  "Path": "mainUI/bg_03.png",
                  "Plist": ""
                },
                "Scale9Enable": true,
                "Scale9OriginX": 9,
                "Scale9OriginY": 12,
                "Scale9Width": 10,
                "Scale9Height": 13,
                "AnchorPoint": {
                  "ScaleX": 0.5,
                  "ScaleY": 0.5
                },
                "Position": {
                  "X": 299.49,
                  "Y": 94.7043
                },
                "Scale": {
                  "ScaleX": 1.0,
                  "ScaleY": 1.0
                },
                "CColor": {},
                "IconVisible": false,
                "PrePosition": {
                  "X": 0.4991,
                  "Y": 0.1457
                },
                "PreSize": {
                  "X": 0.1667,
                  "Y": 0.0615
                },
                "LeftMargin": 249.49,
                "RightMargin": 250.51,
                "TopMargin": 535.2957,
                "BottomMargin": 74.7043,
                "Tag": 203,
                "ActionTag": 1529781592,
                "Size": {
                  "X": 100.0,
                  "Y": 40.0
                },
                "Name": "num_bg",
                "ctype": "ImageViewObjectData"
              },
              {
                "IsCustomSize": true,
                "FontSize": 20,
                "LabelText": "20/99",
                "HorizontalAlignmentType": "HT_Center",
                "VerticalAlignmentType": "VT_Center",
                "OutlineColor": {
                  "G": 0,
                  "B": 0
                },
                "ShadowColor": {
                  "R": 110,
                  "G": 110,
                  "B": 110
                },
                "ShadowOffsetX": 2.0,
                "ShadowOffsetY": -2.0,
                "AnchorPoint": {
                  "ScaleX": 0.5,
                  "ScaleY": 0.5
                },
                "Position": {
                  "X": 299.49,
                  "Y": 95.7038
                },
                "Scale": {
                  "ScaleX": 1.0,
                  "ScaleY": 1.0
                },
                "CColor": {},
                "IconVisible": false,
                "PrePosition": {
                  "X": 0.4991,
                  "Y": 0.1472
                },
                "PreSize": {
                  "X": 0.1333,
                  "Y": 0.0308
                },
                "LeftMargin": 259.49,
                "RightMargin": 260.51,
                "TopMargin": 544.2962,
                "BottomMargin": 85.7038,
                "Tag": 212,
                "ActionTag": -1384916783,
                "Size": {
                  "X": 80.0,
                  "Y": 20.0
                },
                "Name": "num",
                "ctype": "TextObjectData"
              },
              {
                "BackColorAlpha": 102,
                "SingleColor": {
                  "R": 150,
                  "G": 200
                },
                "FirstColor": {
                  "R": 150,
                  "G": 200
                },
                "EndColor": {},
                "ColorVector": {
                  "ScaleY": 1.0
                },
                "Scale9Width": 1,
                "Scale9Height": 1,
                "TouchEnable": true,
                "AnchorPoint": {},
                "Position": {
                  "X": 85.5283,
                  "Y": 24.3592
                },
                "Scale": {
                  "ScaleX": 1.0,
                  "ScaleY": 1.0
                },
                "CColor": {},
                "IconVisible": false,
                "PrePosition": {
                  "X": 0.1425,
                  "Y": 0.0375
                },
                "PreSize": {
                  "X": 0.25,
                  "Y": 0.0923
                },
                "LeftMargin": 85.5283,
                "RightMargin": 364.4717,
                "TopMargin": 565.6408,
                "BottomMargin": 24.3592,
                "Tag": 204,
                "Children": [
                  {
                    "FontSize": 14,
                    "ButtonText": "",
                    "TextColor": {
                      "R": 65,
                      "G": 65,
                      "B": 70
                    },
                    "DisabledFileData": {
                      "Type": "Normal",
                      "Path": "mainUI/bg_14.png",
                      "Plist": ""
                    },
                    "PressedFileData": {
                      "Type": "Normal",
                      "Path": "mainUI/bg_14.png",
                      "Plist": ""
                    },
                    "NormalFileData": {
                      "Type": "Normal",
                      "Path": "mainUI/bg_14.png",
                      "Plist": ""
                    },
                    "Scale9Enable": true,
                    "Scale9OriginX": 13,
                    "Scale9OriginY": 13,
                    "Scale9Width": 6,
                    "Scale9Height": 21,
                    "OutlineColor": {
                      "G": 0,
                      "B": 0
                    },
                    "ShadowColor": {
                      "R": 110,
                      "G": 110,
                      "B": 110
                    },
                    "ShadowOffsetX": 2.0,
                    "ShadowOffsetY": -2.0,
                    "TouchEnable": true,
                    "AnchorPoint": {},
                    "Position": {
                      "X": 0.0,
                      "Y": 0.0
                    },
                    "Scale": {
                      "ScaleX": 1.0,
                      "ScaleY": 1.0
                    },
                    "CColor": {},
                    "IconVisible": false,
                    "PrePosition": {
                      "X": 0.0,
                      "Y": 0.0
                    },
                    "PreSize": {
                      "X": 1.0,
                      "Y": 1.0
                    },
                    "CallBackType": "Click",
                    "Tag": 205,
                    "ActionTag": -1147753795,
                    "Size": {
                      "X": 150.0,
                      "Y": 60.0
                    },
                    "Name": "btn",
                    "ctype": "ButtonObjectData"
                  },
                  {
                    "FileData": {
                      "Type": "MarkedSubImage",
                      "Path": "maillUI/delete.png",
                      "Plist": "OtherUI.plist"
                    },
                    "Scale9Width": 92,
                    "Scale9Height": 29,
                    "AnchorPoint": {
                      "ScaleX": 0.5,
                      "ScaleY": 0.5
                    },
                    "Position": {
                      "X": 75.0,
                      "Y": 30.0
                    },
                    "Scale": {
                      "ScaleX": 1.2,
                      "ScaleY": 1.2
                    },
                    "CColor": {},
                    "IconVisible": false,
                    "PrePosition": {
                      "X": 0.5,
                      "Y": 0.5
                    },
                    "PreSize": {
                      "X": 0.6133,
                      "Y": 0.4833
                    },
                    "LeftMargin": 29.0,
                    "RightMargin": 29.0,
                    "TopMargin": 15.5,
                    "BottomMargin": 15.5,
                    "CallBackType": "Touch",
                    "Tag": 206,
                    "ActionTag": 1893312589,
                    "Size": {
                      "X": 92.0,
                      "Y": 29.0
                    },
                    "Name": "delete",
                    "ctype": "ImageViewObjectData"
                  }
                ],
                "ActionTag": 751088081,
                "Size": {
                  "X": 150.0,
                  "Y": 60.0
                },
                "Name": "delete_btn",
                "ctype": "PanelObjectData"
              },
              {
                "BackColorAlpha": 102,
                "SingleColor": {
                  "R": 150,
                  "G": 200
                },
                "FirstColor": {
                  "R": 150,
                  "G": 200
                },
                "EndColor": {},
                "ColorVector": {
                  "ScaleY": 1.0
                },
                "Scale9Width": 1,
                "Scale9Height": 1,
                "TouchEnable": true,
                "AnchorPoint": {},
                "Position": {
                  "X": 373.4464,
                  "Y": 24.5604
                },
                "Scale": {
                  "ScaleX": 1.0,
                  "ScaleY": 1.0
                },
                "CColor": {},
                "IconVisible": false,
                "PrePosition": {
                  "X": 0.6224,
                  "Y": 0.0378
                },
                "PreSize": {
                  "X": 0.25,
                  "Y": 0.0923
                },
                "LeftMargin": 373.4464,
                "RightMargin": 76.5536,
                "TopMargin": 565.4396,
                "BottomMargin": 24.5604,
                "Tag": 208,
                "Children": [
                  {
                    "FontSize": 14,
                    "ButtonText": "",
                    "TextColor": {
                      "R": 65,
                      "G": 65,
                      "B": 70
                    },
                    "DisabledFileData": {
                      "Type": "Normal",
                      "Path": "mainUI/bg_14.png",
                      "Plist": ""
                    },
                    "PressedFileData": {
                      "Type": "Normal",
                      "Path": "mainUI/bg_14.png",
                      "Plist": ""
                    },
                    "NormalFileData": {
                      "Type": "Normal",
                      "Path": "mainUI/bg_14.png",
                      "Plist": ""
                    },
                    "Scale9Enable": true,
                    "Scale9OriginX": 13,
                    "Scale9OriginY": 13,
                    "Scale9Width": 6,
                    "Scale9Height": 21,
                    "OutlineColor": {
                      "G": 0,
                      "B": 0
                    },
                    "ShadowColor": {
                      "R": 110,
                      "G": 110,
                      "B": 110
                    },
                    "ShadowOffsetX": 2.0,
                    "ShadowOffsetY": -2.0,
                    "TouchEnable": true,
                    "AnchorPoint": {},
                    "Position": {
                      "X": 0.0,
                      "Y": 0.0
                    },
                    "Scale": {
                      "ScaleX": 1.0,
                      "ScaleY": 1.0
                    },
                    "CColor": {},
                    "IconVisible": false,
                    "PrePosition": {
                      "X": 0.0,
                      "Y": 0.0
                    },
                    "PreSize": {
                      "X": 1.0,
                      "Y": 1.0
                    },
                    "CallBackType": "Click",
                    "Tag": 209,
                    "ActionTag": -1965178886,
                    "Size": {
                      "X": 150.0,
                      "Y": 60.0
                    },
                    "Name": "btn",
                    "ctype": "ButtonObjectData"
                  },
                  {
                    "FileData": {
                      "Type": "MarkedSubImage",
                      "Path": "maillUI/get.png",
                      "Plist": "OtherUI.plist"
                    },
                    "Scale9Width": 92,
                    "Scale9Height": 29,
                    "AnchorPoint": {
                      "ScaleX": 0.5,
                      "ScaleY": 0.5
                    },
                    "Position": {
                      "X": 75.0,
                      "Y": 30.0
                    },
                    "Scale": {
                      "ScaleX": 1.2,
                      "ScaleY": 1.2
                    },
                    "CColor": {},
                    "IconVisible": false,
                    "PrePosition": {
                      "X": 0.5,
                      "Y": 0.5
                    },
                    "PreSize": {
                      "X": 0.6133,
                      "Y": 0.4833
                    },
                    "LeftMargin": 29.0,
                    "RightMargin": 29.0,
                    "TopMargin": 15.5,
                    "BottomMargin": 15.5,
                    "CallBackType": "Touch",
                    "Tag": 210,
                    "ActionTag": -610179239,
                    "Size": {
                      "X": 92.0,
                      "Y": 29.0
                    },
                    "Name": "get",
                    "ctype": "ImageViewObjectData"
                  }
                ],
                "ActionTag": 1209105305,
                "Size": {
                  "X": 150.0,
                  "Y": 60.0
                },
                "Name": "get_btn",
                "ctype": "PanelObjectData"
              },
              {
                "FileData": {
                  "Type": "Normal",
                  "Path": "mainUI/title_bg4.png",
                  "Plist": ""
                },
                "Scale9Enable": true,
                "Scale9OriginX": 13,
                "Scale9OriginY": 13,
                "Scale9Width": 97,
                "Scale9Height": 16,
                "AnchorPoint": {
                  "ScaleX": 0.5,
                  "ScaleY": 0.5
                },
                "Position": {
                  "X": 303.4828,
                  "Y": 658.2842
                },
                "Scale": {
                  "ScaleX": 2.6,
                  "ScaleY": 1.7
                },
                "CColor": {},
                "IconVisible": false,
                "PrePosition": {
                  "X": 0.5058,
                  "Y": 1.0127
                },
                "PreSize": {
                  "X": 0.205,
                  "Y": 0.0646
                },
                "LeftMargin": 241.9828,
                "RightMargin": 235.0172,
                "TopMargin": -29.2842,
                "BottomMargin": 637.2842,
                "Tag": 207,
                "ActionTag": 92619797,
                "Size": {
                  "X": 123.0,
                  "Y": 42.0
                },
                "Name": "title_bg",
                "ctype": "ImageViewObjectData"
              },
              {
                "FileData": {
                  "Type": "MarkedSubImage",
                  "Path": "maillUI/title.png",
                  "Plist": "OtherUI.plist"
                },
                "Scale9Width": 129,
                "Scale9Height": 58,
                "AnchorPoint": {
                  "ScaleX": 0.5,
                  "ScaleY": 0.5
                },
                "Position": {
                  "X": 302.483,
                  "Y": 664.2837
                },
                "Scale": {
                  "ScaleX": 1.0,
                  "ScaleY": 1.0
                },
                "CColor": {},
                "IconVisible": false,
                "PrePosition": {
                  "X": 0.5041,
                  "Y": 1.022
                },
                "PreSize": {
                  "X": 0.215,
                  "Y": 0.0892
                },
                "LeftMargin": 237.983,
                "RightMargin": 233.017,
                "TopMargin": -43.2837,
                "BottomMargin": 635.2837,
                "CallBackType": "Click",
                "Tag": 211,
                "ActionTag": 856378625,
                "Size": {
                  "X": 129.0,
                  "Y": 58.0
                },
                "Name": "title",
                "ctype": "ImageViewObjectData"
              },
              {
                "FileData": {
                  "Type": "Normal",
                  "Path": "CloseBtn.json",
                  "Plist": ""
                },
                "StretchWidthEnable": false,
                "StretchHeightEnable": false,
                "InnerActionSpeed": 1.0,
                "AnchorPoint": {},
                "Position": {
                  "X": 563.7486,
                  "Y": 605.47
                },
                "Scale": {
                  "ScaleX": 1.0,
                  "ScaleY": 1.0
                },
                "CColor": {},
                "IconVisible": true,
                "PrePosition": {
                  "X": 0.9396,
                  "Y": 0.9315
                },
                "PreSize": {
                  "X": 0.0933,
                  "Y": 0.0892
                },
                "LeftMargin": 563.7486,
                "RightMargin": -19.7486,
                "TopMargin": -13.47,
                "BottomMargin": 605.47,
                "Tag": 213,
                "ActionTag": 1384084568,
                "Size": {
                  "X": 56.0,
                  "Y": 58.0
                },
                "Name": "close_btn",
                "ctype": "ProjectNodeObjectData"
              },
              {
                "DirectionType": "Vertical",
                "IsBounceEnabled": true,
                "ScrollDirectionType": 0,
                "ClipAble": true,
                "BackColorAlpha": 102,
                "SingleColor": {
                  "R": 150,
                  "G": 150
                },
                "FirstColor": {
                  "R": 150,
                  "G": 150
                },
                "EndColor": {},
                "ColorVector": {
                  "ScaleY": 1.0
                },
                "Scale9Width": 1,
                "Scale9Height": 1,
                "TouchEnable": true,
                "AnchorPoint": {},
                "Position": {
                  "X": 34.7511,
                  "Y": 140.9178
                },
                "Scale": {
                  "ScaleX": 1.0,
                  "ScaleY": 1.0
                },
                "CColor": {},
                "IconVisible": false,
                "PrePosition": {
                  "X": 0.0579,
                  "Y": 0.2168
                },
                "PreSize": {
                  "X": 0.8833,
                  "Y": 0.6923
                },
                "LeftMargin": 34.7511,
                "RightMargin": 35.2489,
                "TopMargin": 59.0822,
                "BottomMargin": 140.9178,
                "Tag": 248,
                "ActionTag": -456966373,
                "Size": {
                  "X": 530.0,
                  "Y": 450.0
                },
                "Name": "list",
                "ctype": "ListViewObjectData"
              }
            ],
            "ActionTag": 1459412196,
            "Size": {
              "X": 600.0,
              "Y": 650.0
            },
            "Name": "root",
            "ctype": "PanelObjectData"
          }
        ],
        "Size": {
          "X": 600.0,
          "Y": 650.0
        },
        "Name": "Layer",
        "ctype": "LayerObjectData"
      },
      "UsedResources": [
        "CloseBtn.json",
        "mainUI/bg_01.png",
        "mainUI/bg_03.png",
        "mainUI/bg_14.png",
        "mainUI/title_bg4.png",
        "OtherUI.plist",
        "OtherUI.png"
      ],
      "ctype": "GameFileData"
    }
  },
  "Type": "Layer"
}