{
  "ID": "98b5ce80-f449-4c37-87f5-ea601140577c",
  "Version": "2.3.3.0",
  "Name": "MaillView",
  "Content": {
    "Content": {
      "Animation": {
        "Duration": 0,
        "Speed": 1.0,
        "Timelines": [],
        "ctype": "TimelineActionData"
      },
      "AnimationList": [],
      "ObjectData": {
        "Tag": 116,
        "Children": [
          {
            "BackColorAlpha": 102,
            "ComboBoxIndex": 1,
            "SingleColor": {
              "R": 150,
              "G": 200
            },
            "FirstColor": {
              "R": 150,
              "G": 200
            },
            "EndColor": {},
            "ColorVector": {
              "ScaleY": 1.0
            },
            "Scale9Width": 1,
            "Scale9Height": 1,
            "TouchEnable": true,
            "AnchorPoint": {},
            "Position": {
              "X": 0.0,
              "Y": 0.0
            },
            "Scale": {
              "ScaleX": 1.0,
              "ScaleY": 1.0
            },
            "CColor": {},
            "IconVisible": false,
            "PrePosition": {
              "X": 0.0,
              "Y": 0.0
            },
            "PreSize": {
              "X": 1.0,
              "Y": 1.0
            },
            "Tag": 220,
            "Children": [
              {
                "FileData": {
                  "Type": "Normal",
                  "Path": "mainUI/bg_05.png",
                  "Plist": ""
                },
                "Scale9Enable": true,
                "Scale9OriginX": 13,
                "Scale9OriginY": 13,
                "Scale9Width": 5,
                "Scale9Height": 6,
                "AnchorPoint": {},
                "Position": {
                  "X": 0.0,
                  "Y": 0.0
                },
                "Scale": {
                  "ScaleX": 1.0,
                  "ScaleY": 1.0
                },
                "CColor": {},
                "IconVisible": false,
                "PrePosition": {
                  "X": 0.0,
                  "Y": 0.0
                },
                "PreSize": {
                  "X": 1.0,
                  "Y": 1.0
                },
                "Tag": 222,
                "ActionTag": 2032535789,
                "Size": {
                  "X": 530.0,
                  "Y": 100.0
                },
                "Name": "bg",
                "ctype": "ImageViewObjectData"
              },
              {
                "FontSize": 22,
                "LabelText": "奖励标题",
                "VerticalAlignmentType": "VT_Center",
                "OutlineColor": {
                  "G": 0,
                  "B": 0
                },
                "ShadowColor": {
                  "R": 110,
                  "G": 110,
                  "B": 110
                },
                "ShadowOffsetX": 2.0,
                "ShadowOffsetY": -2.0,
                "AnchorPoint": {},
                "Position": {
                  "X": 22.7596,
                  "Y": 70.1412
                },
                "Scale": {
                  "ScaleX": 1.0,
                  "ScaleY": 1.0
                },
                "CColor": {},
                "IconVisible": false,
                "PrePosition": {
                  "X": 0.0429,
                  "Y": 0.7014
                },
                "PreSize": {
                  "X": 0.166,
                  "Y": 0.22
                },
                "LeftMargin": 22.7596,
                "RightMargin": 419.2404,
                "TopMargin": 7.8588,
                "BottomMargin": 70.1412,
                "Tag": 223,
                "ActionTag": -1895572027,
                "Size": {
                  "X": 88.0,
                  "Y": 22.0
                },
                "Name": "text",
                "ctype": "TextObjectData"
              },
              {
                "IsCustomSize": true,
                "FontSize": 18,
                "LabelText": "金币1000000，钻石1000000",
                "VerticalAlignmentType": "VT_Center",
                "OutlineColor": {
                  "G": 0,
                  "B": 0
                },
                "ShadowColor": {
                  "R": 110,
                  "G": 110,
                  "B": 110
                },
                "ShadowOffsetX": 2.0,
                "ShadowOffsetY": -2.0,
                "AnchorPoint": {
                  "ScaleY": 1.0
                },
                "Position": {
                  "X": 22.7596,
                  "Y": 65.1027
                },
                "Scale": {
                  "ScaleX": 1.0,
                  "ScaleY": 1.0
                },
                "CColor": {},
                "IconVisible": false,
                "PrePosition": {
                  "X": 0.0429,
                  "Y": 0.651
                },
                "PreSize": {
                  "X": 0.6604,
                  "Y": 0.5
                },
                "LeftMargin": 22.7596,
                "RightMargin": 157.2404,
                "TopMargin": 34.8973,
                "BottomMargin": 15.1027,
                "Tag": 224,
                "ActionTag": 324877039,
                "Size": {
                  "X": 350.0,
                  "Y": 50.0
                },
                "Name": "desc_text",
                "ctype": "TextObjectData"
              },
              {
                "BackColorAlpha": 102,
                "SingleColor": {
                  "R": 150,
                  "G": 200
                },
                "FirstColor": {
                  "R": 150,
                  "G": 200
                },
                "EndColor": {},
                "ColorVector": {
                  "ScaleY": 1.0
                },
                "Scale9Width": 1,
                "Scale9Height": 1,
                "TouchEnable": true,
                "AnchorPoint": {},
                "Position": {
                  "X": 415.94,
                  "Y": 32.338
                },
                "Scale": {
                  "ScaleX": 1.0,
                  "ScaleY": 1.0
                },
                "CColor": {},
                "IconVisible": false,
                "PrePosition": {
                  "X": 0.7848,
                  "Y": 0.3234
                },
                "PreSize": {
                  "X": 0.1698,
                  "Y": 0.4
                },
                "LeftMargin": 415.94,
                "RightMargin": 24.06,
                "TopMargin": 27.662,
                "BottomMargin": 32.338,
                "Tag": 241,
                "Children": [
                  {
                    "FontSize": 14,
                    "ButtonText": "",
                    "TextColor": {
                      "R": 65,
                      "G": 65,
                      "B": 70
                    },
                    "DisabledFileData": {
                      "Type": "Normal",
                      "Path": "mainUI/bg_14.png",
                      "Plist": ""
                    },
                    "PressedFileData": {
                      "Type": "Normal",
                      "Path": "mainUI/bg_14.png",
                      "Plist": ""
                    },
                    "NormalFileData": {
                      "Type": "Normal",
                      "Path": "mainUI/bg_14.png",
                      "Plist": ""
                    },
                    "Scale9Enable": true,
                    "Scale9OriginX": 13,
                    "Scale9OriginY": 13,
                    "Scale9Width": 6,
                    "Scale9Height": 21,
                    "OutlineColor": {
                      "G": 0,
                      "B": 0
                    },
                    "ShadowColor": {
                      "R": 110,
                      "G": 110,
                      "B": 110
                    },
                    "ShadowOffsetX": 2.0,
                    "ShadowOffsetY": -2.0,
                    "TouchEnable": true,
                    "AnchorPoint": {},
                    "Position": {
                      "X": 0.0,
                      "Y": 0.0
                    },
                    "Scale": {
                      "ScaleX": 1.0,
                      "ScaleY": 1.0
                    },
                    "CColor": {},
                    "IconVisible": false,
                    "PrePosition": {
                      "X": 0.0,
                      "Y": 0.0
                    },
                    "PreSize": {
                      "X": 1.0,
                      "Y": 1.0
                    },
                    "Tag": 242,
                    "ActionTag": -1787313740,
                    "Size": {
                      "X": 90.0,
                      "Y": 40.0
                    },
                    "Name": "btn",
                    "ctype": "ButtonObjectData"
                  },
                  {
                    "FileData": {
                      "Type": "MarkedSubImage",
                      "Path": "maillUI/get2.png",
                      "Plist": "OtherUI.plist"
                    },
                    "Scale9Width": 87,
                    "Scale9Height": 24,
                    "AnchorPoint": {
                      "ScaleX": 0.5,
                      "ScaleY": 0.5
                    },
                    "Position": {
                      "X": 45.0001,
                      "Y": 19.0
                    },
                    "Scale": {
                      "ScaleX": 1.0,
                      "ScaleY": 1.0
                    },
                    "CColor": {},
                    "IconVisible": false,
                    "PrePosition": {
                      "X": 0.5,
                      "Y": 0.475
                    },
                    "PreSize": {
                      "X": 0.9667,
                      "Y": 0.6
                    },
                    "LeftMargin": 1.5001,
                    "RightMargin": 1.4999,
                    "TopMargin": 9.0,
                    "BottomMargin": 7.0,
                    "CallBackType": "Click",
                    "Tag": 243,
                    "ActionTag": -1291936482,
                    "Size": {
                      "X": 87.0,
                      "Y": 24.0
                    },
                    "Name": "get",
                    "ctype": "ImageViewObjectData"
                  },
                  {
                    "FileData": {
                      "Type": "MarkedSubImage",
                      "Path": "maillUI/look.png",
                      "Plist": "OtherUI.plist"
                    },
                    "Scale9Width": 87,
                    "Scale9Height": 25,
                    "AnchorPoint": {
                      "ScaleX": 0.5,
                      "ScaleY": 0.5
                    },
                    "Position": {
                      "X": 44.7811,
                      "Y": 20.1239
                    },
                    "Scale": {
                      "ScaleX": 1.0,
                      "ScaleY": 1.0
                    },
                    "CColor": {},
                    "IconVisible": false,
                    "PrePosition": {
                      "X": 0.4976,
                      "Y": 0.5031
                    },
                    "PreSize": {
                      "X": 0.9667,
                      "Y": 0.625
                    },
                    "LeftMargin": 1.2811,
                    "RightMargin": 1.7189,
                    "TopMargin": 7.3761,
                    "BottomMargin": 7.6239,
                    "CallBackType": "Click",
                    "Tag": 244,
                    "ActionTag": -1085761314,
                    "Size": {
                      "X": 87.0,
                      "Y": 25.0
                    },
                    "Name": "look",
                    "ctype": "ImageViewObjectData"
                  }
                ],
                "ActionTag": 1652178287,
                "Size": {
                  "X": 90.0,
                  "Y": 40.0
                },
                "Name": "btn",
                "ctype": "PanelObjectData"
              }
            ],
            "ActionTag": 41990754,
            "Size": {
              "X": 530.0,
              "Y": 100.0
            },
            "Name": "root",
            "ctype": "PanelObjectData"
          }
        ],
        "Size": {
          "X": 530.0,
          "Y": 100.0
        },
        "Name": "Layer",
        "ctype": "LayerObjectData"
      },
      "UsedResources": [
        "mainUI/bg_05.png",
        "mainUI/bg_14.png",
        "OtherUI.plist",
        "OtherUI.png"
      ],
      "ctype": "GameFileData"
    }
  },
  "Type": "Layer"
}