{
  "ID": "23b900a8-4e61-473e-883d-ad267ca3bfb6",
  "Version": "2.3.3.0",
  "Name": "MenuLayer",
  "Content": {
    "Content": {
      "Animation": {
        "Duration": 0,
        "Speed": 1.0,
        "Timelines": [],
        "ctype": "TimelineActionData"
      },
      "AnimationList": [],
      "ObjectData": {
        "Tag": 151,
        "Children": [
          {
            "BackColorAlpha": 102,
            "SingleColor": {
              "R": 150,
              "G": 200
            },
            "FirstColor": {
              "R": 150,
              "G": 200
            },
            "EndColor": {},
            "ColorVector": {
              "ScaleY": 1.0
            },
            "Scale9Width": 1,
            "Scale9Height": 1,
            "TouchEnable": true,
            "AnchorPoint": {},
            "Position": {
              "X": 0.0,
              "Y": 0.0
            },
            "Scale": {
              "ScaleX": 1.0,
              "ScaleY": 1.0
            },
            "CColor": {},
            "IconVisible": false,
            "PrePosition": {
              "X": 0.0,
              "Y": 0.0
            },
            "PreSize": {
              "X": 1.0,
              "Y": 1.0
            },
            "Tag": 451,
            "Children": [
              {
                "FileData": {
                  "Type": "Normal",
                  "Path": "mainUI/bg_04.png",
                  "Plist": ""
                },
                "Scale9Enable": true,
                "Scale9OriginX": 12,
                "Scale9OriginY": 12,
                "Scale9Width": 7,
                "Scale9Height": 8,
                "AnchorPoint": {},
                "Position": {
                  "X": 0.0,
                  "Y": 0.0
                },
                "Scale": {
                  "ScaleX": 1.0,
                  "ScaleY": 1.0
                },
                "CColor": {},
                "IconVisible": false,
                "PrePosition": {
                  "X": 0.0,
                  "Y": 0.0
                },
                "PreSize": {
                  "X": 1.0,
                  "Y": 1.0
                },
                "Tag": 519,
                "ActionTag": 1356425691,
                "Size": {
                  "X": 640.0,
                  "Y": 100.0
                },
                "Name": "bg",
                "ctype": "ImageViewObjectData"
              },
              {
                "CheckedState": true,
                "NormalBackFileData": {
                  "Type": "MarkedSubImage",
                  "Path": "ui/main_btn1.png",
                  "Plist": "OtherUI.plist"
                },
                "PressedBackFileData": {
                  "Type": "MarkedSubImage",
                  "Path": "ui/main_btn2.png",
                  "Plist": "OtherUI.plist"
                },
                "DisableBackFileData": {
                  "Type": "MarkedSubImage",
                  "Path": "ui/main_btn1.png",
                  "Plist": "OtherUI.plist"
                },
                "NodeNormalFileData": {
                  "Type": "MarkedSubImage",
                  "Path": "ui/main_btn2.png",
                  "Plist": "OtherUI.plist"
                },
                "TouchEnable": true,
                "AnchorPoint": {},
                "Position": {
                  "X": 18.5002,
                  "Y": 5.4464
                },
                "Scale": {
                  "ScaleX": 1.0,
                  "ScaleY": 1.0
                },
                "CColor": {},
                "IconVisible": false,
                "PrePosition": {
                  "X": 0.0289,
                  "Y": 0.0545
                },
                "PreSize": {
                  "X": 0.1484,
                  "Y": 0.95
                },
                "LeftMargin": 18.5002,
                "RightMargin": 526.4998,
                "TopMargin": -0.4464,
                "BottomMargin": 5.4464,
                "Tag": 168,
                "ActionTag": -1674749777,
                "Size": {
                  "X": 95.0,
                  "Y": 95.0
                },
                "Name": "main",
                "ctype": "CheckBoxObjectData"
              },
              {
                "CheckedState": true,
                "NormalBackFileData": {
                  "Type": "MarkedSubImage",
                  "Path": "ui/hero_btn1.png",
                  "Plist": "OtherUI.plist"
                },
                "PressedBackFileData": {
                  "Type": "MarkedSubImage",
                  "Path": "ui/hero_btn2.png",
                  "Plist": "OtherUI.plist"
                },
                "DisableBackFileData": {
                  "Type": "MarkedSubImage",
                  "Path": "ui/hero_btn1.png",
                  "Plist": "OtherUI.plist"
                },
                "NodeNormalFileData": {
                  "Type": "MarkedSubImage",
                  "Path": "ui/hero_btn2.png",
                  "Plist": "OtherUI.plist"
                },
                "TouchEnable": true,
                "AnchorPoint": {},
                "Position": {
                  "X": 119.9003,
                  "Y": 5.4464
                },
                "Scale": {
                  "ScaleX": 1.0,
                  "ScaleY": 1.0
                },
                "CColor": {},
                "IconVisible": false,
                "PrePosition": {
                  "X": 0.1873,
                  "Y": 0.0545
                },
                "PreSize": {
                  "X": 0.1484,
                  "Y": 0.95
                },
                "LeftMargin": 119.9003,
                "RightMargin": 425.0997,
                "TopMargin": -0.4464,
                "BottomMargin": 5.4464,
                "Tag": 169,
                "ActionTag": -1419990856,
                "Size": {
                  "X": 95.0,
                  "Y": 95.0
                },
                "Name": "hero",
                "ctype": "CheckBoxObjectData"
              },
              {
                "CheckedState": true,
                "NormalBackFileData": {
                  "Type": "MarkedSubImage",
                  "Path": "ui/equip_btn1.png",
                  "Plist": "OtherUI.plist"
                },
                "PressedBackFileData": {
                  "Type": "MarkedSubImage",
                  "Path": "ui/equip_btn2.png",
                  "Plist": "OtherUI.plist"
                },
                "DisableBackFileData": {
                  "Type": "MarkedSubImage",
                  "Path": "ui/equip_btn1.png",
                  "Plist": "OtherUI.plist"
                },
                "NodeNormalFileData": {
                  "Type": "MarkedSubImage",
                  "Path": "ui/equip_btn2.png",
                  "Plist": "OtherUI.plist"
                },
                "TouchEnable": true,
                "AnchorPoint": {},
                "Position": {
                  "X": 221.3004,
                  "Y": 5.4464
                },
                "Scale": {
                  "ScaleX": 1.0,
                  "ScaleY": 1.0
                },
                "CColor": {},
                "IconVisible": false,
                "PrePosition": {
                  "X": 0.3458,
                  "Y": 0.0545
                },
                "PreSize": {
                  "X": 0.1484,
                  "Y": 0.95
                },
                "LeftMargin": 221.3004,
                "RightMargin": 323.6996,
                "TopMargin": -0.4464,
                "BottomMargin": 5.4464,
                "Tag": 170,
                "ActionTag": 2073273041,
                "Size": {
                  "X": 95.0,
                  "Y": 95.0
                },
                "Name": "equip",
                "ctype": "CheckBoxObjectData"
              },
              {
                "CheckedState": true,
                "NormalBackFileData": {
                  "Type": "MarkedSubImage",
                  "Path": "ui/rank_btn1.png",
                  "Plist": "OtherUI.plist"
                },
                "PressedBackFileData": {
                  "Type": "MarkedSubImage",
                  "Path": "ui/rank_btn2.png",
                  "Plist": "OtherUI.plist"
                },
                "DisableBackFileData": {
                  "Type": "MarkedSubImage",
                  "Path": "ui/rank_btn1.png",
                  "Plist": "OtherUI.plist"
                },
                "NodeNormalFileData": {
                  "Type": "MarkedSubImage",
                  "Path": "ui/rank_btn2.png",
                  "Plist": "OtherUI.plist"
                },
                "TouchEnable": true,
                "AnchorPoint": {},
                "Position": {
                  "X": 424.1003,
                  "Y": 5.4464
                },
                "Scale": {
                  "ScaleX": 1.0,
                  "ScaleY": 1.0
                },
                "CColor": {},
                "IconVisible": false,
                "PrePosition": {
                  "X": 0.6627,
                  "Y": 0.0545
                },
                "PreSize": {
                  "X": 0.1484,
                  "Y": 0.95
                },
                "LeftMargin": 424.1003,
                "RightMargin": 120.8997,
                "TopMargin": -0.4464,
                "BottomMargin": 5.4464,
                "Tag": 172,
                "ActionTag": -1008761465,
                "Size": {
                  "X": 95.0,
                  "Y": 95.0
                },
                "Name": "rank",
                "ctype": "CheckBoxObjectData"
              },
              {
                "CheckedState": true,
                "NormalBackFileData": {
                  "Type": "MarkedSubImage",
                  "Path": "ui/shop_btn1.png",
                  "Plist": "OtherUI.plist"
                },
                "PressedBackFileData": {
                  "Type": "MarkedSubImage",
                  "Path": "ui/shop_btn2.png",
                  "Plist": "OtherUI.plist"
                },
                "DisableBackFileData": {
                  "Type": "MarkedSubImage",
                  "Path": "ui/shop_btn1.png",
                  "Plist": "OtherUI.plist"
                },
                "NodeNormalFileData": {
                  "Type": "MarkedSubImage",
                  "Path": "ui/shop_btn2.png",
                  "Plist": "OtherUI.plist"
                },
                "TouchEnable": true,
                "AnchorPoint": {},
                "Position": {
                  "X": 525.5003,
                  "Y": 5.4464
                },
                "Scale": {
                  "ScaleX": 1.0,
                  "ScaleY": 1.0
                },
                "CColor": {},
                "IconVisible": false,
                "PrePosition": {
                  "X": 0.8211,
                  "Y": 0.0545
                },
                "PreSize": {
                  "X": 0.1484,
                  "Y": 0.95
                },
                "LeftMargin": 525.5003,
                "RightMargin": 19.4997,
                "TopMargin": -0.4464,
                "BottomMargin": 5.4464,
                "Tag": 173,
                "ActionTag": -103952926,
                "Size": {
                  "X": 95.0,
                  "Y": 95.0
                },
                "Name": "shop",
                "ctype": "CheckBoxObjectData"
              },
              {
                "CheckedState": true,
                "NormalBackFileData": {
                  "Type": "MarkedSubImage",
                  "Path": "ui/pvp_btn1.png",
                  "Plist": "OtherUI.plist"
                },
                "PressedBackFileData": {
                  "Type": "MarkedSubImage",
                  "Path": "ui/pvp_btn2.png",
                  "Plist": "OtherUI.plist"
                },
                "DisableBackFileData": {
                  "Type": "MarkedSubImage",
                  "Path": "ui/pvp_btn1.png",
                  "Plist": "OtherUI.plist"
                },
                "NodeNormalFileData": {
                  "Type": "MarkedSubImage",
                  "Path": "ui/pvp_btn2.png",
                  "Plist": "OtherUI.plist"
                },
                "TouchEnable": true,
                "AnchorPoint": {},
                "Position": {
                  "X": 322.7003,
                  "Y": 5.4464
                },
                "Scale": {
                  "ScaleX": 1.0,
                  "ScaleY": 1.0
                },
                "CColor": {},
                "IconVisible": false,
                "PrePosition": {
                  "X": 0.5042,
                  "Y": 0.0545
                },
                "PreSize": {
                  "X": 0.1484,
                  "Y": 0.95
                },
                "LeftMargin": 322.7003,
                "RightMargin": 222.2997,
                "TopMargin": -0.4464,
                "BottomMargin": 5.4464,
                "Tag": 286,
                "ActionTag": 1097637687,
                "Size": {
                  "X": 95.0,
                  "Y": 95.0
                },
                "Name": "pvp",
                "ctype": "CheckBoxObjectData"
              }
            ],
            "ActionTag": -1642134160,
            "Size": {
              "X": 640.0,
              "Y": 100.0
            },
            "Name": "root",
            "ctype": "PanelObjectData"
          }
        ],
        "Size": {
          "X": 640.0,
          "Y": 100.0
        },
        "Name": "Layer",
        "ctype": "LayerObjectData"
      },
      "UsedResources": [
        "mainUI/bg_04.png",
        "OtherUI.plist",
        "OtherUI.png"
      ],
      "ctype": "GameFileData"
    }
  },
  "Type": "Layer"
}