{
  "ID": "81aef083-29e3-4319-85ab-81cfb227e5c7",
  "Version": "2.3.3.0",
  "Name": "Prompt2Layer",
  "Content": {
    "Content": {
      "Animation": {
        "Duration": 0,
        "Speed": 1.0,
        "Timelines": [],
        "ctype": "TimelineActionData"
      },
      "AnimationList": [],
      "ObjectData": {
        "Tag": 35,
        "Children": [
          {
            "BackColorAlpha": 102,
            "SingleColor": {
              "R": 150,
              "G": 200
            },
            "FirstColor": {
              "R": 150,
              "G": 200
            },
            "EndColor": {},
            "ColorVector": {
              "ScaleY": 1.0
            },
            "Scale9Width": 1,
            "Scale9Height": 1,
            "TouchEnable": true,
            "AnchorPoint": {},
            "Position": {
              "X": 106.9826,
              "Y": 290.436
            },
            "Scale": {
              "ScaleX": 1.0,
              "ScaleY": 1.0
            },
            "CColor": {},
            "IconVisible": false,
            "PrePosition": {
              "X": 0.1672,
              "Y": 0.3025
            },
            "PreSize": {
              "X": 0.7031,
              "Y": 0.4167
            },
            "LeftMargin": 106.9826,
            "RightMargin": 83.0174,
            "TopMargin": 269.564,
            "BottomMargin": 290.436,
            "Tag": 25,
            "Children": [
              {
                "FileData": {
                  "Type": "Normal",
                  "Path": "mainUI/bg_04.png",
                  "Plist": ""
                },
                "Scale9Enable": true,
                "Scale9OriginX": 12,
                "Scale9OriginY": 12,
                "Scale9Width": 7,
                "Scale9Height": 8,
                "AnchorPoint": {
                  "ScaleX": 0.5,
                  "ScaleY": 0.5
                },
                "Position": {
                  "X": 225.2205,
                  "Y": 189.7278
                },
                "Scale": {
                  "ScaleX": 1.0,
                  "ScaleY": 1.0
                },
                "CColor": {},
                "IconVisible": false,
                "PrePosition": {
                  "X": 0.5005,
                  "Y": 0.4743
                },
                "PreSize": {
                  "X": 0.8889,
                  "Y": 0.875
                },
                "LeftMargin": 25.2205,
                "RightMargin": 24.7795,
                "TopMargin": 35.2722,
                "BottomMargin": 14.7278,
                "Tag": 26,
                "ActionTag": -1382717200,
                "Size": {
                  "X": 400.0,
                  "Y": 350.0
                },
                "Name": "bg",
                "ctype": "ImageViewObjectData"
              },
              {
                "FileData": {
                  "Type": "Normal",
                  "Path": "mainUI/title.png",
                  "Plist": ""
                },
                "Scale9Enable": true,
                "Scale9OriginX": 60,
                "Scale9Width": 30,
                "Scale9Height": 44,
                "AnchorPoint": {
                  "ScaleX": 0.5,
                  "ScaleY": 0.5
                },
                "Position": {
                  "X": 225.2204,
                  "Y": 342.146
                },
                "Scale": {
                  "ScaleX": 1.0,
                  "ScaleY": 1.0
                },
                "CColor": {},
                "IconVisible": false,
                "PrePosition": {
                  "X": 0.5005,
                  "Y": 0.8554
                },
                "PreSize": {
                  "X": 0.8444,
                  "Y": 0.09
                },
                "LeftMargin": 35.2204,
                "RightMargin": 34.7796,
                "TopMargin": 39.854,
                "BottomMargin": 324.146,
                "Tag": 27,
                "ActionTag": 1435763748,
                "Size": {
                  "X": 380.0,
                  "Y": 36.0
                },
                "Name": "title_bg",
                "ctype": "ImageViewObjectData"
              },
              {
                "FileData": {
                  "Type": "Normal",
                  "Path": "mainUI/bg_18.png",
                  "Plist": ""
                },
                "Scale9Enable": true,
                "Scale9OriginX": 3,
                "Scale9OriginY": 10,
                "Scale9Width": 4,
                "Scale9Height": 11,
                "AnchorPoint": {},
                "Position": {
                  "X": 27.2205,
                  "Y": 80.0
                },
                "Scale": {
                  "ScaleX": 1.0,
                  "ScaleY": 1.0
                },
                "CColor": {},
                "IconVisible": false,
                "PrePosition": {
                  "X": 0.0605,
                  "Y": 0.2
                },
                "PreSize": {
                  "X": 0.88,
                  "Y": 0.6
                },
                "LeftMargin": 27.2205,
                "RightMargin": 26.7795,
                "TopMargin": 80.0,
                "BottomMargin": 80.0,
                "Tag": 28,
                "ActionTag": 1664116028,
                "Size": {
                  "X": 396.0,
                  "Y": 240.0
                },
                "Name": "prompt_bg",
                "ctype": "ImageViewObjectData"
              },
              {
                "FileData": {
                  "Type": "Normal",
                  "Path": "mainUI/bg_10.png",
                  "Plist": ""
                },
                "Scale9Enable": true,
                "Scale9OriginX": 12,
                "Scale9OriginY": 12,
                "Scale9Width": 50,
                "Scale9Height": 50,
                "AnchorPoint": {},
                "Position": {
                  "X": 32.2205,
                  "Y": 89.0
                },
                "Scale": {
                  "ScaleX": 1.0,
                  "ScaleY": 1.0
                },
                "CColor": {},
                "IconVisible": false,
                "PrePosition": {
                  "X": 0.0716,
                  "Y": 0.2225
                },
                "PreSize": {
                  "X": 0.8578,
                  "Y": 0.56
                },
                "LeftMargin": 32.2205,
                "RightMargin": 31.7795,
                "TopMargin": 87.0,
                "BottomMargin": 89.0,
                "Tag": 29,
                "ActionTag": -968329935,
                "Size": {
                  "X": 386.0,
                  "Y": 224.0
                },
                "Name": "text_bg",
                "ctype": "ImageViewObjectData"
              },
              {
                "IsCustomSize": true,
                "FontSize": 20,
                "LabelText": "一段文字描述",
                "HorizontalAlignmentType": "HT_Center",
                "VerticalAlignmentType": "VT_Center",
                "OutlineColor": {
                  "G": 0,
                  "B": 0
                },
                "ShadowColor": {
                  "R": 110,
                  "G": 110,
                  "B": 110
                },
                "ShadowOffsetX": 2.0,
                "ShadowOffsetY": -2.0,
                "AnchorPoint": {
                  "ScaleX": 0.5,
                  "ScaleY": 0.5
                },
                "Position": {
                  "X": 225.2205,
                  "Y": 223.5185
                },
                "Scale": {
                  "ScaleX": 1.0,
                  "ScaleY": 1.0
                },
                "CColor": {
                  "R": 0,
                  "G": 0,
                  "B": 0
                },
                "IconVisible": false,
                "PrePosition": {
                  "X": 0.5005,
                  "Y": 0.5588
                },
                "PreSize": {
                  "X": 0.6667,
                  "Y": 0.25
                },
                "LeftMargin": 75.2205,
                "RightMargin": 74.7795,
                "TopMargin": 126.4815,
                "BottomMargin": 173.5185,
                "Tag": 31,
                "ActionTag": 1692080090,
                "Size": {
                  "X": 300.0,
                  "Y": 100.0
                },
                "Name": "desc_text",
                "ctype": "TextObjectData"
              },
              {
                "FileData": {
                  "Type": "Normal",
                  "Path": "mainUI/gold.png",
                  "Plist": ""
                },
                "Scale9Width": 40,
                "Scale9Height": 40,
                "AnchorPoint": {
                  "ScaleX": 0.5,
                  "ScaleY": 0.5
                },
                "Position": {
                  "X": 175.7007,
                  "Y": 141.3911
                },
                "Scale": {
                  "ScaleX": 1.0,
                  "ScaleY": 1.0
                },
                "CColor": {},
                "IconVisible": false,
                "PrePosition": {
                  "X": 0.3904,
                  "Y": 0.3535
                },
                "PreSize": {
                  "X": 0.0667,
                  "Y": 0.075
                },
                "LeftMargin": 160.7007,
                "RightMargin": 259.2993,
                "TopMargin": 243.6089,
                "BottomMargin": 126.3911,
                "Tag": 33,
                "ActionTag": 494992512,
                "Size": {
                  "X": 30.0,
                  "Y": 30.0
                },
                "Name": "gold",
                "ctype": "ImageViewObjectData"
              },
              {
                "FileData": {
                  "Type": "Normal",
                  "Path": "mainUI/relic.png",
                  "Plist": ""
                },
                "Scale9Width": 40,
                "Scale9Height": 40,
                "AnchorPoint": {
                  "ScaleX": 0.5,
                  "ScaleY": 0.5
                },
                "Position": {
                  "X": 175.7007,
                  "Y": 141.3911
                },
                "Scale": {
                  "ScaleX": 1.0,
                  "ScaleY": 1.0
                },
                "CColor": {},
                "IconVisible": false,
                "PrePosition": {
                  "X": 0.3904,
                  "Y": 0.3535
                },
                "PreSize": {
                  "X": 0.0667,
                  "Y": 0.075
                },
                "LeftMargin": 160.7007,
                "RightMargin": 259.2993,
                "TopMargin": 243.6089,
                "BottomMargin": 126.3911,
                "Tag": 36,
                "ActionTag": 670806695,
                "Size": {
                  "X": 30.0,
                  "Y": 30.0
                },
                "Name": "relic",
                "ctype": "ImageViewObjectData"
              },
              {
                "FileData": {
                  "Type": "Normal",
                  "Path": "mainUI/diamond.png",
                  "Plist": ""
                },
                "Scale9Width": 40,
                "Scale9Height": 40,
                "AnchorPoint": {
                  "ScaleX": 0.5,
                  "ScaleY": 0.5
                },
                "Position": {
                  "X": 175.7007,
                  "Y": 141.3911
                },
                "Scale": {
                  "ScaleX": 1.0,
                  "ScaleY": 1.0
                },
                "CColor": {},
                "IconVisible": false,
                "PrePosition": {
                  "X": 0.3904,
                  "Y": 0.3535
                },
                "PreSize": {
                  "X": 0.0667,
                  "Y": 0.075
                },
                "LeftMargin": 160.7007,
                "RightMargin": 259.2993,
                "TopMargin": 243.6089,
                "BottomMargin": 126.3911,
                "Tag": 35,
                "ActionTag": 1614685024,
                "Size": {
                  "X": 30.0,
                  "Y": 30.0
                },
                "Name": "diamond",
                "ctype": "ImageViewObjectData"
              },
              {
                "FileData": {
                  "Type": "Normal",
                  "Path": "mainUI/key.png",
                  "Plist": ""
                },
                "Scale9Width": 45,
                "Scale9Height": 45,
                "AnchorPoint": {
                  "ScaleX": 0.5,
                  "ScaleY": 0.5
                },
                "Position": {
                  "X": 175.7007,
                  "Y": 141.3911
                },
                "Scale": {
                  "ScaleX": 1.0,
                  "ScaleY": 1.0
                },
                "CColor": {},
                "IconVisible": false,
                "PrePosition": {
                  "X": 0.3904,
                  "Y": 0.3535
                },
                "PreSize": {
                  "X": 0.0667,
                  "Y": 0.075
                },
                "LeftMargin": 160.7007,
                "RightMargin": 259.2993,
                "TopMargin": 243.6089,
                "BottomMargin": 126.3911,
                "Tag": 451,
                "ActionTag": -572918643,
                "Size": {
                  "X": 30.0,
                  "Y": 30.0
                },
                "Name": "key",
                "ctype": "ImageViewObjectData"
              },
              {
                "LabelText": "99999",
                "LabelBMFontFile_CNB": {
                  "Type": "Normal",
                  "Path": "font/white16-export.fnt",
                  "Plist": ""
                },
                "AnchorPoint": {
                  "ScaleY": 0.5
                },
                "Position": {
                  "X": 198.943,
                  "Y": 141.5786
                },
                "Scale": {
                  "ScaleX": 1.0,
                  "ScaleY": 1.0
                },
                "CColor": {
                  "B": 0
                },
                "IconVisible": false,
                "PrePosition": {
                  "X": 0.4421,
                  "Y": 0.3539
                },
                "PreSize": {
                  "X": 0.2022,
                  "Y": 0.05
                },
                "LeftMargin": 198.943,
                "RightMargin": 160.057,
                "TopMargin": 248.4214,
                "BottomMargin": 131.5786,
                "Tag": 576,
                "ActionTag": -121720549,
                "Size": {
                  "X": 91.0,
                  "Y": 20.0
                },
                "Name": "text",
                "ctype": "TextBMFontObjectData"
              },
              {
                "FontSize": 20,
                "LabelText": "标题名字",
                "HorizontalAlignmentType": "HT_Center",
                "VerticalAlignmentType": "VT_Center",
                "OutlineColor": {
                  "G": 0,
                  "B": 0
                },
                "ShadowColor": {
                  "R": 110,
                  "G": 110,
                  "B": 110
                },
                "ShadowOffsetX": 2.0,
                "ShadowOffsetY": -2.0,
                "AnchorPoint": {
                  "ScaleX": 0.5,
                  "ScaleY": 0.5
                },
                "Position": {
                  "X": 225.2204,
                  "Y": 339.7687
                },
                "Scale": {
                  "ScaleX": 1.0,
                  "ScaleY": 1.0
                },
                "CColor": {},
                "IconVisible": false,
                "PrePosition": {
                  "X": 0.5005,
                  "Y": 0.8494
                },
                "PreSize": {
                  "X": 0.1778,
                  "Y": 0.05
                },
                "LeftMargin": 185.2204,
                "RightMargin": 184.7796,
                "TopMargin": 50.2313,
                "BottomMargin": 329.7687,
                "Tag": 34,
                "ActionTag": -794274157,
                "Size": {
                  "X": 80.0,
                  "Y": 20.0
                },
                "Name": "title_text",
                "ctype": "TextObjectData"
              },
              {
                "BackColorAlpha": 102,
                "SingleColor": {
                  "R": 150,
                  "G": 200
                },
                "FirstColor": {
                  "R": 150,
                  "G": 200
                },
                "EndColor": {},
                "ColorVector": {
                  "ScaleY": 1.0
                },
                "Scale9Width": 1,
                "Scale9Height": 1,
                "TouchEnable": true,
                "AnchorPoint": {},
                "Position": {
                  "X": 256.8521,
                  "Y": 25.75
                },
                "Scale": {
                  "ScaleX": 1.0,
                  "ScaleY": 1.0
                },
                "CColor": {},
                "IconVisible": false,
                "PrePosition": {
                  "X": 0.5708,
                  "Y": 0.0644
                },
                "PreSize": {
                  "X": 0.2667,
                  "Y": 0.125
                },
                "LeftMargin": 256.8521,
                "RightMargin": 73.1479,
                "TopMargin": 324.25,
                "BottomMargin": 25.75,
                "Tag": 546,
                "Children": [
                  {
                    "FontSize": 22,
                    "ButtonText": "",
                    "TextColor": {
                      "R": 65,
                      "G": 65,
                      "B": 70
                    },
                    "DisabledFileData": {
                      "Type": "Normal",
                      "Path": "mainUI/bg_11.png",
                      "Plist": ""
                    },
                    "PressedFileData": {
                      "Type": "Normal",
                      "Path": "mainUI/bg_11.png",
                      "Plist": ""
                    },
                    "NormalFileData": {
                      "Type": "Normal",
                      "Path": "mainUI/bg_06.png",
                      "Plist": ""
                    },
                    "Scale9Enable": true,
                    "Scale9OriginX": 13,
                    "Scale9OriginY": 13,
                    "Scale9Width": 5,
                    "Scale9Height": 21,
                    "OutlineColor": {
                      "G": 0,
                      "B": 0
                    },
                    "ShadowColor": {
                      "R": 110,
                      "G": 110,
                      "B": 110
                    },
                    "ShadowOffsetX": 2.0,
                    "ShadowOffsetY": -2.0,
                    "TouchEnable": true,
                    "AnchorPoint": {},
                    "Position": {
                      "X": 0.0,
                      "Y": 0.0
                    },
                    "Scale": {
                      "ScaleX": 1.0,
                      "ScaleY": 1.0
                    },
                    "CColor": {},
                    "IconVisible": false,
                    "PrePosition": {
                      "X": 0.0,
                      "Y": 0.0
                    },
                    "PreSize": {
                      "X": 1.0,
                      "Y": 1.0
                    },
                    "Tag": 547,
                    "ActionTag": 310019511,
                    "Size": {
                      "X": 120.0,
                      "Y": 50.0
                    },
                    "Name": "btn_Yes",
                    "ctype": "ButtonObjectData"
                  },
                  {
                    "FileData": {
                      "Type": "MarkedSubImage",
                      "Path": "buttonUI/sure.png",
                      "Plist": "ButtonUI.plist"
                    },
                    "Scale9Width": 66,
                    "Scale9Height": 34,
                    "AnchorPoint": {
                      "ScaleX": 0.5,
                      "ScaleY": 0.5
                    },
                    "Position": {
                      "X": 60.0,
                      "Y": 26.0
                    },
                    "Scale": {
                      "ScaleX": 1.0,
                      "ScaleY": 1.0
                    },
                    "CColor": {},
                    "IconVisible": false,
                    "PrePosition": {
                      "X": 0.5,
                      "Y": 0.52
                    },
                    "PreSize": {
                      "X": 0.55,
                      "Y": 0.68
                    },
                    "LeftMargin": 27.0,
                    "RightMargin": 27.0,
                    "TopMargin": 7.0,
                    "BottomMargin": 9.0,
                    "Tag": 548,
                    "ActionTag": -1024943238,
                    "Size": {
                      "X": 66.0,
                      "Y": 34.0
                    },
                    "Name": "btn_text",
                    "ctype": "ImageViewObjectData"
                  }
                ],
                "ActionTag": 225100804,
                "Size": {
                  "X": 120.0,
                  "Y": 50.0
                },
                "Name": "btn_Yes",
                "ctype": "PanelObjectData"
              },
              {
                "BackColorAlpha": 102,
                "SingleColor": {
                  "R": 150,
                  "G": 200
                },
                "FirstColor": {
                  "R": 150,
                  "G": 200
                },
                "EndColor": {},
                "ColorVector": {
                  "ScaleY": 1.0
                },
                "Scale9Width": 1,
                "Scale9Height": 1,
                "TouchEnable": true,
                "AnchorPoint": {},
                "Position": {
                  "X": 62.7836,
                  "Y": 25.75
                },
                "Scale": {
                  "ScaleX": 1.0,
                  "ScaleY": 1.0
                },
                "CColor": {},
                "IconVisible": false,
                "PrePosition": {
                  "X": 0.1395,
                  "Y": 0.0644
                },
                "PreSize": {
                  "X": 0.2667,
                  "Y": 0.125
                },
                "LeftMargin": 62.7836,
                "RightMargin": 267.2164,
                "TopMargin": 324.25,
                "BottomMargin": 25.75,
                "Tag": 549,
                "Children": [
                  {
                    "FontSize": 22,
                    "ButtonText": "",
                    "TextColor": {
                      "R": 65,
                      "G": 65,
                      "B": 70
                    },
                    "DisabledFileData": {
                      "Type": "Normal",
                      "Path": "mainUI/bg_11.png",
                      "Plist": ""
                    },
                    "PressedFileData": {
                      "Type": "Normal",
                      "Path": "mainUI/bg_11.png",
                      "Plist": ""
                    },
                    "NormalFileData": {
                      "Type": "Normal",
                      "Path": "mainUI/bg_11.png",
                      "Plist": ""
                    },
                    "Scale9Enable": true,
                    "Scale9OriginX": 13,
                    "Scale9OriginY": 13,
                    "Scale9Width": 5,
                    "Scale9Height": 21,
                    "OutlineColor": {
                      "G": 0,
                      "B": 0
                    },
                    "ShadowColor": {
                      "R": 110,
                      "G": 110,
                      "B": 110
                    },
                    "ShadowOffsetX": 2.0,
                    "ShadowOffsetY": -2.0,
                    "TouchEnable": true,
                    "AnchorPoint": {},
                    "Position": {
                      "X": 0.0,
                      "Y": 0.0
                    },
                    "Scale": {
                      "ScaleX": 1.0,
                      "ScaleY": 1.0
                    },
                    "CColor": {},
                    "IconVisible": false,
                    "PrePosition": {
                      "X": 0.0,
                      "Y": 0.0
                    },
                    "PreSize": {
                      "X": 1.0,
                      "Y": 1.0
                    },
                    "Tag": 550,
                    "ActionTag": -1314226411,
                    "Size": {
                      "X": 120.0,
                      "Y": 50.0
                    },
                    "Name": "btn_No",
                    "ctype": "ButtonObjectData"
                  },
                  {
                    "FileData": {
                      "Type": "MarkedSubImage",
                      "Path": "buttonUI/notSure.png",
                      "Plist": "ButtonUI.plist"
                    },
                    "Scale9Width": 66,
                    "Scale9Height": 34,
                    "AnchorPoint": {
                      "ScaleX": 0.5,
                      "ScaleY": 0.5
                    },
                    "Position": {
                      "X": 60.0,
                      "Y": 26.0
                    },
                    "Scale": {
                      "ScaleX": 1.0,
                      "ScaleY": 1.0
                    },
                    "CColor": {},
                    "IconVisible": false,
                    "PrePosition": {
                      "X": 0.5,
                      "Y": 0.52
                    },
                    "PreSize": {
                      "X": 0.55,
                      "Y": 0.68
                    },
                    "LeftMargin": 27.0,
                    "RightMargin": 27.0,
                    "TopMargin": 7.0,
                    "BottomMargin": 9.0,
                    "Tag": 551,
                    "ActionTag": -228886983,
                    "Size": {
                      "X": 66.0,
                      "Y": 34.0
                    },
                    "Name": "btn_text",
                    "ctype": "ImageViewObjectData"
                  }
                ],
                "ActionTag": 1124487093,
                "Size": {
                  "X": 120.0,
                  "Y": 50.0
                },
                "Name": "btn_No",
                "ctype": "PanelObjectData"
              }
            ],
            "ActionTag": 1469895884,
            "Size": {
              "X": 450.0,
              "Y": 400.0
            },
            "Name": "root",
            "ctype": "PanelObjectData"
          }
        ],
        "Size": {
          "X": 640.0,
          "Y": 960.0
        },
        "Name": "Layer",
        "ctype": "LayerObjectData"
      },
      "UsedResources": [
        "ButtonUI.plist",
        "ButtonUI.png",
        "font/white16-export.fnt",
        "font/white16-export.png",
        "mainUI/bg_04.png",
        "mainUI/bg_06.png",
        "mainUI/bg_10.png",
        "mainUI/bg_11.png",
        "mainUI/bg_18.png",
        "mainUI/diamond.png",
        "mainUI/gold.png",
        "mainUI/key.png",
        "mainUI/relic.png",
        "mainUI/title.png"
      ],
      "ctype": "GameFileData"
    }
  },
  "Type": "Layer"
}