{
  "ID": "a4bb2ba9-1cc4-404a-bd24-d74973cab00b",
  "Version": "2.3.3.0",
  "Name": "PVPLayer",
  "Content": {
    "Content": {
      "Animation": {
        "Duration": 0,
        "Speed": 1.0,
        "Timelines": [],
        "ctype": "TimelineActionData"
      },
      "AnimationList": [],
      "ObjectData": {
        "Tag": 86,
        "Children": [
          {
            "BackColorAlpha": 102,
            "SingleColor": {
              "R": 150,
              "G": 200
            },
            "FirstColor": {
              "R": 150,
              "G": 200
            },
            "EndColor": {},
            "ColorVector": {
              "ScaleY": 1.0
            },
            "Scale9Width": 1,
            "Scale9Height": 1,
            "TouchEnable": true,
            "AnchorPoint": {},
            "Position": {
              "X": 0.0,
              "Y": 0.0
            },
            "Scale": {
              "ScaleX": 1.0,
              "ScaleY": 1.0
            },
            "CColor": {},
            "IconVisible": false,
            "PrePosition": {
              "X": 0.0,
              "Y": 0.0
            },
            "PreSize": {
              "X": 1.0,
              "Y": 1.0
            },
            "Tag": 268,
            "Children": [
              {
                "FileData": {
                  "Type": "Normal",
                  "Path": "mainUI/bg_04.png",
                  "Plist": ""
                },
                "Scale9Enable": true,
                "Scale9OriginX": 13,
                "Scale9OriginY": 13,
                "Scale9Width": 5,
                "Scale9Height": 6,
                "AnchorPoint": {},
                "Position": {
                  "X": 0.0,
                  "Y": 0.0
                },
                "Scale": {
                  "ScaleX": 1.0,
                  "ScaleY": 1.0
                },
                "CColor": {},
                "IconVisible": false,
                "PrePosition": {
                  "X": 0.0,
                  "Y": 0.0
                },
                "PreSize": {
                  "X": 1.0,
                  "Y": 1.0
                },
                "Tag": 291,
                "ActionTag": -230756882,
                "Size": {
                  "X": 640.0,
                  "Y": 860.0
                },
                "Name": "bg1",
                "ctype": "ImageViewObjectData"
              },
              {
                "FileData": {
                  "Type": "Normal",
                  "Path": "mainUI/bg_18.png",
                  "Plist": ""
                },
                "Scale9Enable": true,
                "Scale9OriginX": 3,
                "Scale9OriginY": 10,
                "Scale9Width": 4,
                "Scale9Height": 11,
                "AnchorPoint": {},
                "Position": {
                  "X": 2.0,
                  "Y": 0.0
                },
                "Scale": {
                  "ScaleX": 1.0,
                  "ScaleY": 1.0
                },
                "CColor": {},
                "IconVisible": false,
                "PrePosition": {
                  "X": 0.0031,
                  "Y": 0.0
                },
                "PreSize": {
                  "X": 0.9937,
                  "Y": 0.7907
                },
                "LeftMargin": 2.0,
                "RightMargin": 2.0,
                "TopMargin": 180.0,
                "Tag": 290,
                "ActionTag": 1031333065,
                "Size": {
                  "X": 636.0,
                  "Y": 680.0
                },
                "Name": "bg2",
                "ctype": "ImageViewObjectData"
              },
              {
                "FileData": {
                  "Type": "Normal",
                  "Path": "mainUI/bg_05.png",
                  "Plist": ""
                },
                "Scale9Enable": true,
                "Scale9OriginX": 13,
                "Scale9OriginY": 13,
                "Scale9Width": 5,
                "Scale9Height": 6,
                "AnchorPoint": {},
                "Position": {
                  "X": 15.0,
                  "Y": 685.0
                },
                "Scale": {
                  "ScaleX": 1.0,
                  "ScaleY": 1.0
                },
                "CColor": {},
                "IconVisible": false,
                "PrePosition": {
                  "X": 0.0234,
                  "Y": 0.7965
                },
                "PreSize": {
                  "X": 0.9531,
                  "Y": 0.1919
                },
                "LeftMargin": 15.0,
                "RightMargin": 15.0,
                "TopMargin": 10.0,
                "BottomMargin": 685.0,
                "Tag": 287,
                "ActionTag": -485024417,
                "Size": {
                  "X": 610.0,
                  "Y": 165.0
                },
                "Name": "descText_bg",
                "ctype": "ImageViewObjectData"
              },
              {
                "IsCustomSize": true,
                "FontSize": 20,
                "LabelText": "1.挑战获得则获得对手排位\n2.每日21：00结算竞技场奖励\n3.奖励按照排名 ",
                "HorizontalAlignmentType": "HT_Center",
                "VerticalAlignmentType": "VT_Center",
                "OutlineColor": {
                  "G": 0,
                  "B": 0
                },
                "ShadowColor": {
                  "R": 110,
                  "G": 110,
                  "B": 110
                },
                "ShadowOffsetX": 2.0,
                "ShadowOffsetY": -2.0,
                "AnchorPoint": {
                  "ScaleY": 1.0
                },
                "Position": {
                  "X": 45.1059,
                  "Y": 781.1254
                },
                "Scale": {
                  "ScaleX": 1.0,
                  "ScaleY": 1.0
                },
                "CColor": {},
                "IconVisible": false,
                "PrePosition": {
                  "X": 0.0705,
                  "Y": 0.9083
                },
                "PreSize": {
                  "X": 0.8594,
                  "Y": 0.0698
                },
                "LeftMargin": 45.1059,
                "RightMargin": 44.8941,
                "TopMargin": 78.8746,
                "BottomMargin": 721.1254,
                "Tag": 286,
                "ActionTag": -2075967408,
                "Size": {
                  "X": 550.0,
                  "Y": 60.0
                },
                "Name": "desc_text",
                "ctype": "TextObjectData"
              },
              {
                "FileData": {
                  "Type": "MarkedSubImage",
                  "Path": "PVPUI/title.png",
                  "Plist": "OtherUI.plist"
                },
                "Scale9Width": 209,
                "Scale9Height": 58,
                "AnchorPoint": {
                  "ScaleX": 0.5,
                  "ScaleY": 0.5
                },
                "Position": {
                  "X": 320.106,
                  "Y": 813.9999
                },
                "Scale": {
                  "ScaleX": 1.0,
                  "ScaleY": 1.0
                },
                "CColor": {},
                "IconVisible": false,
                "PrePosition": {
                  "X": 0.5002,
                  "Y": 0.9465
                },
                "PreSize": {
                  "X": 0.3266,
                  "Y": 0.0674
                },
                "LeftMargin": 215.606,
                "RightMargin": 215.394,
                "TopMargin": 17.0001,
                "BottomMargin": 784.9999,
                "Tag": 285,
                "ActionTag": 710433928,
                "Size": {
                  "X": 209.0,
                  "Y": 58.0
                },
                "Name": "title_text",
                "ctype": "ImageViewObjectData"
              },
              {
                "FileData": {
                  "Type": "MarkedSubImage",
                  "Path": "rankUI/myRank_text.png",
                  "Plist": "RankUI.plist"
                },
                "Scale9Width": 207,
                "Scale9Height": 27,
                "AnchorPoint": {},
                "Position": {
                  "X": 219.5473,
                  "Y": 692.6965
                },
                "Scale": {
                  "ScaleX": 1.0,
                  "ScaleY": 1.0
                },
                "CColor": {},
                "IconVisible": false,
                "PrePosition": {
                  "X": 0.343,
                  "Y": 0.8055
                },
                "PreSize": {
                  "X": 0.3234,
                  "Y": 0.0314
                },
                "LeftMargin": 219.5473,
                "RightMargin": 213.4527,
                "TopMargin": 140.3035,
                "BottomMargin": 692.6965,
                "Tag": 284,
                "ActionTag": 1708421550,
                "Size": {
                  "X": 207.0,
                  "Y": 27.0
                },
                "Name": "my_text",
                "ctype": "ImageViewObjectData"
              },
              {
                "LabelText": "9999",
                "LabelBMFontFile_CNB": {
                  "Type": "Normal",
                  "Path": "font/white10-export.fnt",
                  "Plist": ""
                },
                "AnchorPoint": {
                  "ScaleX": 0.5152,
                  "ScaleY": 0.5168
                },
                "Position": {
                  "X": 367.4814,
                  "Y": 708.6088
                },
                "Scale": {
                  "ScaleX": 1.0,
                  "ScaleY": 1.0
                },
                "CColor": {
                  "R": 22,
                  "G": 240,
                  "B": 10
                },
                "IconVisible": false,
                "PrePosition": {
                  "X": 0.5742,
                  "Y": 0.824
                },
                "PreSize": {
                  "X": 0.0891,
                  "Y": 0.0209
                },
                "LeftMargin": 338.115,
                "RightMargin": 244.885,
                "TopMargin": 142.6936,
                "BottomMargin": 699.3064,
                "CallBackType": "Touch",
                "Tag": 283,
                "ActionTag": -537533334,
                "Size": {
                  "X": 57.0,
                  "Y": 18.0
                },
                "Name": "myNum_text",
                "ctype": "TextBMFontObjectData"
              },
              {
                "FileData": {
                  "Type": "Normal",
                  "Path": "mainUI/bg_10.png",
                  "Plist": ""
                },
                "Scale9Enable": true,
                "Scale9OriginX": 24,
                "Scale9OriginY": 24,
                "Scale9Width": 26,
                "Scale9Height": 26,
                "AnchorPoint": {},
                "Position": {
                  "X": 15.0,
                  "Y": 110.0
                },
                "Scale": {
                  "ScaleX": 1.0,
                  "ScaleY": 1.0
                },
                "CColor": {},
                "IconVisible": false,
                "PrePosition": {
                  "X": 0.0234,
                  "Y": 0.1279
                },
                "PreSize": {
                  "X": 0.9531,
                  "Y": 0.6512
                },
                "LeftMargin": 15.0,
                "RightMargin": 15.0,
                "TopMargin": 190.0,
                "BottomMargin": 110.0,
                "Tag": 289,
                "ActionTag": 2021712773,
                "Size": {
                  "X": 610.0,
                  "Y": 560.0
                },
                "Name": "List_bg",
                "ctype": "ImageViewObjectData"
              },
              {
                "BackColorAlpha": 102,
                "SingleColor": {
                  "R": 150,
                  "G": 200
                },
                "FirstColor": {
                  "R": 150,
                  "G": 200
                },
                "EndColor": {},
                "ColorVector": {
                  "ScaleY": 1.0
                },
                "Scale9Width": 1,
                "Scale9Height": 1,
                "TouchEnable": true,
                "AnchorPoint": {},
                "Position": {
                  "X": 467.1385,
                  "Y": 25.7653
                },
                "Scale": {
                  "ScaleX": 1.0,
                  "ScaleY": 1.0
                },
                "CColor": {},
                "IconVisible": false,
                "PrePosition": {
                  "X": 0.7299,
                  "Y": 0.03
                },
                "PreSize": {
                  "X": 0.2188,
                  "Y": 0.0547
                },
                "LeftMargin": 467.1385,
                "RightMargin": 32.8615,
                "TopMargin": 787.2347,
                "BottomMargin": 25.7653,
                "Tag": 371,
                "Children": [
                  {
                    "FontSize": 14,
                    "ButtonText": "",
                    "TextColor": {
                      "R": 65,
                      "G": 65,
                      "B": 70
                    },
                    "DisabledFileData": {
                      "Type": "Normal",
                      "Path": "mainUI/bg_14.png",
                      "Plist": ""
                    },
                    "PressedFileData": {
                      "Type": "Normal",
                      "Path": "mainUI/bg_14.png",
                      "Plist": ""
                    },
                    "NormalFileData": {
                      "Type": "Normal",
                      "Path": "mainUI/bg_14.png",
                      "Plist": ""
                    },
                    "Scale9Enable": true,
                    "Scale9OriginX": 14,
                    "Scale9OriginY": 14,
                    "Scale9Width": 4,
                    "Scale9Height": 19,
                    "OutlineColor": {
                      "G": 0,
                      "B": 0
                    },
                    "ShadowColor": {
                      "R": 110,
                      "G": 110,
                      "B": 110
                    },
                    "ShadowOffsetX": 2.0,
                    "ShadowOffsetY": -2.0,
                    "TouchEnable": true,
                    "AnchorPoint": {},
                    "Position": {
                      "X": 0.0,
                      "Y": 0.0
                    },
                    "Scale": {
                      "ScaleX": 1.0,
                      "ScaleY": 1.0
                    },
                    "CColor": {},
                    "IconVisible": false,
                    "PrePosition": {
                      "X": 0.0,
                      "Y": 0.0
                    },
                    "PreSize": {
                      "X": 1.0,
                      "Y": 1.0
                    },
                    "Tag": 369,
                    "ActionTag": -289050249,
                    "Size": {
                      "X": 140.0,
                      "Y": 47.0
                    },
                    "Name": "change",
                    "ctype": "ButtonObjectData"
                  },
                  {
                    "FileData": {
                      "Type": "MarkedSubImage",
                      "Path": "PVPUI/change.png",
                      "Plist": "OtherUI.plist"
                    },
                    "Scale9Width": 104,
                    "Scale9Height": 26,
                    "AnchorPoint": {
                      "ScaleX": 0.5,
                      "ScaleY": 0.5
                    },
                    "Position": {
                      "X": 88.9801,
                      "Y": 23.8862
                    },
                    "Scale": {
                      "ScaleX": 1.0,
                      "ScaleY": 1.0
                    },
                    "CColor": {},
                    "IconVisible": false,
                    "PrePosition": {
                      "X": 0.6356,
                      "Y": 0.5082
                    },
                    "PreSize": {
                      "X": 0.7429,
                      "Y": 0.5532
                    },
                    "LeftMargin": 36.9801,
                    "RightMargin": -0.9801,
                    "TopMargin": 10.1138,
                    "BottomMargin": 10.8862,
                    "Tag": 370,
                    "ActionTag": 1289091218,
                    "Size": {
                      "X": 104.0,
                      "Y": 26.0
                    },
                    "Name": "change_text",
                    "ctype": "ImageViewObjectData"
                  }
                ],
                "ActionTag": -831184042,
                "Size": {
                  "X": 140.0,
                  "Y": 47.0
                },
                "Name": "change_btn",
                "ctype": "PanelObjectData"
              },
              {
                "BackColorAlpha": 102,
                "SingleColor": {
                  "R": 150,
                  "G": 200
                },
                "FirstColor": {
                  "R": 150,
                  "G": 200
                },
                "EndColor": {},
                "ColorVector": {
                  "ScaleY": 1.0
                },
                "Scale9Width": 1,
                "Scale9Height": 1,
                "TouchEnable": true,
                "AnchorPoint": {},
                "Position": {
                  "X": 253.0501,
                  "Y": 25.7653
                },
                "Scale": {
                  "ScaleX": 1.0,
                  "ScaleY": 1.0
                },
                "CColor": {},
                "IconVisible": false,
                "PrePosition": {
                  "X": 0.3954,
                  "Y": 0.03
                },
                "PreSize": {
                  "X": 0.2188,
                  "Y": 0.0547
                },
                "LeftMargin": 253.0501,
                "RightMargin": 246.9499,
                "TopMargin": 787.2347,
                "BottomMargin": 25.7653,
                "Tag": 372,
                "Children": [
                  {
                    "FontSize": 14,
                    "ButtonText": "",
                    "TextColor": {
                      "R": 65,
                      "G": 65,
                      "B": 70
                    },
                    "DisabledFileData": {
                      "Type": "Normal",
                      "Path": "mainUI/bg_06.png",
                      "Plist": ""
                    },
                    "PressedFileData": {
                      "Type": "Normal",
                      "Path": "mainUI/bg_06.png",
                      "Plist": ""
                    },
                    "NormalFileData": {
                      "Type": "Normal",
                      "Path": "mainUI/bg_06.png",
                      "Plist": ""
                    },
                    "Scale9Enable": true,
                    "Scale9OriginX": 15,
                    "Scale9OriginY": 15,
                    "Scale9Width": 1,
                    "Scale9Height": 17,
                    "OutlineColor": {
                      "G": 0,
                      "B": 0
                    },
                    "ShadowColor": {
                      "R": 110,
                      "G": 110,
                      "B": 110
                    },
                    "ShadowOffsetX": 2.0,
                    "ShadowOffsetY": -2.0,
                    "TouchEnable": true,
                    "AnchorPoint": {},
                    "Position": {
                      "X": 0.0,
                      "Y": 0.0
                    },
                    "Scale": {
                      "ScaleX": 1.0,
                      "ScaleY": 1.0
                    },
                    "CColor": {},
                    "IconVisible": false,
                    "PrePosition": {
                      "X": 0.0,
                      "Y": 0.0
                    },
                    "PreSize": {
                      "X": 1.0,
                      "Y": 1.0
                    },
                    "Tag": 368,
                    "ActionTag": 1561859893,
                    "Size": {
                      "X": 140.0,
                      "Y": 47.0
                    },
                    "Name": "buy",
                    "ctype": "ButtonObjectData"
                  },
                  {
                    "FileData": {
                      "Type": "MarkedSubImage",
                      "Path": "PVPUI/buy.png",
                      "Plist": "OtherUI.plist"
                    },
                    "Scale9Width": 104,
                    "Scale9Height": 25,
                    "AnchorPoint": {},
                    "Position": {
                      "X": 28.1003,
                      "Y": 11.3862
                    },
                    "Scale": {
                      "ScaleX": 1.0,
                      "ScaleY": 1.0
                    },
                    "CColor": {
                      "G": 0,
                      "B": 0
                    },
                    "IconVisible": false,
                    "PrePosition": {
                      "X": 0.2007,
                      "Y": 0.2423
                    },
                    "PreSize": {
                      "X": 0.7429,
                      "Y": 0.5319
                    },
                    "LeftMargin": 28.1003,
                    "RightMargin": 7.8997,
                    "TopMargin": 10.6138,
                    "BottomMargin": 11.3862,
                    "Tag": 373,
                    "ActionTag": 1266055105,
                    "Size": {
                      "X": 104.0,
                      "Y": 25.0
                    },
                    "Name": "buy_text",
                    "ctype": "ImageViewObjectData"
                  }
                ],
                "ActionTag": 74648892,
                "Size": {
                  "X": 140.0,
                  "Y": 47.0
                },
                "Name": "buy_btn",
                "ctype": "PanelObjectData"
              },
              {
                "BackColorAlpha": 102,
                "SingleColor": {
                  "R": 150,
                  "G": 200
                },
                "FirstColor": {
                  "R": 150,
                  "G": 200
                },
                "EndColor": {},
                "ColorVector": {
                  "ScaleY": 1.0
                },
                "Scale9Width": 1,
                "Scale9Height": 1,
                "TouchEnable": true,
                "AnchorPoint": {},
                "Position": {
                  "X": 38.9617,
                  "Y": 25.7654
                },
                "Scale": {
                  "ScaleX": 1.0,
                  "ScaleY": 1.0
                },
                "CColor": {},
                "IconVisible": false,
                "PrePosition": {
                  "X": 0.0609,
                  "Y": 0.03
                },
                "PreSize": {
                  "X": 0.2188,
                  "Y": 0.0547
                },
                "LeftMargin": 38.9617,
                "RightMargin": 461.0383,
                "TopMargin": 787.2346,
                "BottomMargin": 25.7654,
                "Tag": 375,
                "Children": [
                  {
                    "FontSize": 14,
                    "ButtonText": "",
                    "TextColor": {
                      "R": 65,
                      "G": 65,
                      "B": 70
                    },
                    "DisabledFileData": {
                      "Type": "Normal",
                      "Path": "mainUI/bg_14.png",
                      "Plist": ""
                    },
                    "PressedFileData": {
                      "Type": "Normal",
                      "Path": "mainUI/bg_14.png",
                      "Plist": ""
                    },
                    "NormalFileData": {
                      "Type": "Normal",
                      "Path": "mainUI/bg_14.png",
                      "Plist": ""
                    },
                    "Scale9Enable": true,
                    "Scale9OriginX": 14,
                    "Scale9OriginY": 14,
                    "Scale9Width": 4,
                    "Scale9Height": 19,
                    "OutlineColor": {
                      "G": 0,
                      "B": 0
                    },
                    "ShadowColor": {
                      "R": 110,
                      "G": 110,
                      "B": 110
                    },
                    "ShadowOffsetX": 2.0,
                    "ShadowOffsetY": -2.0,
                    "TouchEnable": true,
                    "AnchorPoint": {},
                    "Position": {
                      "X": 0.0,
                      "Y": 0.0
                    },
                    "Scale": {
                      "ScaleX": 1.0,
                      "ScaleY": 1.0
                    },
                    "CColor": {},
                    "IconVisible": false,
                    "PrePosition": {
                      "X": 0.0,
                      "Y": 0.0
                    },
                    "PreSize": {
                      "X": 1.0,
                      "Y": 1.0
                    },
                    "Tag": 376,
                    "ActionTag": -1649490716,
                    "Size": {
                      "X": 140.0,
                      "Y": 47.0
                    },
                    "Name": "record",
                    "ctype": "ButtonObjectData"
                  },
                  {
                    "FileData": {
                      "Type": "MarkedSubImage",
                      "Path": "PVPUI/record.png",
                      "Plist": "OtherUI.plist"
                    },
                    "Scale9Width": 104,
                    "Scale9Height": 26,
                    "AnchorPoint": {
                      "ScaleX": 0.5,
                      "ScaleY": 0.5
                    },
                    "Position": {
                      "X": 80.9799,
                      "Y": 23.8862
                    },
                    "Scale": {
                      "ScaleX": 1.0,
                      "ScaleY": 1.0
                    },
                    "CColor": {},
                    "IconVisible": false,
                    "PrePosition": {
                      "X": 0.5784,
                      "Y": 0.5082
                    },
                    "PreSize": {
                      "X": 0.7429,
                      "Y": 0.5532
                    },
                    "LeftMargin": 28.9799,
                    "RightMargin": 7.0201,
                    "TopMargin": 10.1138,
                    "BottomMargin": 10.8862,
                    "Tag": 377,
                    "ActionTag": 1966731221,
                    "Size": {
                      "X": 104.0,
                      "Y": 26.0
                    },
                    "Name": "record_text",
                    "ctype": "ImageViewObjectData"
                  }
                ],
                "ActionTag": 1890915320,
                "Size": {
                  "X": 140.0,
                  "Y": 47.0
                },
                "Name": "record_btn",
                "ctype": "PanelObjectData"
              },
              {
                "FileData": {
                  "Type": "MarkedSubImage",
                  "Path": "PVPUI/surplus.png",
                  "Plist": "OtherUI.plist"
                },
                "Scale9Width": 141,
                "Scale9Height": 30,
                "AnchorPoint": {
                  "ScaleX": 0.5,
                  "ScaleY": 0.5
                },
                "Position": {
                  "X": 316.547,
                  "Y": 92.6425
                },
                "Scale": {
                  "ScaleX": 1.0,
                  "ScaleY": 1.0
                },
                "CColor": {},
                "IconVisible": false,
                "PrePosition": {
                  "X": 0.4946,
                  "Y": 0.1077
                },
                "PreSize": {
                  "X": 0.2203,
                  "Y": 0.0349
                },
                "LeftMargin": 246.047,
                "RightMargin": 252.953,
                "TopMargin": 752.3575,
                "BottomMargin": 77.6425,
                "Tag": 378,
                "ActionTag": -643360841,
                "Size": {
                  "X": 141.0,
                  "Y": 30.0
                },
                "Name": "surplus_text",
                "ctype": "ImageViewObjectData"
              },
              {
                "LabelText": "5",
                "LabelBMFontFile_CNB": {
                  "Type": "Normal",
                  "Path": "font/white16-export.fnt",
                  "Plist": ""
                },
                "AnchorPoint": {
                  "ScaleX": 0.5,
                  "ScaleY": 0.5
                },
                "Position": {
                  "X": 386.1097,
                  "Y": 92.6425
                },
                "Scale": {
                  "ScaleX": 1.0,
                  "ScaleY": 1.0
                },
                "CColor": {},
                "IconVisible": false,
                "PrePosition": {
                  "X": 0.6033,
                  "Y": 0.1077
                },
                "PreSize": {
                  "X": 0.0266,
                  "Y": 0.0233
                },
                "LeftMargin": 377.6097,
                "RightMargin": 245.3903,
                "TopMargin": 757.3575,
                "BottomMargin": 82.6425,
                "Tag": 379,
                "ActionTag": 30635809,
                "Size": {
                  "X": 17.0,
                  "Y": 20.0
                },
                "Name": "surplus_num",
                "ctype": "TextBMFontObjectData"
              },
              {
                "BackColorAlpha": 102,
                "SingleColor": {
                  "R": 150,
                  "G": 200
                },
                "FirstColor": {
                  "R": 150,
                  "G": 200
                },
                "EndColor": {},
                "ColorVector": {
                  "ScaleY": 1.0
                },
                "Scale9Width": 1,
                "Scale9Height": 1,
                "TouchEnable": true,
                "AnchorPoint": {},
                "Position": {
                  "X": 20.0,
                  "Y": 116.0
                },
                "Scale": {
                  "ScaleX": 1.0,
                  "ScaleY": 1.0
                },
                "CColor": {},
                "IconVisible": false,
                "PrePosition": {
                  "X": 0.0313,
                  "Y": 0.1349
                },
                "PreSize": {
                  "X": 0.9375,
                  "Y": 0.6395
                },
                "LeftMargin": 20.0,
                "RightMargin": 20.0,
                "TopMargin": 194.0,
                "BottomMargin": 116.0,
                "Tag": 306,
                "ActionTag": -851854272,
                "Size": {
                  "X": 600.0,
                  "Y": 550.0
                },
                "Name": "opponent_box",
                "ctype": "PanelObjectData"
              }
            ],
            "ActionTag": 186407178,
            "Size": {
              "X": 640.0,
              "Y": 860.0
            },
            "Name": "root",
            "ctype": "PanelObjectData"
          }
        ],
        "Size": {
          "X": 640.0,
          "Y": 860.0
        },
        "Name": "Layer",
        "ctype": "LayerObjectData"
      },
      "UsedResources": [
        "font/white10-export.fnt",
        "font/white10-export.png",
        "font/white16-export.fnt",
        "font/white16-export.png",
        "mainUI/bg_04.png",
        "mainUI/bg_05.png",
        "mainUI/bg_06.png",
        "mainUI/bg_10.png",
        "mainUI/bg_14.png",
        "mainUI/bg_18.png",
        "OtherUI.plist",
        "OtherUI.png",
        "RankUI.plist",
        "RankUI.png"
      ],
      "ctype": "GameFileData"
    }
  },
  "Type": "Layer"
}