{
  "ID": "fa0a51ab-4981-474a-b2d6-7bae8f06eeee",
  "Version": "2.3.3.0",
  "Name": "PVPRecord",
  "Content": {
    "Content": {
      "Animation": {
        "Duration": 0,
        "Speed": 1.0,
        "Timelines": [],
        "ctype": "TimelineActionData"
      },
      "AnimationList": [],
      "ObjectData": {
        "Tag": 380,
        "Children": [
          {
            "BackColorAlpha": 102,
            "ComboBoxIndex": 1,
            "SingleColor": {
              "R": 150,
              "G": 200
            },
            "FirstColor": {
              "R": 150,
              "G": 200
            },
            "EndColor": {},
            "ColorVector": {
              "ScaleY": 1.0
            },
            "TouchEnable": true,
            "AnchorPoint": {},
            "Position": {
              "X": 0.0,
              "Y": 0.0
            },
            "Scale": {
              "ScaleX": 1.0,
              "ScaleY": 1.0
            },
            "CColor": {},
            "IconVisible": false,
            "PrePosition": {
              "X": 0.0,
              "Y": 0.0
            },
            "PreSize": {
              "X": 0.3125,
              "Y": 0.2083
            },
            "RightMargin": 440.0,
            "TopMargin": 760.0,
            "Tag": 381,
            "ActionTag": 902370607,
            "Size": {
              "X": 200.0,
              "Y": 200.0
            },
            "Name": "root",
            "ctype": "PanelObjectData"
          },
          {
            "FileData": {
              "Type": "Normal",
              "Path": "mainUI/bg_01.png",
              "Plist": ""
            },
            "Scale9Width": 78,
            "Scale9Height": 78,
            "AnchorPoint": {},
            "Position": {
              "X": 0.0,
              "Y": 0.0
            },
            "Scale": {
              "ScaleX": 1.0,
              "ScaleY": 1.0
            },
            "CColor": {},
            "IconVisible": false,
            "PrePosition": {
              "X": 0.0,
              "Y": 0.0
            },
            "PreSize": {
              "X": 0.1219,
              "Y": 0.0812
            },
            "RightMargin": 562.0,
            "TopMargin": 882.0,
            "Tag": 382,
            "ActionTag": 1987873668,
            "Size": {
              "X": 78.0,
              "Y": 78.0
            },
            "Name": "Image_1",
            "ctype": "ImageViewObjectData"
          }
        ],
        "Size": {
          "X": 640.0,
          "Y": 960.0
        },
        "Name": "Layer",
        "ctype": "LayerObjectData"
      },
      "UsedResources": [
        "mainUI/bg_01.png"
      ],
      "ctype": "GameFileData"
    }
  },
  "Type": "Layer"
}