{
  "ID": "884a1cba-b6fc-4815-8efb-896cc28fc342",
  "Version": "2.3.3.0",
  "Name": "RechargeLayer",
  "Content": {
    "Content": {
      "Animation": {
        "Duration": 0,
        "Speed": 1.0,
        "Timelines": [],
        "ctype": "TimelineActionData"
      },
      "AnimationList": [],
      "ObjectData": {
        "Tag": 111,
        "Children": [
          {
            "BackColorAlpha": 102,
            "SingleColor": {
              "R": 150,
              "G": 200
            },
            "FirstColor": {
              "R": 150,
              "G": 200
            },
            "EndColor": {},
            "ColorVector": {
              "ScaleY": 1.0
            },
            "Scale9Width": 1,
            "Scale9Height": 1,
            "TouchEnable": true,
            "AnchorPoint": {},
            "Position": {
              "X": 17.3321,
              "Y": 90.8828
            },
            "Scale": {
              "ScaleX": 1.0,
              "ScaleY": 1.0
            },
            "CColor": {},
            "IconVisible": false,
            "PrePosition": {
              "X": 0.0271,
              "Y": 0.0947
            },
            "PreSize": {
              "X": 0.9688,
              "Y": 0.8333
            },
            "LeftMargin": 17.3321,
            "RightMargin": 2.6679,
            "TopMargin": 69.1172,
            "BottomMargin": 90.8828,
            "Tag": 140,
            "Children": [
              {
                "FileData": {
                  "Type": "Normal",
                  "Path": "mainUI/bg_01.png",
                  "Plist": ""
                },
                "Scale9Enable": true,
                "Scale9OriginX": 25,
                "Scale9OriginY": 25,
                "Scale9Width": 28,
                "Scale9Height": 28,
                "AnchorPoint": {},
                "Position": {
                  "X": 0.0,
                  "Y": 0.0
                },
                "Scale": {
                  "ScaleX": 1.0,
                  "ScaleY": 1.0
                },
                "CColor": {},
                "IconVisible": false,
                "PrePosition": {
                  "X": 0.0,
                  "Y": 0.0
                },
                "PreSize": {
                  "X": 0.9677,
                  "Y": 0.9375
                },
                "RightMargin": 20.0,
                "TopMargin": 50.0,
                "Tag": 141,
                "ActionTag": -818547892,
                "Size": {
                  "X": 600.0,
                  "Y": 750.0
                },
                "Name": "bg",
                "ctype": "ImageViewObjectData"
              },
              {
                "FlipX": true,
                "FileData": {
                  "Type": "MarkedSubImage",
                  "Path": "rechargeUI/title_bg.png",
                  "Plist": "OtherUI.plist"
                },
                "Scale9OriginX": 10,
                "Scale9OriginY": 10,
                "Scale9Width": 55,
                "Scale9Height": 24,
                "AnchorPoint": {
                  "ScaleX": 0.5,
                  "ScaleY": 0.5
                },
                "Position": {
                  "X": 368.8448,
                  "Y": 757.5413
                },
                "Scale": {
                  "ScaleX": 1.8,
                  "ScaleY": 1.8
                },
                "CColor": {},
                "IconVisible": false,
                "PrePosition": {
                  "X": 0.5949,
                  "Y": 0.9469
                },
                "PreSize": {
                  "X": 0.121,
                  "Y": 0.055
                },
                "LeftMargin": 331.3448,
                "RightMargin": 213.6552,
                "TopMargin": 20.4587,
                "BottomMargin": 735.5413,
                "CallBackType": "Click",
                "Tag": 145,
                "ActionTag": 80994095,
                "Size": {
                  "X": 75.0,
                  "Y": 44.0
                },
                "Name": "title_bg2",
                "ctype": "ImageViewObjectData"
              },
              {
                "FileData": {
                  "Type": "MarkedSubImage",
                  "Path": "rechargeUI/title_bg.png",
                  "Plist": "OtherUI.plist"
                },
                "Scale9OriginX": 10,
                "Scale9OriginY": 10,
                "Scale9Width": 55,
                "Scale9Height": 24,
                "AnchorPoint": {
                  "ScaleX": 0.5,
                  "ScaleY": 0.5
                },
                "Position": {
                  "X": 236.4983,
                  "Y": 757.5413
                },
                "Scale": {
                  "ScaleX": 1.8,
                  "ScaleY": 1.8
                },
                "CColor": {},
                "IconVisible": false,
                "PrePosition": {
                  "X": 0.3814,
                  "Y": 0.9469
                },
                "PreSize": {
                  "X": 0.121,
                  "Y": 0.055
                },
                "LeftMargin": 198.9983,
                "RightMargin": 346.0017,
                "TopMargin": 20.4587,
                "BottomMargin": 735.5413,
                "CallBackType": "Click",
                "Tag": 143,
                "ActionTag": -1130987287,
                "Size": {
                  "X": 75.0,
                  "Y": 44.0
                },
                "Name": "title_bg1",
                "ctype": "ImageViewObjectData"
              },
              {
                "FileData": {
                  "Type": "MarkedSubImage",
                  "Path": "rechargeUI/title.png",
                  "Plist": "OtherUI.plist"
                },
                "Scale9Enable": true,
                "Scale9OriginX": 10,
                "Scale9OriginY": 10,
                "Scale9Width": 109,
                "Scale9Height": 38,
                "AnchorPoint": {
                  "ScaleX": 0.5,
                  "ScaleY": 0.5
                },
                "Position": {
                  "X": 300.9906,
                  "Y": 765.1379
                },
                "Scale": {
                  "ScaleX": 1.0,
                  "ScaleY": 1.0
                },
                "CColor": {},
                "IconVisible": false,
                "PrePosition": {
                  "X": 0.4855,
                  "Y": 0.9564
                },
                "PreSize": {
                  "X": 0.2081,
                  "Y": 0.0725
                },
                "LeftMargin": 236.4906,
                "RightMargin": 254.5094,
                "TopMargin": 5.8621,
                "BottomMargin": 736.1379,
                "CallBackType": "Click",
                "Tag": 144,
                "ActionTag": 319437016,
                "Size": {
                  "X": 129.0,
                  "Y": 58.0
                },
                "Name": "title",
                "ctype": "ImageViewObjectData"
              },
              {
                "FileData": {
                  "Type": "Normal",
                  "Path": "mainUI/bg_03.png",
                  "Plist": ""
                },
                "Scale9Enable": true,
                "Scale9OriginX": 9,
                "Scale9OriginY": 10,
                "Scale9Width": 10,
                "Scale9Height": 16,
                "AnchorPoint": {
                  "ScaleX": 0.5,
                  "ScaleY": 0.5
                },
                "Position": {
                  "X": 301.9916,
                  "Y": 649.8673
                },
                "Scale": {
                  "ScaleX": 1.0,
                  "ScaleY": 1.0
                },
                "CColor": {},
                "IconVisible": false,
                "PrePosition": {
                  "X": 0.4871,
                  "Y": 0.8123
                },
                "PreSize": {
                  "X": 0.9355,
                  "Y": 0.15
                },
                "LeftMargin": 11.9916,
                "RightMargin": 28.0084,
                "TopMargin": 90.1327,
                "BottomMargin": 589.8673,
                "CallBackType": "Click",
                "Tag": 146,
                "ActionTag": -943825671,
                "Size": {
                  "X": 580.0,
                  "Y": 120.0
                },
                "Name": "title2_bg",
                "ctype": "ImageViewObjectData"
              },
              {
                "FileData": {
                  "Type": "Normal",
                  "Path": "CloseBtn.json",
                  "Plist": ""
                },
                "StretchWidthEnable": false,
                "StretchHeightEnable": false,
                "InnerActionSpeed": 1.0,
                "AnchorPoint": {},
                "Position": {
                  "X": 564.9444,
                  "Y": 718.5602
                },
                "Scale": {
                  "ScaleX": 1.0,
                  "ScaleY": 1.0
                },
                "CColor": {},
                "IconVisible": true,
                "PrePosition": {
                  "X": 0.9112,
                  "Y": 0.8982
                },
                "PreSize": {
                  "X": 0.0903,
                  "Y": 0.0725
                },
                "LeftMargin": 564.9444,
                "RightMargin": -0.9444,
                "TopMargin": 23.4398,
                "BottomMargin": 718.5602,
                "Tag": 172,
                "ActionTag": 447055549,
                "Size": {
                  "X": 56.0,
                  "Y": 58.0
                },
                "Name": "close_btn",
                "ctype": "ProjectNodeObjectData"
              },
              {
                "FileData": {
                  "Type": "Normal",
                  "Path": "mainUI/bg_03.png",
                  "Plist": ""
                },
                "Scale9Enable": true,
                "Scale9OriginX": 9,
                "Scale9OriginY": 10,
                "Scale9Width": 10,
                "Scale9Height": 16,
                "AnchorPoint": {},
                "Position": {
                  "X": 10.383,
                  "Y": 84.102
                },
                "Scale": {
                  "ScaleX": 1.0,
                  "ScaleY": 1.0
                },
                "CColor": {},
                "IconVisible": false,
                "PrePosition": {
                  "X": 0.0167,
                  "Y": 0.1051
                },
                "PreSize": {
                  "X": 0.9355,
                  "Y": 0.625
                },
                "LeftMargin": 10.383,
                "RightMargin": 29.617,
                "TopMargin": 215.898,
                "BottomMargin": 84.102,
                "CallBackType": "Click",
                "Tag": 176,
                "ActionTag": -78238536,
                "Size": {
                  "X": 580.0,
                  "Y": 500.0
                },
                "Name": "recharge_bg",
                "ctype": "ImageViewObjectData"
              },
              {
                "FileData": {
                  "Type": "MarkedSubImage",
                  "Path": "rechargeUI/pic.png",
                  "Plist": "OtherUI.plist"
                },
                "Scale9Width": 425,
                "Scale9Height": 81,
                "AnchorPoint": {},
                "Position": {
                  "X": 18.4632,
                  "Y": 599.5251
                },
                "Scale": {
                  "ScaleX": 1.0,
                  "ScaleY": 1.0
                },
                "CColor": {},
                "IconVisible": false,
                "PrePosition": {
                  "X": 0.0298,
                  "Y": 0.7494
                },
                "PreSize": {
                  "X": 0.9129,
                  "Y": 0.1325
                },
                "LeftMargin": 18.4632,
                "RightMargin": 35.5368,
                "TopMargin": 94.4749,
                "BottomMargin": 599.5251,
                "Tag": 332,
                "ActionTag": 1223335582,
                "Size": {
                  "X": 566.0,
                  "Y": 106.0
                },
                "Name": "Image_41",
                "ctype": "ImageViewObjectData"
              },
              {
                "FontSize": 20,
                "LabelText": "当前VIP信息",
                "OutlineColor": {
                  "G": 0,
                  "B": 0
                },
                "ShadowColor": {
                  "R": 110,
                  "G": 110,
                  "B": 110
                },
                "ShadowOffsetX": 2.0,
                "ShadowOffsetY": -2.0,
                "AnchorPoint": {
                  "ScaleX": 0.5,
                  "ScaleY": 0.5
                },
                "Position": {
                  "X": 301.3808,
                  "Y": 649.8675
                },
                "Scale": {
                  "ScaleX": 1.0,
                  "ScaleY": 1.0
                },
                "CColor": {},
                "IconVisible": false,
                "PrePosition": {
                  "X": 0.4861,
                  "Y": 0.8123
                },
                "PreSize": {
                  "X": 0.1774,
                  "Y": 0.025
                },
                "LeftMargin": 246.3808,
                "RightMargin": 263.6192,
                "TopMargin": 140.1325,
                "BottomMargin": 639.8675,
                "Tag": 397,
                "ActionTag": -219201916,
                "Size": {
                  "X": 110.0,
                  "Y": 20.0
                },
                "Name": "text",
                "ctype": "TextObjectData"
              },
              {
                "BackColorAlpha": 102,
                "SingleColor": {
                  "R": 150,
                  "G": 200
                },
                "FirstColor": {
                  "R": 150,
                  "G": 200
                },
                "EndColor": {},
                "ColorVector": {
                  "ScaleY": 1.0
                },
                "TouchEnable": true,
                "AnchorPoint": {},
                "Position": {
                  "X": 20.0,
                  "Y": 96.0
                },
                "Scale": {
                  "ScaleX": 1.0,
                  "ScaleY": 1.0
                },
                "CColor": {},
                "IconVisible": false,
                "PrePosition": {
                  "X": 0.0323,
                  "Y": 0.12
                },
                "PreSize": {
                  "X": 0.9032,
                  "Y": 0.6
                },
                "LeftMargin": 20.0,
                "RightMargin": 40.0,
                "TopMargin": 224.0,
                "BottomMargin": 96.0,
                "Tag": 177,
                "Children": [
                  {
                    "FileData": {
                      "Type": "Normal",
                      "Path": "RechargeIconLayer.json",
                      "Plist": ""
                    },
                    "StretchWidthEnable": false,
                    "StretchHeightEnable": false,
                    "InnerActionSpeed": 1.0,
                    "AnchorPoint": {},
                    "Position": {
                      "X": 8.3086,
                      "Y": 239.4923
                    },
                    "Scale": {
                      "ScaleX": 1.0,
                      "ScaleY": 1.0
                    },
                    "CColor": {},
                    "IconVisible": true,
                    "PrePosition": {
                      "X": 0.0148,
                      "Y": 0.4989
                    },
                    "PreSize": {
                      "X": 0.3214,
                      "Y": 0.4729
                    },
                    "LeftMargin": 8.3086,
                    "RightMargin": 371.6914,
                    "TopMargin": 13.5077,
                    "BottomMargin": 239.4923,
                    "Tag": 185,
                    "ActionTag": -636296045,
                    "Size": {
                      "X": 180.0,
                      "Y": 227.0
                    },
                    "Name": "item1",
                    "ctype": "ProjectNodeObjectData"
                  },
                  {
                    "FileData": {
                      "Type": "Normal",
                      "Path": "RechargeIconLayer.json",
                      "Plist": ""
                    },
                    "StretchWidthEnable": false,
                    "StretchHeightEnable": false,
                    "InnerActionSpeed": 1.0,
                    "AnchorPoint": {},
                    "Position": {
                      "X": 192.429,
                      "Y": 239.4923
                    },
                    "Scale": {
                      "ScaleX": 1.0,
                      "ScaleY": 1.0
                    },
                    "CColor": {},
                    "IconVisible": true,
                    "PrePosition": {
                      "X": 0.3436,
                      "Y": 0.4989
                    },
                    "PreSize": {
                      "X": 0.3214,
                      "Y": 0.4729
                    },
                    "LeftMargin": 192.429,
                    "RightMargin": 187.571,
                    "TopMargin": 13.5077,
                    "BottomMargin": 239.4923,
                    "Tag": 193,
                    "ActionTag": 1223767564,
                    "Size": {
                      "X": 180.0,
                      "Y": 227.0
                    },
                    "Name": "item2",
                    "ctype": "ProjectNodeObjectData"
                  },
                  {
                    "FileData": {
                      "Type": "Normal",
                      "Path": "RechargeIconLayer.json",
                      "Plist": ""
                    },
                    "StretchWidthEnable": false,
                    "StretchHeightEnable": false,
                    "InnerActionSpeed": 1.0,
                    "AnchorPoint": {},
                    "Position": {
                      "X": 376.5495,
                      "Y": 239.4923
                    },
                    "Scale": {
                      "ScaleX": 1.0,
                      "ScaleY": 1.0
                    },
                    "CColor": {},
                    "IconVisible": true,
                    "PrePosition": {
                      "X": 0.6724,
                      "Y": 0.4989
                    },
                    "PreSize": {
                      "X": 0.3214,
                      "Y": 0.4729
                    },
                    "LeftMargin": 376.5495,
                    "RightMargin": 3.4505,
                    "TopMargin": 13.5077,
                    "BottomMargin": 239.4923,
                    "Tag": 201,
                    "ActionTag": 751293512,
                    "Size": {
                      "X": 180.0,
                      "Y": 227.0
                    },
                    "Name": "item3",
                    "ctype": "ProjectNodeObjectData"
                  },
                  {
                    "FileData": {
                      "Type": "Normal",
                      "Path": "RechargeIconLayer.json",
                      "Plist": ""
                    },
                    "StretchWidthEnable": false,
                    "StretchHeightEnable": false,
                    "InnerActionSpeed": 1.0,
                    "AnchorPoint": {},
                    "Position": {
                      "X": 8.3086,
                      "Y": 5.0774
                    },
                    "Scale": {
                      "ScaleX": 1.0,
                      "ScaleY": 1.0
                    },
                    "CColor": {},
                    "IconVisible": true,
                    "PrePosition": {
                      "X": 0.0148,
                      "Y": 0.0106
                    },
                    "PreSize": {
                      "X": 0.3214,
                      "Y": 0.4729
                    },
                    "LeftMargin": 8.3086,
                    "RightMargin": 371.6914,
                    "TopMargin": 247.9226,
                    "BottomMargin": 5.0774,
                    "Tag": 209,
                    "ActionTag": 1929501667,
                    "Size": {
                      "X": 180.0,
                      "Y": 227.0
                    },
                    "Name": "item4",
                    "ctype": "ProjectNodeObjectData"
                  },
                  {
                    "FileData": {
                      "Type": "Normal",
                      "Path": "RechargeIconLayer.json",
                      "Plist": ""
                    },
                    "StretchWidthEnable": false,
                    "StretchHeightEnable": false,
                    "InnerActionSpeed": 1.0,
                    "AnchorPoint": {},
                    "Position": {
                      "X": 192.429,
                      "Y": 5.0774
                    },
                    "Scale": {
                      "ScaleX": 1.0,
                      "ScaleY": 1.0
                    },
                    "CColor": {},
                    "IconVisible": true,
                    "PrePosition": {
                      "X": 0.3436,
                      "Y": 0.0106
                    },
                    "PreSize": {
                      "X": 0.3214,
                      "Y": 0.4729
                    },
                    "LeftMargin": 192.429,
                    "RightMargin": 187.571,
                    "TopMargin": 247.9225,
                    "BottomMargin": 5.0774,
                    "Tag": 217,
                    "ActionTag": -1124834065,
                    "Size": {
                      "X": 180.0,
                      "Y": 227.0
                    },
                    "Name": "item5",
                    "ctype": "ProjectNodeObjectData"
                  },
                  {
                    "FileData": {
                      "Type": "Normal",
                      "Path": "RechargeIconLayer.json",
                      "Plist": ""
                    },
                    "StretchWidthEnable": false,
                    "StretchHeightEnable": false,
                    "InnerActionSpeed": 1.0,
                    "AnchorPoint": {},
                    "Position": {
                      "X": 376.5495,
                      "Y": 5.0774
                    },
                    "Scale": {
                      "ScaleX": 1.0,
                      "ScaleY": 1.0
                    },
                    "CColor": {},
                    "IconVisible": true,
                    "PrePosition": {
                      "X": 0.6724,
                      "Y": 0.0106
                    },
                    "PreSize": {
                      "X": 0.3214,
                      "Y": 0.4729
                    },
                    "LeftMargin": 376.5495,
                    "RightMargin": 3.4506,
                    "TopMargin": 247.9226,
                    "BottomMargin": 5.0774,
                    "Tag": 225,
                    "ActionTag": 1125154198,
                    "Size": {
                      "X": 180.0,
                      "Y": 227.0
                    },
                    "Name": "item6",
                    "ctype": "ProjectNodeObjectData"
                  }
                ],
                "ActionTag": -1348626573,
                "Size": {
                  "X": 560.0,
                  "Y": 480.0
                },
                "Name": "box",
                "ctype": "PanelObjectData"
              },
              {
                "BackColorAlpha": 102,
                "SingleColor": {
                  "R": 150,
                  "G": 200
                },
                "FirstColor": {
                  "R": 150,
                  "G": 200
                },
                "EndColor": {},
                "ColorVector": {
                  "ScaleY": 1.0
                },
                "Scale9Width": 1,
                "Scale9Height": 1,
                "TouchEnable": true,
                "AnchorPoint": {},
                "Position": {
                  "X": 225.0,
                  "Y": 15.2462
                },
                "Scale": {
                  "ScaleX": 1.0,
                  "ScaleY": 1.0
                },
                "CColor": {},
                "IconVisible": false,
                "PrePosition": {
                  "X": 0.3629,
                  "Y": 0.0191
                },
                "PreSize": {
                  "X": 0.2419,
                  "Y": 0.075
                },
                "LeftMargin": 225.0,
                "RightMargin": 245.0,
                "TopMargin": 724.7538,
                "BottomMargin": 15.2462,
                "Tag": 394,
                "Children": [
                  {
                    "FontSize": 14,
                    "ButtonText": "",
                    "TextColor": {
                      "R": 65,
                      "G": 65,
                      "B": 70
                    },
                    "DisabledFileData": {
                      "Type": "Normal",
                      "Path": "mainUI/bg_06.png",
                      "Plist": ""
                    },
                    "PressedFileData": {
                      "Type": "Normal",
                      "Path": "mainUI/bg_06.png",
                      "Plist": ""
                    },
                    "NormalFileData": {
                      "Type": "Normal",
                      "Path": "mainUI/bg_06.png",
                      "Plist": ""
                    },
                    "Scale9Enable": true,
                    "Scale9OriginX": 15,
                    "Scale9OriginY": 15,
                    "Scale9Width": 1,
                    "Scale9Height": 17,
                    "OutlineColor": {
                      "G": 0,
                      "B": 0
                    },
                    "ShadowColor": {
                      "R": 110,
                      "G": 110,
                      "B": 110
                    },
                    "ShadowOffsetX": 2.0,
                    "ShadowOffsetY": -2.0,
                    "TouchEnable": true,
                    "AnchorPoint": {},
                    "Position": {
                      "X": -5.5904,
                      "Y": 5.5911
                    },
                    "Scale": {
                      "ScaleX": 1.0,
                      "ScaleY": 1.0
                    },
                    "CColor": {},
                    "IconVisible": false,
                    "PrePosition": {
                      "X": -0.0373,
                      "Y": 0.0932
                    },
                    "PreSize": {
                      "X": 1.0667,
                      "Y": 0.8333
                    },
                    "LeftMargin": -5.5904,
                    "RightMargin": -4.4096,
                    "TopMargin": 4.4089,
                    "BottomMargin": 5.5911,
                    "CallBackType": "Click",
                    "Tag": 395,
                    "ActionTag": 771837386,
                    "Size": {
                      "X": 160.0,
                      "Y": 50.0
                    },
                    "Name": "buy_btn",
                    "ctype": "ButtonObjectData"
                  },
                  {
                    "FileData": {
                      "Type": "MarkedSubImage",
                      "Path": "rechargeUI/vip.png",
                      "Plist": "OtherUI.plist"
                    },
                    "Scale9Width": 137,
                    "Scale9Height": 39,
                    "AnchorPoint": {
                      "ScaleX": 0.5,
                      "ScaleY": 0.5
                    },
                    "Position": {
                      "X": 75.0,
                      "Y": 30.0
                    },
                    "Scale": {
                      "ScaleX": 1.0,
                      "ScaleY": 1.0
                    },
                    "CColor": {},
                    "IconVisible": false,
                    "PrePosition": {
                      "X": 0.5,
                      "Y": 0.5
                    },
                    "PreSize": {
                      "X": 0.9133,
                      "Y": 0.65
                    },
                    "LeftMargin": 6.5,
                    "RightMargin": 6.5,
                    "TopMargin": 10.5,
                    "BottomMargin": 10.5,
                    "CallBackType": "Click",
                    "Tag": 396,
                    "ActionTag": -326646487,
                    "Size": {
                      "X": 137.0,
                      "Y": 39.0
                    },
                    "Name": "buy_text",
                    "ctype": "ImageViewObjectData"
                  }
                ],
                "ActionTag": -430396423,
                "Size": {
                  "X": 150.0,
                  "Y": 60.0
                },
                "Name": "btn",
                "ctype": "PanelObjectData"
              }
            ],
            "ActionTag": 1414498151,
            "Size": {
              "X": 620.0,
              "Y": 800.0
            },
            "Name": "root",
            "ctype": "PanelObjectData"
          }
        ],
        "Size": {
          "X": 640.0,
          "Y": 960.0
        },
        "Name": "Layer",
        "ctype": "LayerObjectData"
      },
      "UsedResources": [
        "CloseBtn.json",
        "mainUI/bg_01.png",
        "mainUI/bg_03.png",
        "mainUI/bg_06.png",
        "OtherUI.plist",
        "OtherUI.png",
        "RechargeIconLayer.json"
      ],
      "ctype": "GameFileData"
    }
  },
  "Type": "Layer"
}