{
  "ID": "5dff18fb-704b-45b4-8882-87d8038fc839",
  "Version": "2.3.3.0",
  "Name": "ShopTab",
  "Content": {
    "Content": {
      "Animation": {
        "Duration": 0,
        "Speed": 1.0,
        "Timelines": [],
        "ctype": "TimelineActionData"
      },
      "AnimationList": [],
      "ObjectData": {
        "Tag": 42,
        "Children": [
          {
            "BackColorAlpha": 102,
            "SingleColor": {
              "R": 150,
              "G": 200
            },
            "FirstColor": {
              "R": 150,
              "G": 200
            },
            "EndColor": {},
            "ColorVector": {
              "ScaleY": 1.0
            },
            "Scale9Width": 1,
            "Scale9Height": 1,
            "TouchEnable": true,
            "AnchorPoint": {},
            "Position": {
              "X": 0.0,
              "Y": 0.0
            },
            "Scale": {
              "ScaleX": 1.0,
              "ScaleY": 1.0
            },
            "CColor": {},
            "IconVisible": false,
            "PrePosition": {
              "X": 0.0,
              "Y": 0.0
            },
            "PreSize": {
              "X": 1.0,
              "Y": 1.0
            },
            "Tag": 95,
            "Children": [
              {
                "CheckedState": true,
                "NormalBackFileData": {
                  "Type": "MarkedSubImage",
                  "Path": "shopUI/shopTab_1.png",
                  "Plist": "ShopUI.plist"
                },
                "PressedBackFileData": {
                  "Type": "MarkedSubImage",
                  "Path": "shopUI/shopTab_2.png",
                  "Plist": "ShopUI.plist"
                },
                "DisableBackFileData": {
                  "Type": "MarkedSubImage",
                  "Path": "shopUI/shopTab_1.png",
                  "Plist": "ShopUI.plist"
                },
                "NodeNormalFileData": {
                  "Type": "MarkedSubImage",
                  "Path": "shopUI/shopTab_2.png",
                  "Plist": "ShopUI.plist"
                },
                "NodeDisableFileData": {
                  "Type": "Normal",
                  "Path": "mainUI/empty.png",
                  "Plist": ""
                },
                "TouchEnable": true,
                "AnchorPoint": {},
                "Position": {
                  "X": 0.0,
                  "Y": 0.0
                },
                "Scale": {
                  "ScaleX": 1.0,
                  "ScaleY": 1.0
                },
                "CColor": {},
                "IconVisible": false,
                "PrePosition": {
                  "X": 0.0,
                  "Y": 0.0
                },
                "PreSize": {
                  "X": 0.5,
                  "Y": 1.0
                },
                "RightMargin": 160.0,
                "Tag": 163,
                "ActionTag": 228359029,
                "Size": {
                  "X": 160.0,
                  "Y": 55.0
                },
                "Name": "shop_tab",
                "ctype": "CheckBoxObjectData"
              },
              {
                "NormalBackFileData": {
                  "Type": "MarkedSubImage",
                  "Path": "shopUI/moneyTreeTab_1.png",
                  "Plist": "ShopUI.plist"
                },
                "PressedBackFileData": {
                  "Type": "MarkedSubImage",
                  "Path": "shopUI/moneyTreeTab_2.png",
                  "Plist": "ShopUI.plist"
                },
                "DisableBackFileData": {
                  "Type": "MarkedSubImage",
                  "Path": "shopUI/moneyTreeTab_1.png",
                  "Plist": "ShopUI.plist"
                },
                "NodeNormalFileData": {
                  "Type": "MarkedSubImage",
                  "Path": "shopUI/moneyTreeTab_2.png",
                  "Plist": "ShopUI.plist"
                },
                "NodeDisableFileData": {
                  "Type": "Normal",
                  "Path": "mainUI/empty.png",
                  "Plist": ""
                },
                "TouchEnable": true,
                "AnchorPoint": {},
                "Position": {
                  "X": 160.0,
                  "Y": 0.0
                },
                "Scale": {
                  "ScaleX": 1.0,
                  "ScaleY": 1.0
                },
                "CColor": {},
                "IconVisible": false,
                "PrePosition": {
                  "X": 0.5,
                  "Y": 0.0
                },
                "PreSize": {
                  "X": 0.5,
                  "Y": 1.0
                },
                "LeftMargin": 160.0,
                "Tag": 162,
                "ActionTag": -1080933438,
                "Size": {
                  "X": 160.0,
                  "Y": 55.0
                },
                "Name": "moneyTree_tab",
                "ctype": "CheckBoxObjectData"
              }
            ],
            "ActionTag": -1195583241,
            "Size": {
              "X": 320.0,
              "Y": 55.0
            },
            "Name": "root",
            "ctype": "PanelObjectData"
          }
        ],
        "Size": {
          "X": 320.0,
          "Y": 55.0
        },
        "Name": "Layer",
        "ctype": "LayerObjectData"
      },
      "UsedResources": [
        "mainUI/empty.png",
        "ShopUI.plist",
        "ShopUI.png"
      ],
      "ctype": "GameFileData"
    }
  },
  "Type": "Layer"
}