{
  "ID": "6c256dff-8be2-4b73-b8ce-2846997c213d",
  "Version": "2.3.3.0",
  "Name": "ShopIconLayer",
  "Content": {
    "Content": {
      "Animation": {
        "Duration": 0,
        "Speed": 1.0,
        "Timelines": [],
        "ctype": "TimelineActionData"
      },
      "AnimationList": [],
      "ObjectData": {
        "Tag": 112,
        "Children": [
          {
            "BackColorAlpha": 102,
            "SingleColor": {
              "R": 150,
              "G": 200
            },
            "FirstColor": {
              "R": 150,
              "G": 200
            },
            "EndColor": {},
            "ColorVector": {
              "ScaleY": 1.0
            },
            "Scale9Width": 1,
            "Scale9Height": 1,
            "TouchEnable": true,
            "AnchorPoint": {},
            "Position": {
              "X": 0.0,
              "Y": 0.0
            },
            "Scale": {
              "ScaleX": 1.0,
              "ScaleY": 1.0
            },
            "CColor": {},
            "IconVisible": false,
            "PrePosition": {
              "X": 0.0,
              "Y": 0.0
            },
            "PreSize": {
              "X": 1.0,
              "Y": 1.0
            },
            "CallBackType": "Touch",
            "Tag": 381,
            "Children": [
              {
                "FileData": {
                  "Type": "Normal",
                  "Path": "mainUI/bg_01.png",
                  "Plist": ""
                },
                "Scale9Enable": true,
                "Scale9OriginX": 25,
                "Scale9OriginY": 25,
                "Scale9Width": 28,
                "Scale9Height": 28,
                "AnchorPoint": {},
                "Position": {
                  "X": 0.0,
                  "Y": 0.0
                },
                "Scale": {
                  "ScaleX": 1.0,
                  "ScaleY": 1.0
                },
                "CColor": {},
                "IconVisible": false,
                "PrePosition": {
                  "X": 0.0,
                  "Y": 0.0
                },
                "PreSize": {
                  "X": 1.0,
                  "Y": 1.0
                },
                "Tag": 382,
                "ActionTag": -1845410923,
                "Size": {
                  "X": 180.0,
                  "Y": 280.0
                },
                "Name": "item_bg",
                "ctype": "ImageViewObjectData"
              },
              {
                "FontSize": 20,
                "LabelText": "道具名称六字",
                "HorizontalAlignmentType": "HT_Center",
                "VerticalAlignmentType": "VT_Center",
                "OutlineColor": {
                  "G": 0,
                  "B": 0
                },
                "ShadowColor": {
                  "R": 110,
                  "G": 110,
                  "B": 110
                },
                "ShadowOffsetX": 2.0,
                "ShadowOffsetY": -2.0,
                "AnchorPoint": {
                  "ScaleX": 0.5,
                  "ScaleY": 0.5
                },
                "Position": {
                  "X": 89.9999,
                  "Y": 246.0086
                },
                "Scale": {
                  "ScaleX": 1.0,
                  "ScaleY": 1.0
                },
                "CColor": {},
                "IconVisible": false,
                "PrePosition": {
                  "X": 0.5,
                  "Y": 0.8786
                },
                "PreSize": {
                  "X": 0.6667,
                  "Y": 0.0714
                },
                "LeftMargin": 29.9999,
                "RightMargin": 30.0001,
                "TopMargin": 23.9914,
                "BottomMargin": 236.0086,
                "Tag": 383,
                "ActionTag": 1668559718,
                "Size": {
                  "X": 120.0,
                  "Y": 20.0
                },
                "Name": "item_name",
                "ctype": "TextObjectData"
              },
              {
                "FileData": {
                  "Type": "Normal",
                  "Path": "ItemLayer.json",
                  "Plist": ""
                },
                "StretchWidthEnable": false,
                "StretchHeightEnable": false,
                "InnerActionSpeed": 1.0,
                "AnchorPoint": {},
                "Position": {
                  "X": 40.0001,
                  "Y": 120.7539
                },
                "Scale": {
                  "ScaleX": 1.0,
                  "ScaleY": 1.0
                },
                "CColor": {},
                "IconVisible": true,
                "PrePosition": {
                  "X": 0.2222,
                  "Y": 0.4313
                },
                "PreSize": {
                  "X": 0.5556,
                  "Y": 0.3571
                },
                "LeftMargin": 40.0001,
                "RightMargin": 39.9999,
                "TopMargin": 59.2461,
                "BottomMargin": 120.7539,
                "Tag": 384,
                "ActionTag": 542124892,
                "Size": {
                  "X": 100.0,
                  "Y": 100.0
                },
                "Name": "itemLayer",
                "ctype": "ProjectNodeObjectData"
              },
              {
                "BackColorAlpha": 102,
                "SingleColor": {
                  "R": 150,
                  "G": 200
                },
                "FirstColor": {
                  "R": 150,
                  "G": 200
                },
                "EndColor": {},
                "ColorVector": {
                  "ScaleY": 1.0
                },
                "Scale9Width": 1,
                "Scale9Height": 1,
                "TouchEnable": true,
                "AnchorPoint": {},
                "Position": {
                  "X": 45.4916,
                  "Y": 20.6701
                },
                "Scale": {
                  "ScaleX": 1.0,
                  "ScaleY": 1.0
                },
                "CColor": {},
                "IconVisible": false,
                "PrePosition": {
                  "X": 0.2527,
                  "Y": 0.0738
                },
                "PreSize": {
                  "X": 0.5,
                  "Y": 0.1429
                },
                "LeftMargin": 45.4916,
                "RightMargin": 44.5084,
                "TopMargin": 219.3299,
                "BottomMargin": 20.6701,
                "Tag": 390,
                "Children": [
                  {
                    "FontSize": 14,
                    "ButtonText": "",
                    "TextColor": {
                      "R": 65,
                      "G": 65,
                      "B": 70
                    },
                    "DisabledFileData": {
                      "Type": "Normal",
                      "Path": "mainUI/bg_14.png",
                      "Plist": ""
                    },
                    "PressedFileData": {
                      "Type": "Normal",
                      "Path": "mainUI/bg_14.png",
                      "Plist": ""
                    },
                    "NormalFileData": {
                      "Type": "Normal",
                      "Path": "mainUI/bg_14.png",
                      "Plist": ""
                    },
                    "Scale9Enable": true,
                    "Scale9OriginX": 13,
                    "Scale9OriginY": 13,
                    "Scale9Width": 6,
                    "Scale9Height": 21,
                    "OutlineColor": {
                      "G": 0,
                      "B": 0
                    },
                    "ShadowColor": {
                      "R": 110,
                      "G": 110,
                      "B": 110
                    },
                    "ShadowOffsetX": 2.0,
                    "ShadowOffsetY": -2.0,
                    "TouchEnable": true,
                    "AnchorPoint": {},
                    "Position": {
                      "X": 0.0,
                      "Y": 0.0
                    },
                    "Scale": {
                      "ScaleX": 1.0,
                      "ScaleY": 1.0
                    },
                    "CColor": {},
                    "IconVisible": false,
                    "PrePosition": {
                      "X": 0.0,
                      "Y": 0.0
                    },
                    "PreSize": {
                      "X": 1.0,
                      "Y": 1.0
                    },
                    "Tag": 391,
                    "ActionTag": 1413242335,
                    "Size": {
                      "X": 90.0,
                      "Y": 40.0
                    },
                    "Name": "buy_btn",
                    "ctype": "ButtonObjectData"
                  },
                  {
                    "FileData": {
                      "Type": "MarkedSubImage",
                      "Path": "buttonUI/buy2.png",
                      "Plist": "ButtonUI.plist"
                    },
                    "Scale9Width": 45,
                    "Scale9Height": 21,
                    "AnchorPoint": {
                      "ScaleX": 0.5,
                      "ScaleY": 0.5
                    },
                    "Position": {
                      "X": 45.0,
                      "Y": 20.0
                    },
                    "Scale": {
                      "ScaleX": 1.0,
                      "ScaleY": 1.0
                    },
                    "CColor": {},
                    "IconVisible": false,
                    "PrePosition": {
                      "X": 0.5,
                      "Y": 0.5
                    },
                    "PreSize": {
                      "X": 0.5,
                      "Y": 0.525
                    },
                    "LeftMargin": 22.5,
                    "RightMargin": 22.5,
                    "TopMargin": 9.5,
                    "BottomMargin": 9.5,
                    "CallBackType": "Click",
                    "Tag": 392,
                    "ActionTag": -1993534234,
                    "Size": {
                      "X": 45.0,
                      "Y": 21.0
                    },
                    "Name": "buy_text",
                    "ctype": "ImageViewObjectData"
                  }
                ],
                "ActionTag": -440389074,
                "Size": {
                  "X": 90.0,
                  "Y": 40.0
                },
                "Name": "btn",
                "ctype": "PanelObjectData"
              },
              {
                "BackColorAlpha": 102,
                "SingleColor": {
                  "R": 150,
                  "G": 200
                },
                "FirstColor": {
                  "R": 150,
                  "G": 200
                },
                "EndColor": {},
                "ColorVector": {
                  "ScaleY": 1.0
                },
                "Scale9Width": 1,
                "Scale9Height": 1,
                "TouchEnable": true,
                "AnchorPoint": {},
                "Position": {
                  "X": 35.0717,
                  "Y": 81.5923
                },
                "Scale": {
                  "ScaleX": 1.0,
                  "ScaleY": 1.0
                },
                "CColor": {},
                "IconVisible": false,
                "PrePosition": {
                  "X": 0.1948,
                  "Y": 0.2914
                },
                "PreSize": {
                  "X": 0.7778,
                  "Y": 0.0893
                },
                "LeftMargin": 35.0717,
                "RightMargin": 4.9283,
                "TopMargin": 173.4077,
                "BottomMargin": 81.5923,
                "Tag": 393,
                "Children": [
                  {
                    "FileData": {
                      "Type": "Normal",
                      "Path": "mainUI/key.png",
                      "Plist": ""
                    },
                    "Scale9Width": 45,
                    "Scale9Height": 45,
                    "AnchorPoint": {},
                    "Position": {
                      "X": 9.0001,
                      "Y": 0.0002
                    },
                    "Scale": {
                      "ScaleX": 1.0,
                      "ScaleY": 1.0
                    },
                    "CColor": {},
                    "IconVisible": false,
                    "PrePosition": {
                      "X": 0.0643,
                      "Y": 0.0
                    },
                    "PreSize": {
                      "X": 0.1786,
                      "Y": 1.0
                    },
                    "LeftMargin": 9.0001,
                    "RightMargin": 105.9999,
                    "TopMargin": -0.0002,
                    "BottomMargin": 0.0002,
                    "Tag": 394,
                    "ActionTag": 2087965809,
                    "Size": {
                      "X": 25.0,
                      "Y": 25.0
                    },
                    "Name": "icon",
                    "ctype": "ImageViewObjectData"
                  },
                  {
                    "LabelText": "999",
                    "LabelBMFontFile_CNB": {
                      "Type": "Normal",
                      "Path": "font/white16-export.fnt",
                      "Plist": ""
                    },
                    "AnchorPoint": {
                      "ScaleY": 0.5
                    },
                    "Position": {
                      "X": 41.9075,
                      "Y": 13.1039
                    },
                    "Scale": {
                      "ScaleX": 1.0,
                      "ScaleY": 1.0
                    },
                    "CColor": {
                      "B": 0
                    },
                    "IconVisible": false,
                    "PrePosition": {
                      "X": 0.2993,
                      "Y": 0.5242
                    },
                    "PreSize": {
                      "X": 0.3929,
                      "Y": 0.8
                    },
                    "LeftMargin": 41.9075,
                    "RightMargin": 43.0925,
                    "TopMargin": 1.8961,
                    "BottomMargin": 3.1039,
                    "Tag": 627,
                    "ActionTag": 420840328,
                    "Size": {
                      "X": 55.0,
                      "Y": 20.0
                    },
                    "Name": "sale_text",
                    "ctype": "TextBMFontObjectData"
                  }
                ],
                "ActionTag": 1098940521,
                "Size": {
                  "X": 140.0,
                  "Y": 25.0
                },
                "Name": "res",
                "ctype": "PanelObjectData"
              }
            ],
            "ActionTag": 194896547,
            "Size": {
              "X": 180.0,
              "Y": 280.0
            },
            "Name": "root",
            "ctype": "PanelObjectData"
          }
        ],
        "Size": {
          "X": 180.0,
          "Y": 280.0
        },
        "Name": "Layer",
        "ctype": "LayerObjectData"
      },
      "UsedResources": [
        "ButtonUI.plist",
        "ButtonUI.png",
        "font/white16-export.fnt",
        "font/white16-export.png",
        "ItemLayer.json",
        "mainUI/bg_01.png",
        "mainUI/bg_14.png",
        "mainUI/key.png"
      ],
      "ctype": "GameFileData"
    }
  },
  "Type": "Layer"
}