{
  "ID": "9be7fa2b-ed63-43c9-8ec6-f64d11d8b8ac",
  "Version": "2.3.3.0",
  "Name": "SignView",
  "Content": {
    "Content": {
      "Animation": {
        "Duration": 0,
        "Speed": 1.0,
        "Timelines": [],
        "ctype": "TimelineActionData"
      },
      "AnimationList": [],
      "ObjectData": {
        "Tag": 84,
        "Children": [
          {
            "BackColorAlpha": 102,
            "SingleColor": {
              "R": 150,
              "G": 200
            },
            "FirstColor": {
              "R": 150,
              "G": 200
            },
            "EndColor": {},
            "ColorVector": {
              "ScaleY": 1.0
            },
            "TouchEnable": true,
            "AnchorPoint": {},
            "Position": {
              "X": 0.0,
              "Y": 0.0
            },
            "Scale": {
              "ScaleX": 1.0,
              "ScaleY": 1.0
            },
            "CColor": {},
            "IconVisible": false,
            "PrePosition": {
              "X": 0.0,
              "Y": 0.0
            },
            "PreSize": {
              "X": 1.0,
              "Y": 1.0
            },
            "Tag": 93,
            "Children": [
              {
                "FileData": {
                  "Type": "Normal",
                  "Path": "SignIcon.json",
                  "Plist": ""
                },
                "StretchWidthEnable": false,
                "StretchHeightEnable": false,
                "InnerActionSpeed": 1.0,
                "AnchorPoint": {},
                "Position": {
                  "X": 15.0001,
                  "Y": 0.0
                },
                "Scale": {
                  "ScaleX": 1.0,
                  "ScaleY": 1.0
                },
                "CColor": {},
                "IconVisible": true,
                "PrePosition": {
                  "X": 0.0259,
                  "Y": 0.0
                },
                "PreSize": {
                  "X": 0.1655,
                  "Y": 1.0
                },
                "LeftMargin": 15.0001,
                "RightMargin": 468.9999,
                "Tag": 94,
                "ActionTag": -979147709,
                "Size": {
                  "X": 96.0,
                  "Y": 96.0
                },
                "Name": "icon0",
                "ctype": "ProjectNodeObjectData"
              },
              {
                "FileData": {
                  "Type": "Normal",
                  "Path": "SignIcon.json",
                  "Plist": ""
                },
                "StretchWidthEnable": false,
                "StretchHeightEnable": false,
                "InnerActionSpeed": 1.0,
                "AnchorPoint": {},
                "Position": {
                  "X": 128.0001,
                  "Y": 0.0
                },
                "Scale": {
                  "ScaleX": 1.0,
                  "ScaleY": 1.0
                },
                "CColor": {},
                "IconVisible": true,
                "PrePosition": {
                  "X": 0.2207,
                  "Y": 0.0
                },
                "PreSize": {
                  "X": 0.1655,
                  "Y": 1.0
                },
                "LeftMargin": 128.0001,
                "RightMargin": 355.9999,
                "Tag": 101,
                "ActionTag": 1225027374,
                "Size": {
                  "X": 96.0,
                  "Y": 96.0
                },
                "Name": "icon1",
                "ctype": "ProjectNodeObjectData"
              },
              {
                "FileData": {
                  "Type": "Normal",
                  "Path": "SignIcon.json",
                  "Plist": ""
                },
                "StretchWidthEnable": false,
                "StretchHeightEnable": false,
                "InnerActionSpeed": 1.0,
                "AnchorPoint": {},
                "Position": {
                  "X": 241.0001,
                  "Y": 0.0
                },
                "Scale": {
                  "ScaleX": 1.0,
                  "ScaleY": 1.0
                },
                "CColor": {},
                "IconVisible": true,
                "PrePosition": {
                  "X": 0.4155,
                  "Y": 0.0
                },
                "PreSize": {
                  "X": 0.1655,
                  "Y": 1.0
                },
                "LeftMargin": 241.0001,
                "RightMargin": 242.9999,
                "Tag": 108,
                "ActionTag": -107533313,
                "Size": {
                  "X": 96.0,
                  "Y": 96.0
                },
                "Name": "icon2",
                "ctype": "ProjectNodeObjectData"
              },
              {
                "FileData": {
                  "Type": "Normal",
                  "Path": "SignIcon.json",
                  "Plist": ""
                },
                "StretchWidthEnable": false,
                "StretchHeightEnable": false,
                "InnerActionSpeed": 1.0,
                "AnchorPoint": {},
                "Position": {
                  "X": 354.0,
                  "Y": 0.0
                },
                "Scale": {
                  "ScaleX": 1.0,
                  "ScaleY": 1.0
                },
                "CColor": {},
                "IconVisible": true,
                "PrePosition": {
                  "X": 0.6103,
                  "Y": 0.0
                },
                "PreSize": {
                  "X": 0.1655,
                  "Y": 1.0
                },
                "LeftMargin": 354.0,
                "RightMargin": 130.0,
                "Tag": 115,
                "ActionTag": 744898793,
                "Size": {
                  "X": 96.0,
                  "Y": 96.0
                },
                "Name": "icon3",
                "ctype": "ProjectNodeObjectData"
              },
              {
                "FileData": {
                  "Type": "Normal",
                  "Path": "SignIcon.json",
                  "Plist": ""
                },
                "StretchWidthEnable": false,
                "StretchHeightEnable": false,
                "InnerActionSpeed": 1.0,
                "AnchorPoint": {},
                "Position": {
                  "X": 467.0,
                  "Y": 0.0
                },
                "Scale": {
                  "ScaleX": 1.0,
                  "ScaleY": 1.0
                },
                "CColor": {},
                "IconVisible": true,
                "PrePosition": {
                  "X": 0.8052,
                  "Y": 0.0
                },
                "PreSize": {
                  "X": 0.1655,
                  "Y": 1.0
                },
                "LeftMargin": 467.0,
                "RightMargin": 17.0,
                "Tag": 122,
                "ActionTag": 1447590369,
                "Size": {
                  "X": 96.0,
                  "Y": 96.0
                },
                "Name": "icon4",
                "ctype": "ProjectNodeObjectData"
              }
            ],
            "ActionTag": 2052854176,
            "Size": {
              "X": 580.0,
              "Y": 96.0
            },
            "Name": "root",
            "ctype": "PanelObjectData"
          }
        ],
        "Size": {
          "X": 580.0,
          "Y": 96.0
        },
        "Name": "Layer",
        "ctype": "LayerObjectData"
      },
      "UsedResources": [
        "SignIcon.json"
      ],
      "ctype": "GameFileData"
    }
  },
  "Type": "Layer"
}