{
  "ID": "2fe47606-e5aa-4f95-834a-1f6490da1a00",
  "Version": "2.3.3.0",
  "Name": "SignLayer",
  "Content": {
    "Content": {
      "Animation": {
        "Duration": 0,
        "Speed": 1.0,
        "Timelines": [],
        "ctype": "TimelineActionData"
      },
      "AnimationList": [],
      "ObjectData": {
        "Tag": 82,
        "Children": [
          {
            "BackColorAlpha": 102,
            "SingleColor": {
              "R": 150,
              "G": 200
            },
            "FirstColor": {
              "R": 150,
              "G": 200
            },
            "EndColor": {},
            "ColorVector": {
              "ScaleY": 1.0
            },
            "Scale9Width": 1,
            "Scale9Height": 1,
            "TouchEnable": true,
            "AnchorPoint": {},
            "Position": {
              "X": 0.0,
              "Y": 0.0
            },
            "Scale": {
              "ScaleX": 1.0,
              "ScaleY": 1.0
            },
            "CColor": {},
            "IconVisible": false,
            "PrePosition": {
              "X": 0.0,
              "Y": 0.0
            },
            "PreSize": {
              "X": 1.0,
              "Y": 1.0
            },
            "Tag": 215,
            "Children": [
              {
                "FileData": {
                  "Type": "Normal",
                  "Path": "mainUI/bg_01.png",
                  "Plist": ""
                },
                "Scale9Enable": true,
                "Scale9OriginX": 25,
                "Scale9OriginY": 25,
                "Scale9Width": 28,
                "Scale9Height": 28,
                "AnchorPoint": {},
                "Position": {
                  "X": 0.0,
                  "Y": 0.0
                },
                "Scale": {
                  "ScaleX": 1.0,
                  "ScaleY": 1.0
                },
                "CColor": {},
                "IconVisible": false,
                "PrePosition": {
                  "X": 0.0,
                  "Y": 0.0
                },
                "PreSize": {
                  "X": 1.0,
                  "Y": 0.9375
                },
                "TopMargin": 30.0,
                "Tag": 216,
                "ActionTag": 716561836,
                "Size": {
                  "X": 600.0,
                  "Y": 450.0
                },
                "Name": "bg",
                "ctype": "ImageViewObjectData"
              },
              {
                "DirectionType": "Vertical",
                "HorizontalType": "Align_HorizontalCenter",
                "IsBounceEnabled": true,
                "ScrollDirectionType": 0,
                "ClipAble": true,
                "BackColorAlpha": 102,
                "SingleColor": {
                  "R": 150,
                  "G": 150
                },
                "FirstColor": {
                  "R": 150,
                  "G": 150
                },
                "EndColor": {},
                "ColorVector": {
                  "ScaleY": 1.0
                },
                "Scale9Width": 1,
                "Scale9Height": 1,
                "TouchEnable": true,
                "AnchorPoint": {},
                "Position": {
                  "X": 10.0,
                  "Y": 10.0
                },
                "Scale": {
                  "ScaleX": 1.0,
                  "ScaleY": 1.0
                },
                "CColor": {},
                "IconVisible": false,
                "PrePosition": {
                  "X": 0.0167,
                  "Y": 0.0208
                },
                "PreSize": {
                  "X": 0.9667,
                  "Y": 0.8333
                },
                "LeftMargin": 10.0,
                "RightMargin": 10.0,
                "TopMargin": 70.0,
                "BottomMargin": 10.0,
                "Tag": 217,
                "ActionTag": 1967656574,
                "Size": {
                  "X": 580.0,
                  "Y": 400.0
                },
                "Name": "list",
                "ctype": "ListViewObjectData"
              },
              {
                "FileData": {
                  "Type": "Normal",
                  "Path": "mainUI/sign.png",
                  "Plist": ""
                },
                "Scale9Width": 275,
                "Scale9Height": 59,
                "AnchorPoint": {
                  "ScaleX": 0.5,
                  "ScaleY": 0.5
                },
                "Position": {
                  "X": 300.5407,
                  "Y": 446.7715
                },
                "Scale": {
                  "ScaleX": 1.0,
                  "ScaleY": 1.0
                },
                "CColor": {},
                "IconVisible": false,
                "PrePosition": {
                  "X": 0.5009,
                  "Y": 0.9308
                },
                "PreSize": {
                  "X": 0.4583,
                  "Y": 0.1229
                },
                "LeftMargin": 163.0407,
                "RightMargin": 161.9593,
                "TopMargin": 3.7285,
                "BottomMargin": 417.2715,
                "Tag": 218,
                "ActionTag": 720927826,
                "Size": {
                  "X": 275.0,
                  "Y": 59.0
                },
                "Name": "title",
                "ctype": "ImageViewObjectData"
              }
            ],
            "ActionTag": -2027105698,
            "Size": {
              "X": 600.0,
              "Y": 480.0
            },
            "Name": "root",
            "ctype": "PanelObjectData"
          }
        ],
        "Size": {
          "X": 600.0,
          "Y": 480.0
        },
        "Name": "Layer",
        "ctype": "LayerObjectData"
      },
      "UsedResources": [
        "mainUI/bg_01.png",
        "mainUI/sign.png"
      ],
      "ctype": "GameFileData"
    }
  },
  "Type": "Layer"
}