{
  "ID": "7ac91f9e-f23f-4900-bce1-2623f6bb3e0f",
  "Version": "2.3.3.0",
  "Name": "Skillicon",
  "Content": {
    "Content": {
      "Animation": {
        "Duration": 0,
        "Speed": 1.0,
        "Timelines": [],
        "ctype": "TimelineActionData"
      },
      "AnimationList": [],
      "ObjectData": {
        "Tag": 114,
        "Children": [
          {
            "BackColorAlpha": 102,
            "SingleColor": {
              "R": 150,
              "G": 200
            },
            "FirstColor": {
              "R": 150,
              "G": 200
            },
            "EndColor": {},
            "ColorVector": {
              "ScaleY": 1.0
            },
            "Scale9Width": 1,
            "Scale9Height": 1,
            "TouchEnable": true,
            "AnchorPoint": {},
            "Position": {
              "X": 0.0,
              "Y": 0.0
            },
            "Scale": {
              "ScaleX": 1.0,
              "ScaleY": 1.0
            },
            "CColor": {},
            "IconVisible": false,
            "PrePosition": {
              "X": 0.0,
              "Y": 0.0
            },
            "PreSize": {
              "X": 1.0,
              "Y": 1.0
            },
            "Tag": 457,
            "Children": [
              {
                "FileData": {
                  "Type": "Normal",
                  "Path": "mainUI/skill_icon.png",
                  "Plist": ""
                },
                "Scale9Width": 90,
                "Scale9Height": 90,
                "AnchorPoint": {},
                "Position": {
                  "X": 0.0,
                  "Y": 0.0
                },
                "Scale": {
                  "ScaleX": 0.8,
                  "ScaleY": 0.8
                },
                "CColor": {},
                "IconVisible": false,
                "PrePosition": {
                  "X": 0.0,
                  "Y": 0.0
                },
                "PreSize": {
                  "X": 1.25,
                  "Y": 1.25
                },
                "RightMargin": -18.0,
                "TopMargin": -18.0,
                "Tag": 397,
                "ActionTag": 1471502121,
                "Size": {
                  "X": 90.0,
                  "Y": 90.0
                },
                "Name": "skill_icon",
                "ctype": "ImageViewObjectData"
              },
              {
                "LabelText": "99:99",
                "LabelBMFontFile_CNB": {
                  "Type": "Normal",
                  "Path": "font/white14-export.fnt",
                  "Plist": ""
                },
                "AnchorPoint": {
                  "ScaleX": 0.5,
                  "ScaleY": 0.5
                },
                "Position": {
                  "X": 36.2397,
                  "Y": 24.9808
                },
                "Scale": {
                  "ScaleX": 0.8,
                  "ScaleY": 0.8
                },
                "CColor": {
                  "R": 24,
                  "G": 244,
                  "B": 239
                },
                "IconVisible": false,
                "PrePosition": {
                  "X": 0.5033,
                  "Y": 0.347
                },
                "PreSize": {
                  "X": 0.9583,
                  "Y": 0.25
                },
                "LeftMargin": 1.7397,
                "RightMargin": 1.2603,
                "TopMargin": 38.0192,
                "BottomMargin": 15.9808,
                "Tag": 107,
                "ActionTag": -1698262075,
                "Size": {
                  "X": 69.0,
                  "Y": 18.0
                },
                "Name": "time",
                "ctype": "TextBMFontObjectData"
              },
              {
                "FileData": {
                  "Type": "MarkedSubImage",
                  "Path": "skillUI/reviveTime.png",
                  "Plist": "SkillUI.plist"
                },
                "Scale9Width": 78,
                "Scale9Height": 31,
                "AnchorPoint": {
                  "ScaleX": 0.5,
                  "ScaleY": 0.5
                },
                "Position": {
                  "X": 36.1701,
                  "Y": 44.91
                },
                "Scale": {
                  "ScaleX": 0.8,
                  "ScaleY": 0.8
                },
                "CColor": {},
                "IconVisible": false,
                "PrePosition": {
                  "X": 0.5024,
                  "Y": 0.6238
                },
                "PreSize": {
                  "X": 1.0833,
                  "Y": 0.4306
                },
                "LeftMargin": -2.8299,
                "RightMargin": -3.1701,
                "TopMargin": 11.59,
                "BottomMargin": 29.41,
                "Tag": 955,
                "ActionTag": 513272033,
                "Size": {
                  "X": 78.0,
                  "Y": 31.0
                },
                "Name": "reviveTime_text",
                "ctype": "ImageViewObjectData"
              },
              {
                "FileData": {
                  "Type": "MarkedSubImage",
                  "Path": "skillUI/cooldown.png",
                  "Plist": "SkillUI.plist"
                },
                "Scale9Width": 78,
                "Scale9Height": 31,
                "AnchorPoint": {
                  "ScaleX": 0.5,
                  "ScaleY": 0.5
                },
                "Position": {
                  "X": 36.1701,
                  "Y": 44.91
                },
                "Scale": {
                  "ScaleX": 0.8,
                  "ScaleY": 0.8
                },
                "CColor": {},
                "IconVisible": false,
                "PrePosition": {
                  "X": 0.5024,
                  "Y": 0.6238
                },
                "PreSize": {
                  "X": 1.0833,
                  "Y": 0.4306
                },
                "LeftMargin": -2.8299,
                "RightMargin": -3.1701,
                "TopMargin": 11.59,
                "BottomMargin": 29.41,
                "Tag": 398,
                "ActionTag": -187995137,
                "Size": {
                  "X": 78.0,
                  "Y": 31.0
                },
                "Name": "cooldown_text",
                "ctype": "ImageViewObjectData"
              },
              {
                "FileData": {
                  "Type": "MarkedSubImage",
                  "Path": "skillUI/duration.png",
                  "Plist": "SkillUI.plist"
                },
                "Scale9Width": 78,
                "Scale9Height": 31,
                "AnchorPoint": {
                  "ScaleX": 0.5,
                  "ScaleY": 0.5
                },
                "Position": {
                  "X": 36.1701,
                  "Y": 44.91
                },
                "Scale": {
                  "ScaleX": 0.8,
                  "ScaleY": 0.8
                },
                "CColor": {},
                "IconVisible": false,
                "PrePosition": {
                  "X": 0.5024,
                  "Y": 0.6238
                },
                "PreSize": {
                  "X": 1.0833,
                  "Y": 0.4306
                },
                "LeftMargin": -2.8299,
                "RightMargin": -3.1701,
                "TopMargin": 11.59,
                "BottomMargin": 29.41,
                "Tag": 399,
                "ActionTag": -1473897718,
                "Size": {
                  "X": 78.0,
                  "Y": 31.0
                },
                "Name": "duration_text",
                "ctype": "ImageViewObjectData"
              }
            ],
            "ActionTag": -540174355,
            "Size": {
              "X": 72.0,
              "Y": 72.0
            },
            "Name": "root",
            "ctype": "PanelObjectData"
          }
        ],
        "Size": {
          "X": 72.0,
          "Y": 72.0
        },
        "Name": "Layer",
        "ctype": "LayerObjectData"
      },
      "UsedResources": [
        "font/white14-export.fnt",
        "font/white14-export.png",
        "mainUI/skill_icon.png",
        "SkillUI.plist",
        "SkillUI.png"
      ],
      "ctype": "GameFileData"
    }
  },
  "Type": "Layer"
}