{
  "ID": "9053fd25-36c4-47db-a2f5-865d598d8b07",
  "Version": "2.3.3.0",
  "Name": "SkillView",
  "Content": {
    "Content": {
      "Animation": {
        "Duration": 0,
        "Speed": 1.0,
        "Timelines": [],
        "ctype": "TimelineActionData"
      },
      "AnimationList": [],
      "ObjectData": {
        "Tag": 303,
        "Children": [
          {
            "BackColorAlpha": 102,
            "SingleColor": {
              "R": 150,
              "G": 200
            },
            "FirstColor": {
              "R": 150,
              "G": 200
            },
            "EndColor": {},
            "ColorVector": {
              "ScaleY": 1.0
            },
            "Scale9Width": 1,
            "Scale9Height": 1,
            "TouchEnable": true,
            "AnchorPoint": {},
            "Position": {
              "X": 0.0,
              "Y": 0.0
            },
            "Scale": {
              "ScaleX": 1.0,
              "ScaleY": 1.0
            },
            "CColor": {},
            "IconVisible": false,
            "PrePosition": {
              "X": 0.0,
              "Y": 0.0
            },
            "PreSize": {
              "X": 1.0,
              "Y": 1.0
            },
            "Tag": 524,
            "Children": [
              {
                "FileData": {
                  "Type": "MarkedSubImage",
                  "Path": "heroUI/skill_bg.png",
                  "Plist": "HeroUI.plist"
                },
                "Scale9Enable": true,
                "Scale9OriginX": 12,
                "Scale9OriginY": 12,
                "Scale9Width": 7,
                "Scale9Height": 8,
                "AnchorPoint": {},
                "Position": {
                  "X": 0.0,
                  "Y": 0.0
                },
                "Scale": {
                  "ScaleX": 1.0,
                  "ScaleY": 1.0
                },
                "CColor": {},
                "IconVisible": false,
                "PrePosition": {
                  "X": 0.0,
                  "Y": 0.0
                },
                "PreSize": {
                  "X": 1.0,
                  "Y": 1.0
                },
                "Tag": 304,
                "ActionTag": 1321404762,
                "Size": {
                  "X": 600.0,
                  "Y": 110.0
                },
                "Name": "skillView_bg",
                "ctype": "ImageViewObjectData"
              },
              {
                "FileData": {
                  "Type": "MarkedSubImage",
                  "Path": "heroUI/skill_icon.png",
                  "Plist": "HeroUI.plist"
                },
                "Scale9Width": 90,
                "Scale9Height": 90,
                "AnchorPoint": {},
                "Position": {
                  "X": 15.0,
                  "Y": 11.0
                },
                "Scale": {
                  "ScaleX": 1.0,
                  "ScaleY": 1.0
                },
                "CColor": {},
                "IconVisible": false,
                "PrePosition": {
                  "X": 0.025,
                  "Y": 0.1
                },
                "PreSize": {
                  "X": 0.15,
                  "Y": 0.8182
                },
                "LeftMargin": 15.0,
                "RightMargin": 495.0,
                "TopMargin": 9.0,
                "BottomMargin": 11.0,
                "Tag": 305,
                "ActionTag": -197903211,
                "Size": {
                  "X": 90.0,
                  "Y": 90.0
                },
                "Name": "skill_icon",
                "ctype": "ImageViewObjectData"
              },
              {
                "IsCustomSize": true,
                "FontSize": 20,
                "LabelText": "技能名称六字",
                "VerticalAlignmentType": "VT_Center",
                "OutlineColor": {
                  "G": 0,
                  "B": 0
                },
                "ShadowColor": {
                  "R": 110,
                  "G": 110,
                  "B": 110
                },
                "ShadowOffsetX": 2.0,
                "ShadowOffsetY": -2.0,
                "AnchorPoint": {},
                "Position": {
                  "X": 118.0,
                  "Y": 79.0
                },
                "Scale": {
                  "ScaleX": 1.0,
                  "ScaleY": 1.0
                },
                "CColor": {
                  "R": 0,
                  "G": 0,
                  "B": 0
                },
                "IconVisible": false,
                "PrePosition": {
                  "X": 0.1967,
                  "Y": 0.7182
                },
                "PreSize": {
                  "X": 0.2333,
                  "Y": 0.1818
                },
                "LeftMargin": 118.0,
                "RightMargin": 342.0,
                "TopMargin": 11.0,
                "BottomMargin": 79.0,
                "Tag": 306,
                "ActionTag": 1868296756,
                "Size": {
                  "X": 140.0,
                  "Y": 20.0
                },
                "Name": "skillName_text",
                "ctype": "TextObjectData"
              },
              {
                "IsCustomSize": true,
                "FontSize": 14,
                "LabelText": "文本描述",
                "OutlineColor": {
                  "G": 0,
                  "B": 0
                },
                "ShadowColor": {
                  "R": 110,
                  "G": 110,
                  "B": 110
                },
                "ShadowOffsetX": 2.0,
                "ShadowOffsetY": -2.0,
                "AnchorPoint": {},
                "Position": {
                  "X": 118.3578,
                  "Y": 14.6948
                },
                "Scale": {
                  "ScaleX": 1.0,
                  "ScaleY": 1.0
                },
                "CColor": {
                  "R": 0,
                  "G": 0,
                  "B": 0
                },
                "IconVisible": false,
                "PrePosition": {
                  "X": 0.1973,
                  "Y": 0.1336
                },
                "PreSize": {
                  "X": 0.5333,
                  "Y": 0.5455
                },
                "LeftMargin": 118.3578,
                "RightMargin": 161.6422,
                "TopMargin": 35.3052,
                "BottomMargin": 14.6948,
                "Tag": 307,
                "ActionTag": 173337070,
                "Size": {
                  "X": 320.0,
                  "Y": 60.0
                },
                "Name": "skill_text",
                "ctype": "TextObjectData"
              },
              {
                "FileData": {
                  "Type": "Normal",
                  "Path": "Btn_Lock.json",
                  "Plist": ""
                },
                "StretchWidthEnable": false,
                "StretchHeightEnable": false,
                "InnerActionSpeed": 1.0,
                "AnchorPoint": {},
                "Position": {
                  "X": 443.8899,
                  "Y": 15.4897
                },
                "Scale": {
                  "ScaleX": 1.0,
                  "ScaleY": 1.0
                },
                "CColor": {},
                "IconVisible": true,
                "PrePosition": {
                  "X": 0.7398,
                  "Y": 0.1408
                },
                "PreSize": {
                  "X": 0.2333,
                  "Y": 0.7273
                },
                "LeftMargin": 443.8899,
                "RightMargin": 16.1101,
                "TopMargin": 14.5103,
                "BottomMargin": 15.4897,
                "Tag": 661,
                "ActionTag": 55421075,
                "Size": {
                  "X": 140.0,
                  "Y": 80.0
                },
                "Name": "lock_btn",
                "ctype": "ProjectNodeObjectData"
              },
              {
                "LabelText": "Lv.999/999",
                "LabelBMFontFile_CNB": {
                  "Type": "Normal",
                  "Path": "font/white16-export.fnt",
                  "Plist": ""
                },
                "AnchorPoint": {
                  "ScaleY": 0.5
                },
                "Position": {
                  "X": 259.8713,
                  "Y": 88.8881
                },
                "Scale": {
                  "ScaleX": 1.0,
                  "ScaleY": 1.0
                },
                "CColor": {},
                "IconVisible": false,
                "PrePosition": {
                  "X": 0.4331,
                  "Y": 0.8081
                },
                "PreSize": {
                  "X": 0.2617,
                  "Y": 0.1818
                },
                "LeftMargin": 259.8713,
                "RightMargin": 183.1287,
                "TopMargin": 11.1119,
                "BottomMargin": 78.8881,
                "Tag": 304,
                "ActionTag": -873835688,
                "Size": {
                  "X": 157.0,
                  "Y": 20.0
                },
                "Name": "skillLevel_text",
                "ctype": "TextBMFontObjectData"
              },
              {
                "FileData": {
                  "Type": "Normal",
                  "Path": "Btn_MaxLevel.json",
                  "Plist": ""
                },
                "StretchWidthEnable": false,
                "StretchHeightEnable": false,
                "InnerActionSpeed": 1.0,
                "AnchorPoint": {},
                "Position": {
                  "X": 443.8899,
                  "Y": 15.4897
                },
                "Scale": {
                  "ScaleX": 1.0,
                  "ScaleY": 1.0
                },
                "CColor": {},
                "IconVisible": true,
                "PrePosition": {
                  "X": 0.7398,
                  "Y": 0.1408
                },
                "PreSize": {
                  "X": 0.2333,
                  "Y": 0.7273
                },
                "LeftMargin": 443.8899,
                "RightMargin": 16.1101,
                "TopMargin": 14.5103,
                "BottomMargin": 15.4897,
                "Tag": 667,
                "ActionTag": -917944944,
                "Size": {
                  "X": 140.0,
                  "Y": 80.0
                },
                "Name": "MaxLevel_btn",
                "ctype": "ProjectNodeObjectData"
              },
              {
                "FileData": {
                  "Type": "Normal",
                  "Path": "Btn_Upgrade1.json",
                  "Plist": ""
                },
                "StretchWidthEnable": false,
                "StretchHeightEnable": false,
                "InnerActionSpeed": 1.0,
                "AnchorPoint": {},
                "Position": {
                  "X": 443.8899,
                  "Y": 15.4897
                },
                "Scale": {
                  "ScaleX": 1.0,
                  "ScaleY": 1.0
                },
                "CColor": {},
                "IconVisible": true,
                "PrePosition": {
                  "X": 0.7398,
                  "Y": 0.1408
                },
                "PreSize": {
                  "X": 0.2333,
                  "Y": 0.7273
                },
                "LeftMargin": 443.8899,
                "RightMargin": 16.1101,
                "TopMargin": 14.5103,
                "BottomMargin": 15.4897,
                "Tag": 687,
                "ActionTag": 1170554939,
                "Size": {
                  "X": 140.0,
                  "Y": 80.0
                },
                "Name": "upgrade_btn",
                "ctype": "ProjectNodeObjectData"
              }
            ],
            "ActionTag": 846016647,
            "Size": {
              "X": 600.0,
              "Y": 110.0
            },
            "Name": "root",
            "ctype": "PanelObjectData"
          }
        ],
        "Size": {
          "X": 600.0,
          "Y": 110.0
        },
        "Name": "Layer",
        "ctype": "LayerObjectData"
      },
      "UsedResources": [
        "Btn_Lock.json",
        "Btn_MaxLevel.json",
        "Btn_Upgrade1.json",
        "font/white16-export.fnt",
        "font/white16-export.png",
        "HeroUI.plist",
        "HeroUI.png"
      ],
      "ctype": "GameFileData"
    }
  },
  "Type": "Layer"
}