{
  "ID": "ff440f14-c0c5-488f-a722-cd330b65ba1b",
  "Version": "2.3.3.0",
  "Name": "SmallItemLayer",
  "Content": {
    "Content": {
      "Animation": {
        "Duration": 0,
        "Speed": 1.0,
        "Timelines": [],
        "ctype": "TimelineActionData"
      },
      "AnimationList": [],
      "ObjectData": {
        "Tag": 112,
        "Children": [
          {
            "BackColorAlpha": 102,
            "SingleColor": {
              "R": 150,
              "G": 200
            },
            "FirstColor": {
              "R": 150,
              "G": 200
            },
            "EndColor": {},
            "ColorVector": {
              "ScaleY": 1.0
            },
            "Scale9Width": 1,
            "Scale9Height": 1,
            "TouchEnable": true,
            "AnchorPoint": {},
            "Position": {
              "X": 0.0,
              "Y": 0.0
            },
            "Scale": {
              "ScaleX": 1.0,
              "ScaleY": 1.0
            },
            "CColor": {},
            "IconVisible": false,
            "PrePosition": {
              "X": 0.0,
              "Y": 0.0
            },
            "PreSize": {
              "X": 1.0,
              "Y": 1.0
            },
            "Tag": 118,
            "Children": [
              {
                "FileData": {
                  "Type": "Normal",
                  "Path": "mainUI/equip_icon.png",
                  "Plist": ""
                },
                "Scale9Width": 90,
                "Scale9Height": 90,
                "AnchorPoint": {},
                "Position": {
                  "X": 0.0,
                  "Y": 0.0
                },
                "Scale": {
                  "ScaleX": 1.0,
                  "ScaleY": 1.0
                },
                "CColor": {},
                "IconVisible": false,
                "PrePosition": {
                  "X": 0.0,
                  "Y": 0.0
                },
                "PreSize": {
                  "X": 1.0,
                  "Y": 1.0
                },
                "Tag": 120,
                "ActionTag": 1741387572,
                "Size": {
                  "X": 30.0,
                  "Y": 30.0
                },
                "Name": "item_icon",
                "ctype": "ImageViewObjectData"
              }
            ],
            "ActionTag": 98549903,
            "Size": {
              "X": 30.0,
              "Y": 30.0
            },
            "Name": "root",
            "ctype": "PanelObjectData"
          }
        ],
        "Size": {
          "X": 30.0,
          "Y": 30.0
        },
        "Name": "Layer",
        "ctype": "LayerObjectData"
      },
      "UsedResources": [
        "mainUI/equip_icon.png"
      ],
      "ctype": "GameFileData"
    }
  },
  "Type": "Layer"
}