{
  "ID": "9053b9de-a1fd-4243-9dc3-da5d9bd20347",
  "Version": "2.3.3.0",
  "Name": "Star",
  "Content": {
    "Content": {
      "Animation": {
        "Duration": 0,
        "Speed": 1.0,
        "Timelines": [],
        "ctype": "TimelineActionData"
      },
      "AnimationList": [],
      "ObjectData": {
        "Tag": 213,
        "Children": [
          {
            "BackColorAlpha": 102,
            "SingleColor": {
              "R": 150,
              "G": 200
            },
            "FirstColor": {
              "R": 150,
              "G": 200
            },
            "EndColor": {},
            "ColorVector": {
              "ScaleY": 1.0
            },
            "Scale9Width": 1,
            "Scale9Height": 1,
            "TouchEnable": true,
            "AnchorPoint": {},
            "Position": {
              "X": 0.0,
              "Y": 0.0
            },
            "Scale": {
              "ScaleX": 1.0,
              "ScaleY": 1.0
            },
            "CColor": {},
            "IconVisible": false,
            "PrePosition": {
              "X": 0.0,
              "Y": 0.0
            },
            "PreSize": {
              "X": 1.0,
              "Y": 1.0
            },
            "Tag": 528,
            "Children": [
              {
                "FileData": {
                  "Type": "MarkedSubImage",
                  "Path": "heroUI/star1.png",
                  "Plist": "HeroUI.plist"
                },
                "Scale9Width": 32,
                "Scale9Height": 30,
                "AnchorPoint": {},
                "Position": {
                  "X": 0.0,
                  "Y": 0.0
                },
                "Scale": {
                  "ScaleX": 1.0,
                  "ScaleY": 1.0
                },
                "CColor": {},
                "IconVisible": false,
                "PrePosition": {
                  "X": 0.0,
                  "Y": 0.0
                },
                "PreSize": {
                  "X": 1.0,
                  "Y": 1.0
                },
                "Tag": 214,
                "ActionTag": 1249863244,
                "Size": {
                  "X": 32.0,
                  "Y": 30.0
                },
                "Name": "star_on",
                "ctype": "ImageViewObjectData"
              },
              {
                "FileData": {
                  "Type": "MarkedSubImage",
                  "Path": "heroUI/star2.png",
                  "Plist": "HeroUI.plist"
                },
                "Scale9Width": 32,
                "Scale9Height": 30,
                "AnchorPoint": {},
                "Position": {
                  "X": 0.0,
                  "Y": 0.0
                },
                "Scale": {
                  "ScaleX": 1.0,
                  "ScaleY": 1.0
                },
                "CColor": {},
                "IconVisible": false,
                "PrePosition": {
                  "X": 0.0,
                  "Y": 0.0
                },
                "PreSize": {
                  "X": 1.0,
                  "Y": 1.0
                },
                "Tag": 215,
                "ActionTag": -1672256221,
                "Size": {
                  "X": 32.0,
                  "Y": 30.0
                },
                "Name": "star_off",
                "ctype": "ImageViewObjectData"
              }
            ],
            "ActionTag": 726392534,
            "Size": {
              "X": 32.0,
              "Y": 30.0
            },
            "Name": "root",
            "ctype": "PanelObjectData"
          }
        ],
        "Size": {
          "X": 32.0,
          "Y": 30.0
        },
        "Name": "Star",
        "ctype": "LayerObjectData"
      },
      "UsedResources": [
        "HeroUI.plist",
        "HeroUI.png"
      ],
      "ctype": "GameFileData"
    }
  },
  "Type": "Layer"
}