{
  "ID": "ec1d6282-bcd9-49a3-bc93-4b4994349726",
  "Version": "2.3.3.0",
  "Name": "StatisticsLayer",
  "Content": {
    "Content": {
      "Animation": {
        "Duration": 0,
        "Speed": 1.0,
        "Timelines": [],
        "ctype": "TimelineActionData"
      },
      "AnimationList": [],
      "ObjectData": {
        "Children": [
          {
            "BackColorAlpha": 102,
            "SingleColor": {
              "R": 150,
              "G": 200
            },
            "FirstColor": {
              "R": 150,
              "G": 200
            },
            "EndColor": {},
            "ColorVector": {
              "ScaleY": 1.0
            },
            "Scale9Width": 1,
            "Scale9Height": 1,
            "TouchEnable": true,
            "AnchorPoint": {},
            "Position": {
              "X": 0.0,
              "Y": 0.6515
            },
            "Scale": {
              "ScaleX": 1.0,
              "ScaleY": 1.0
            },
            "CColor": {},
            "IconVisible": false,
            "PrePosition": {
              "X": 0.0,
              "Y": 0.0009
            },
            "PreSize": {
              "X": 1.0,
              "Y": 1.0
            },
            "TopMargin": -0.6515,
            "BottomMargin": 0.6515,
            "Tag": 4,
            "Children": [
              {
                "FileData": {
                  "Type": "Normal",
                  "Path": "mainUI/bg_01.png",
                  "Plist": ""
                },
                "Scale9Enable": true,
                "Scale9OriginX": 25,
                "Scale9OriginY": 25,
                "Scale9Width": 28,
                "Scale9Height": 28,
                "AnchorPoint": {},
                "Position": {
                  "X": 0.0,
                  "Y": 0.0
                },
                "Scale": {
                  "ScaleX": 1.0,
                  "ScaleY": 1.0
                },
                "CColor": {},
                "IconVisible": false,
                "PrePosition": {
                  "X": 0.0,
                  "Y": 0.0
                },
                "PreSize": {
                  "X": 1.0,
                  "Y": 1.0
                },
                "Tag": 76,
                "ActionTag": -291531053,
                "Size": {
                  "X": 640.0,
                  "Y": 740.0
                },
                "Name": "bg",
                "ctype": "ImageViewObjectData"
              },
              {
                "FileData": {
                  "Type": "Normal",
                  "Path": "mainUI/bg_05.png",
                  "Plist": ""
                },
                "Scale9Enable": true,
                "Scale9OriginX": 13,
                "Scale9OriginY": 13,
                "Scale9Width": 5,
                "Scale9Height": 6,
                "AnchorPoint": {
                  "ScaleX": 0.5,
                  "ScaleY": 0.5
                },
                "Position": {
                  "X": 320.0,
                  "Y": 697.0
                },
                "Scale": {
                  "ScaleX": 1.0,
                  "ScaleY": 1.0
                },
                "CColor": {},
                "IconVisible": false,
                "PrePosition": {
                  "X": 0.5,
                  "Y": 0.9419
                },
                "PreSize": {
                  "X": 0.9531,
                  "Y": 0.0811
                },
                "LeftMargin": 15.0,
                "RightMargin": 15.0,
                "TopMargin": 13.0,
                "BottomMargin": 667.0,
                "Tag": 77,
                "ActionTag": 583651268,
                "Size": {
                  "X": 610.0,
                  "Y": 60.0
                },
                "Name": "title_bg",
                "ctype": "ImageViewObjectData"
              },
              {
                "FileData": {
                  "Type": "MarkedSubImage",
                  "Path": "statisticsUI/title_text.png",
                  "Plist": "StatisticsUI.plist"
                },
                "Scale9Width": 275,
                "Scale9Height": 59,
                "AnchorPoint": {
                  "ScaleX": 0.5,
                  "ScaleY": 0.5
                },
                "Position": {
                  "X": 320.0,
                  "Y": 697.0
                },
                "Scale": {
                  "ScaleX": 1.0,
                  "ScaleY": 1.0
                },
                "CColor": {},
                "IconVisible": false,
                "PrePosition": {
                  "X": 0.5,
                  "Y": 0.9419
                },
                "PreSize": {
                  "X": 0.4297,
                  "Y": 0.0797
                },
                "LeftMargin": 182.5,
                "RightMargin": 182.5,
                "TopMargin": 13.5,
                "BottomMargin": 667.5,
                "Tag": 5,
                "ActionTag": -464060028,
                "Size": {
                  "X": 275.0,
                  "Y": 59.0
                },
                "Name": "title_text",
                "ctype": "ImageViewObjectData"
              },
              {
                "BackColorAlpha": 102,
                "SingleColor": {
                  "R": 150,
                  "G": 200
                },
                "FirstColor": {
                  "R": 150,
                  "G": 200
                },
                "EndColor": {},
                "ColorVector": {
                  "ScaleY": 1.0
                },
                "Scale9Width": 1,
                "Scale9Height": 1,
                "TouchEnable": true,
                "AnchorPoint": {},
                "Position": {
                  "X": 14.0,
                  "Y": 290.0
                },
                "Scale": {
                  "ScaleX": 1.0,
                  "ScaleY": 1.0
                },
                "CColor": {},
                "IconVisible": false,
                "PrePosition": {
                  "X": 0.0219,
                  "Y": 0.3919
                },
                "PreSize": {
                  "X": 0.9531,
                  "Y": 0.5
                },
                "LeftMargin": 14.0,
                "RightMargin": 16.0,
                "TopMargin": 80.0,
                "BottomMargin": 290.0,
                "Tag": 44,
                "Children": [
                  {
                    "FileData": {
                      "Type": "Normal",
                      "Path": "mainUI/bg_05.png",
                      "Plist": ""
                    },
                    "Scale9Enable": true,
                    "Scale9OriginX": 13,
                    "Scale9OriginY": 13,
                    "Scale9Width": 5,
                    "Scale9Height": 6,
                    "AnchorPoint": {},
                    "Position": {
                      "X": 0.0,
                      "Y": 0.0
                    },
                    "Scale": {
                      "ScaleX": 1.0,
                      "ScaleY": 1.0
                    },
                    "CColor": {},
                    "IconVisible": false,
                    "PrePosition": {
                      "X": 0.0,
                      "Y": 0.0
                    },
                    "PreSize": {
                      "X": 1.0,
                      "Y": 1.0
                    },
                    "Tag": 45,
                    "ActionTag": 1267452234,
                    "Size": {
                      "X": 610.0,
                      "Y": 370.0
                    },
                    "Name": "current_bg",
                    "ctype": "ImageViewObjectData"
                  },
                  {
                    "FileData": {
                      "Type": "MarkedSubImage",
                      "Path": "statisticsUI/current_text.png",
                      "Plist": "StatisticsUI.plist"
                    },
                    "Scale9Enable": true,
                    "Scale9OriginX": 13,
                    "Scale9OriginY": 13,
                    "Scale9Width": 116,
                    "Scale9Height": 21,
                    "AnchorPoint": {},
                    "Position": {
                      "X": 25.4996,
                      "Y": 319.9999
                    },
                    "Scale": {
                      "ScaleX": 1.0,
                      "ScaleY": 1.0
                    },
                    "CColor": {},
                    "IconVisible": false,
                    "PrePosition": {
                      "X": 0.0418,
                      "Y": 0.8649
                    },
                    "PreSize": {
                      "X": 0.2328,
                      "Y": 0.127
                    },
                    "LeftMargin": 25.4996,
                    "RightMargin": 442.5004,
                    "TopMargin": 3.0001,
                    "BottomMargin": 319.9999,
                    "Tag": 46,
                    "ActionTag": 1268876338,
                    "Size": {
                      "X": 142.0,
                      "Y": 47.0
                    },
                    "Name": "current_text",
                    "ctype": "ImageViewObjectData"
                  },
                  {
                    "BackColorAlpha": 102,
                    "SingleColor": {
                      "R": 150,
                      "G": 200
                    },
                    "FirstColor": {
                      "R": 150,
                      "G": 200
                    },
                    "EndColor": {},
                    "ColorVector": {
                      "ScaleY": 1.0
                    },
                    "Scale9Width": 1,
                    "Scale9Height": 1,
                    "TouchEnable": true,
                    "AnchorPoint": {},
                    "Position": {
                      "X": 15.0,
                      "Y": 10.0
                    },
                    "Scale": {
                      "ScaleX": 1.0,
                      "ScaleY": 1.0
                    },
                    "CColor": {},
                    "IconVisible": false,
                    "PrePosition": {
                      "X": 0.0246,
                      "Y": 0.027
                    },
                    "PreSize": {
                      "X": 0.3279,
                      "Y": 0.8378
                    },
                    "LeftMargin": 15.0,
                    "RightMargin": 395.0,
                    "TopMargin": 50.0,
                    "BottomMargin": 10.0,
                    "Tag": 60,
                    "Children": [
                      {
                        "FileData": {
                          "Type": "MarkedSubImage",
                          "Path": "statisticsUI/text04.png",
                          "Plist": "StatisticsUI.plist"
                        },
                        "Scale9Width": 200,
                        "Scale9Height": 23,
                        "AnchorPoint": {
                          "ScaleX": 0.5,
                          "ScaleY": 0.5
                        },
                        "Position": {
                          "X": 113.2498,
                          "Y": 295.0004
                        },
                        "Scale": {
                          "ScaleX": 1.0,
                          "ScaleY": 1.0
                        },
                        "CColor": {},
                        "IconVisible": false,
                        "PrePosition": {
                          "X": 0.5662,
                          "Y": 0.9516
                        },
                        "PreSize": {
                          "X": 1.0,
                          "Y": 0.0742
                        },
                        "LeftMargin": 13.2498,
                        "RightMargin": -13.2498,
                        "TopMargin": 3.4996,
                        "BottomMargin": 283.5004,
                        "Tag": 47,
                        "ActionTag": -524772983,
                        "Size": {
                          "X": 200.0,
                          "Y": 23.0
                        },
                        "Name": "total_hero",
                        "ctype": "ImageViewObjectData"
                      },
                      {
                        "FileData": {
                          "Type": "MarkedSubImage",
                          "Path": "statisticsUI/text05.png",
                          "Plist": "StatisticsUI.plist"
                        },
                        "Scale9Width": 200,
                        "Scale9Height": 23,
                        "AnchorPoint": {
                          "ScaleX": 0.5,
                          "ScaleY": 0.5
                        },
                        "Position": {
                          "X": 113.2498,
                          "Y": 270.0912
                        },
                        "Scale": {
                          "ScaleX": 1.0,
                          "ScaleY": 1.0
                        },
                        "CColor": {},
                        "IconVisible": false,
                        "PrePosition": {
                          "X": 0.5662,
                          "Y": 0.8713
                        },
                        "PreSize": {
                          "X": 1.0,
                          "Y": 0.0742
                        },
                        "LeftMargin": 13.2498,
                        "RightMargin": -13.2498,
                        "TopMargin": 28.4088,
                        "BottomMargin": 258.5912,
                        "Tag": 48,
                        "ActionTag": -856797791,
                        "Size": {
                          "X": 200.0,
                          "Y": 23.0
                        },
                        "Name": "total_hero_levels",
                        "ctype": "ImageViewObjectData"
                      },
                      {
                        "FileData": {
                          "Type": "MarkedSubImage",
                          "Path": "statisticsUI/text06.png",
                          "Plist": "StatisticsUI.plist"
                        },
                        "Scale9Width": 200,
                        "Scale9Height": 23,
                        "AnchorPoint": {
                          "ScaleX": 0.5,
                          "ScaleY": 0.5
                        },
                        "Position": {
                          "X": 113.2498,
                          "Y": 245.1822
                        },
                        "Scale": {
                          "ScaleX": 1.0,
                          "ScaleY": 1.0
                        },
                        "CColor": {},
                        "IconVisible": false,
                        "PrePosition": {
                          "X": 0.5662,
                          "Y": 0.7909
                        },
                        "PreSize": {
                          "X": 1.0,
                          "Y": 0.0742
                        },
                        "LeftMargin": 13.2498,
                        "RightMargin": -13.2498,
                        "TopMargin": 53.3178,
                        "BottomMargin": 233.6822,
                        "Tag": 49,
                        "ActionTag": -424073155,
                        "Size": {
                          "X": 200.0,
                          "Y": 23.0
                        },
                        "Name": "total_gold_rate",
                        "ctype": "ImageViewObjectData"
                      },
                      {
                        "FileData": {
                          "Type": "MarkedSubImage",
                          "Path": "statisticsUI/text07.png",
                          "Plist": "StatisticsUI.plist"
                        },
                        "Scale9Width": 200,
                        "Scale9Height": 23,
                        "AnchorPoint": {
                          "ScaleX": 0.5,
                          "ScaleY": 0.5
                        },
                        "Position": {
                          "X": 113.2498,
                          "Y": 220.273
                        },
                        "Scale": {
                          "ScaleX": 1.0,
                          "ScaleY": 1.0
                        },
                        "CColor": {},
                        "IconVisible": false,
                        "PrePosition": {
                          "X": 0.5662,
                          "Y": 0.7106
                        },
                        "PreSize": {
                          "X": 1.0,
                          "Y": 0.0742
                        },
                        "LeftMargin": 13.2498,
                        "RightMargin": -13.2498,
                        "TopMargin": 78.227,
                        "BottomMargin": 208.773,
                        "Tag": 50,
                        "ActionTag": 661861092,
                        "Size": {
                          "X": 200.0,
                          "Y": 23.0
                        },
                        "Name": "total_tap_rate",
                        "ctype": "ImageViewObjectData"
                      },
                      {
                        "FileData": {
                          "Type": "MarkedSubImage",
                          "Path": "statisticsUI/text08.png",
                          "Plist": "StatisticsUI.plist"
                        },
                        "Scale9Width": 200,
                        "Scale9Height": 23,
                        "AnchorPoint": {
                          "ScaleX": 0.5,
                          "ScaleY": 0.5
                        },
                        "Position": {
                          "X": 113.2498,
                          "Y": 195.3639
                        },
                        "Scale": {
                          "ScaleX": 1.0,
                          "ScaleY": 1.0
                        },
                        "CColor": {},
                        "IconVisible": false,
                        "PrePosition": {
                          "X": 0.5662,
                          "Y": 0.6302
                        },
                        "PreSize": {
                          "X": 1.0,
                          "Y": 0.0742
                        },
                        "LeftMargin": 13.2498,
                        "RightMargin": -13.2498,
                        "TopMargin": 103.1361,
                        "BottomMargin": 183.8639,
                        "Tag": 51,
                        "ActionTag": 87689969,
                        "Size": {
                          "X": 200.0,
                          "Y": 23.0
                        },
                        "Name": "total_attack_rate",
                        "ctype": "ImageViewObjectData"
                      },
                      {
                        "FileData": {
                          "Type": "MarkedSubImage",
                          "Path": "statisticsUI/text09.png",
                          "Plist": "StatisticsUI.plist"
                        },
                        "Scale9Width": 200,
                        "Scale9Height": 23,
                        "AnchorPoint": {
                          "ScaleX": 0.5,
                          "ScaleY": 0.5
                        },
                        "Position": {
                          "X": 113.2498,
                          "Y": 170.4548
                        },
                        "Scale": {
                          "ScaleX": 1.0,
                          "ScaleY": 1.0
                        },
                        "CColor": {},
                        "IconVisible": false,
                        "PrePosition": {
                          "X": 0.5662,
                          "Y": 0.5499
                        },
                        "PreSize": {
                          "X": 1.0,
                          "Y": 0.0742
                        },
                        "LeftMargin": 13.2498,
                        "RightMargin": -13.2498,
                        "TopMargin": 128.0452,
                        "BottomMargin": 158.9548,
                        "Tag": 52,
                        "ActionTag": -433758521,
                        "Size": {
                          "X": 200.0,
                          "Y": 23.0
                        },
                        "Name": "total_life_rate",
                        "ctype": "ImageViewObjectData"
                      },
                      {
                        "FileData": {
                          "Type": "MarkedSubImage",
                          "Path": "statisticsUI/text10.png",
                          "Plist": "StatisticsUI.plist"
                        },
                        "Scale9Width": 200,
                        "Scale9Height": 23,
                        "AnchorPoint": {
                          "ScaleX": 0.5,
                          "ScaleY": 0.5
                        },
                        "Position": {
                          "X": 113.2498,
                          "Y": 145.5456
                        },
                        "Scale": {
                          "ScaleX": 1.0,
                          "ScaleY": 1.0
                        },
                        "CColor": {},
                        "IconVisible": false,
                        "PrePosition": {
                          "X": 0.5662,
                          "Y": 0.4695
                        },
                        "PreSize": {
                          "X": 1.0,
                          "Y": 0.0742
                        },
                        "LeftMargin": 13.2498,
                        "RightMargin": -13.2498,
                        "TopMargin": 152.9544,
                        "BottomMargin": 134.0456,
                        "Tag": 53,
                        "ActionTag": 74973655,
                        "Size": {
                          "X": 200.0,
                          "Y": 23.0
                        },
                        "Name": "total_tap_value",
                        "ctype": "ImageViewObjectData"
                      },
                      {
                        "FileData": {
                          "Type": "MarkedSubImage",
                          "Path": "statisticsUI/text11.png",
                          "Plist": "StatisticsUI.plist"
                        },
                        "Scale9Width": 200,
                        "Scale9Height": 23,
                        "AnchorPoint": {
                          "ScaleX": 0.5,
                          "ScaleY": 0.5
                        },
                        "Position": {
                          "X": 113.2497,
                          "Y": 120.6365
                        },
                        "Scale": {
                          "ScaleX": 1.0,
                          "ScaleY": 1.0
                        },
                        "CColor": {},
                        "IconVisible": false,
                        "PrePosition": {
                          "X": 0.5662,
                          "Y": 0.3891
                        },
                        "PreSize": {
                          "X": 1.0,
                          "Y": 0.0742
                        },
                        "LeftMargin": 13.2497,
                        "RightMargin": -13.2497,
                        "TopMargin": 177.8635,
                        "BottomMargin": 109.1365,
                        "Tag": 59,
                        "ActionTag": 373772142,
                        "Size": {
                          "X": 200.0,
                          "Y": 23.0
                        },
                        "Name": "total_attack_value",
                        "ctype": "ImageViewObjectData"
                      },
                      {
                        "FileData": {
                          "Type": "MarkedSubImage",
                          "Path": "statisticsUI/text12.png",
                          "Plist": "StatisticsUI.plist"
                        },
                        "Scale9Width": 200,
                        "Scale9Height": 23,
                        "AnchorPoint": {
                          "ScaleX": 0.5,
                          "ScaleY": 0.5
                        },
                        "Position": {
                          "X": 113.2498,
                          "Y": 95.7273
                        },
                        "Scale": {
                          "ScaleX": 1.0,
                          "ScaleY": 1.0
                        },
                        "CColor": {},
                        "IconVisible": false,
                        "PrePosition": {
                          "X": 0.5662,
                          "Y": 0.3088
                        },
                        "PreSize": {
                          "X": 1.0,
                          "Y": 0.0742
                        },
                        "LeftMargin": 13.2498,
                        "RightMargin": -13.2498,
                        "TopMargin": 202.7727,
                        "BottomMargin": 84.2273,
                        "Tag": 58,
                        "ActionTag": -1693394815,
                        "Size": {
                          "X": 200.0,
                          "Y": 23.0
                        },
                        "Name": "total_life_value",
                        "ctype": "ImageViewObjectData"
                      },
                      {
                        "FileData": {
                          "Type": "MarkedSubImage",
                          "Path": "statisticsUI/text13.png",
                          "Plist": "StatisticsUI.plist"
                        },
                        "Scale9Width": 200,
                        "Scale9Height": 23,
                        "AnchorPoint": {
                          "ScaleX": 0.5,
                          "ScaleY": 0.5
                        },
                        "Position": {
                          "X": 113.2498,
                          "Y": 70.8182
                        },
                        "Scale": {
                          "ScaleX": 1.0,
                          "ScaleY": 1.0
                        },
                        "CColor": {},
                        "IconVisible": false,
                        "PrePosition": {
                          "X": 0.5662,
                          "Y": 0.2284
                        },
                        "PreSize": {
                          "X": 1.0,
                          "Y": 0.0742
                        },
                        "LeftMargin": 13.2498,
                        "RightMargin": -13.2498,
                        "TopMargin": 227.6818,
                        "BottomMargin": 59.3182,
                        "Tag": 54,
                        "ActionTag": 23989029,
                        "Size": {
                          "X": 200.0,
                          "Y": 23.0
                        },
                        "Name": "total_ctr_chance_rate",
                        "ctype": "ImageViewObjectData"
                      },
                      {
                        "FileData": {
                          "Type": "MarkedSubImage",
                          "Path": "statisticsUI/text14.png",
                          "Plist": "StatisticsUI.plist"
                        },
                        "Scale9Width": 200,
                        "Scale9Height": 23,
                        "AnchorPoint": {
                          "ScaleX": 0.5,
                          "ScaleY": 0.5
                        },
                        "Position": {
                          "X": 113.2498,
                          "Y": 45.9091
                        },
                        "Scale": {
                          "ScaleX": 1.0,
                          "ScaleY": 1.0
                        },
                        "CColor": {},
                        "IconVisible": false,
                        "PrePosition": {
                          "X": 0.5662,
                          "Y": 0.1481
                        },
                        "PreSize": {
                          "X": 1.0,
                          "Y": 0.0742
                        },
                        "LeftMargin": 13.2498,
                        "RightMargin": -13.2498,
                        "TopMargin": 252.5909,
                        "BottomMargin": 34.4091,
                        "Tag": 55,
                        "ActionTag": -1260842043,
                        "Size": {
                          "X": 200.0,
                          "Y": 23.0
                        },
                        "Name": "total_ctr_modify_rate",
                        "ctype": "ImageViewObjectData"
                      },
                      {
                        "FileData": {
                          "Type": "MarkedSubImage",
                          "Path": "statisticsUI/text15.png",
                          "Plist": "StatisticsUI.plist"
                        },
                        "Scale9Width": 200,
                        "Scale9Height": 23,
                        "AnchorPoint": {
                          "ScaleX": 0.5,
                          "ScaleY": 0.5
                        },
                        "Position": {
                          "X": 113.2498,
                          "Y": 21.0
                        },
                        "Scale": {
                          "ScaleX": 1.0,
                          "ScaleY": 1.0
                        },
                        "CColor": {},
                        "IconVisible": false,
                        "PrePosition": {
                          "X": 0.5662,
                          "Y": 0.0677
                        },
                        "PreSize": {
                          "X": 1.0,
                          "Y": 0.0742
                        },
                        "LeftMargin": 13.2498,
                        "RightMargin": -13.2498,
                        "TopMargin": 277.5,
                        "BottomMargin": 9.5,
                        "Tag": 57,
                        "ActionTag": -1158777912,
                        "Size": {
                          "X": 200.0,
                          "Y": 23.0
                        },
                        "Name": "total_atk_period_rate",
                        "ctype": "ImageViewObjectData"
                      }
                    ],
                    "ActionTag": 220247064,
                    "Size": {
                      "X": 200.0,
                      "Y": 310.0
                    },
                    "Name": "text",
                    "ctype": "PanelObjectData"
                  },
                  {
                    "BackColorAlpha": 102,
                    "SingleColor": {
                      "R": 150,
                      "G": 200
                    },
                    "FirstColor": {
                      "R": 150,
                      "G": 200
                    },
                    "EndColor": {},
                    "ColorVector": {
                      "ScaleY": 1.0
                    },
                    "Scale9Width": 1,
                    "Scale9Height": 1,
                    "TouchEnable": true,
                    "AnchorPoint": {},
                    "Position": {
                      "X": 400.0,
                      "Y": 10.0
                    },
                    "Scale": {
                      "ScaleX": 1.0,
                      "ScaleY": 1.0
                    },
                    "CColor": {},
                    "IconVisible": false,
                    "PrePosition": {
                      "X": 0.6557,
                      "Y": 0.027
                    },
                    "PreSize": {
                      "X": 0.3279,
                      "Y": 0.8378
                    },
                    "LeftMargin": 400.0,
                    "RightMargin": 10.0,
                    "TopMargin": 50.0,
                    "BottomMargin": 10.0,
                    "Tag": 61,
                    "Children": [
                      {
                        "LabelText": "589.554k",
                        "LabelBMFontFile_CNB": {
                          "Type": "Normal",
                          "Path": "font/white14-export.fnt",
                          "Plist": ""
                        },
                        "AnchorPoint": {},
                        "Position": {
                          "X": 48.45,
                          "Y": 285.5004
                        },
                        "Scale": {
                          "ScaleX": 1.0,
                          "ScaleY": 1.0
                        },
                        "CColor": {
                          "B": 0
                        },
                        "IconVisible": false,
                        "PrePosition": {
                          "X": 0.2423,
                          "Y": 0.921
                        },
                        "PreSize": {
                          "X": 0.53,
                          "Y": 0.0581
                        },
                        "LeftMargin": 48.45,
                        "RightMargin": 45.55,
                        "TopMargin": 6.4996,
                        "BottomMargin": 285.5004,
                        "Tag": 108,
                        "ActionTag": 588282107,
                        "Size": {
                          "X": 106.0,
                          "Y": 18.0
                        },
                        "Name": "total_hero",
                        "ctype": "TextBMFontObjectData"
                      },
                      {
                        "LabelText": "999999",
                        "LabelBMFontFile_CNB": {
                          "Type": "Normal",
                          "Path": "font/white14-export.fnt",
                          "Plist": ""
                        },
                        "AnchorPoint": {},
                        "Position": {
                          "X": 48.45,
                          "Y": 260.5912
                        },
                        "Scale": {
                          "ScaleX": 1.0,
                          "ScaleY": 1.0
                        },
                        "CColor": {
                          "B": 0
                        },
                        "IconVisible": false,
                        "PrePosition": {
                          "X": 0.2423,
                          "Y": 0.8406
                        },
                        "PreSize": {
                          "X": 0.485,
                          "Y": 0.0581
                        },
                        "LeftMargin": 48.45,
                        "RightMargin": 54.55,
                        "TopMargin": 31.4088,
                        "BottomMargin": 260.5912,
                        "Tag": 107,
                        "ActionTag": -1553685188,
                        "Size": {
                          "X": 97.0,
                          "Y": 18.0
                        },
                        "Name": "total_hero_levels",
                        "ctype": "TextBMFontObjectData"
                      },
                      {
                        "LabelText": "999999",
                        "LabelBMFontFile_CNB": {
                          "Type": "Normal",
                          "Path": "font/white14-export.fnt",
                          "Plist": ""
                        },
                        "AnchorPoint": {},
                        "Position": {
                          "X": 48.45,
                          "Y": 235.6821
                        },
                        "Scale": {
                          "ScaleX": 1.0,
                          "ScaleY": 1.0
                        },
                        "CColor": {
                          "B": 0
                        },
                        "IconVisible": false,
                        "PrePosition": {
                          "X": 0.2423,
                          "Y": 0.7603
                        },
                        "PreSize": {
                          "X": 0.485,
                          "Y": 0.0581
                        },
                        "LeftMargin": 48.45,
                        "RightMargin": 54.55,
                        "TopMargin": 56.3179,
                        "BottomMargin": 235.6821,
                        "Tag": 106,
                        "ActionTag": -372061785,
                        "Size": {
                          "X": 97.0,
                          "Y": 18.0
                        },
                        "Name": "total_gold_rate",
                        "ctype": "TextBMFontObjectData"
                      },
                      {
                        "LabelText": "999999",
                        "LabelBMFontFile_CNB": {
                          "Type": "Normal",
                          "Path": "font/white14-export.fnt",
                          "Plist": ""
                        },
                        "AnchorPoint": {},
                        "Position": {
                          "X": 48.45,
                          "Y": 210.773
                        },
                        "Scale": {
                          "ScaleX": 1.0,
                          "ScaleY": 1.0
                        },
                        "CColor": {
                          "B": 0
                        },
                        "IconVisible": false,
                        "PrePosition": {
                          "X": 0.2423,
                          "Y": 0.6799
                        },
                        "PreSize": {
                          "X": 0.485,
                          "Y": 0.0581
                        },
                        "LeftMargin": 48.45,
                        "RightMargin": 54.55,
                        "TopMargin": 81.227,
                        "BottomMargin": 210.773,
                        "Tag": 105,
                        "ActionTag": 121454749,
                        "Size": {
                          "X": 97.0,
                          "Y": 18.0
                        },
                        "Name": "total_tap_rate",
                        "ctype": "TextBMFontObjectData"
                      },
                      {
                        "LabelText": "111111",
                        "LabelBMFontFile_CNB": {
                          "Type": "Normal",
                          "Path": "font/white14-export.fnt",
                          "Plist": ""
                        },
                        "AnchorPoint": {},
                        "Position": {
                          "X": 48.45,
                          "Y": 185.8639
                        },
                        "Scale": {
                          "ScaleX": 1.0,
                          "ScaleY": 1.0
                        },
                        "CColor": {
                          "B": 0
                        },
                        "IconVisible": false,
                        "PrePosition": {
                          "X": 0.2423,
                          "Y": 0.5996
                        },
                        "PreSize": {
                          "X": 0.26,
                          "Y": 0.0581
                        },
                        "LeftMargin": 48.45,
                        "RightMargin": 99.55,
                        "TopMargin": 106.1361,
                        "BottomMargin": 185.8639,
                        "Tag": 104,
                        "ActionTag": 42067463,
                        "Size": {
                          "X": 52.0,
                          "Y": 18.0
                        },
                        "Name": "total_attack_rate",
                        "ctype": "TextBMFontObjectData"
                      },
                      {
                        "LabelText": "111111",
                        "LabelBMFontFile_CNB": {
                          "Type": "Normal",
                          "Path": "font/white14-export.fnt",
                          "Plist": ""
                        },
                        "AnchorPoint": {},
                        "Position": {
                          "X": 48.45,
                          "Y": 160.9548
                        },
                        "Scale": {
                          "ScaleX": 1.0,
                          "ScaleY": 1.0
                        },
                        "CColor": {
                          "B": 0
                        },
                        "IconVisible": false,
                        "PrePosition": {
                          "X": 0.2423,
                          "Y": 0.5192
                        },
                        "PreSize": {
                          "X": 0.26,
                          "Y": 0.0581
                        },
                        "LeftMargin": 48.45,
                        "RightMargin": 99.55,
                        "TopMargin": 131.0452,
                        "BottomMargin": 160.9548,
                        "Tag": 103,
                        "ActionTag": 1101032437,
                        "Size": {
                          "X": 52.0,
                          "Y": 18.0
                        },
                        "Name": "total_life_rate",
                        "ctype": "TextBMFontObjectData"
                      },
                      {
                        "LabelText": "111111",
                        "LabelBMFontFile_CNB": {
                          "Type": "Normal",
                          "Path": "font/white14-export.fnt",
                          "Plist": ""
                        },
                        "AnchorPoint": {},
                        "Position": {
                          "X": 48.45,
                          "Y": 136.0456
                        },
                        "Scale": {
                          "ScaleX": 1.0,
                          "ScaleY": 1.0
                        },
                        "CColor": {
                          "B": 0
                        },
                        "IconVisible": false,
                        "PrePosition": {
                          "X": 0.2423,
                          "Y": 0.4389
                        },
                        "PreSize": {
                          "X": 0.26,
                          "Y": 0.0581
                        },
                        "LeftMargin": 48.45,
                        "RightMargin": 99.55,
                        "TopMargin": 155.9544,
                        "BottomMargin": 136.0456,
                        "Tag": 101,
                        "ActionTag": 2073439692,
                        "Size": {
                          "X": 52.0,
                          "Y": 18.0
                        },
                        "Name": "total_tap_value",
                        "ctype": "TextBMFontObjectData"
                      },
                      {
                        "LabelText": "111111",
                        "LabelBMFontFile_CNB": {
                          "Type": "Normal",
                          "Path": "font/white14-export.fnt",
                          "Plist": ""
                        },
                        "AnchorPoint": {},
                        "Position": {
                          "X": 48.45,
                          "Y": 111.1365
                        },
                        "Scale": {
                          "ScaleX": 1.0,
                          "ScaleY": 1.0
                        },
                        "CColor": {
                          "B": 0
                        },
                        "IconVisible": false,
                        "PrePosition": {
                          "X": 0.2423,
                          "Y": 0.3585
                        },
                        "PreSize": {
                          "X": 0.26,
                          "Y": 0.0581
                        },
                        "LeftMargin": 48.45,
                        "RightMargin": 99.55,
                        "TopMargin": 180.8635,
                        "BottomMargin": 111.1365,
                        "Tag": 102,
                        "ActionTag": 2062460383,
                        "Size": {
                          "X": 52.0,
                          "Y": 18.0
                        },
                        "Name": "total_attack_value",
                        "ctype": "TextBMFontObjectData"
                      },
                      {
                        "LabelText": "111111",
                        "LabelBMFontFile_CNB": {
                          "Type": "Normal",
                          "Path": "font/white14-export.fnt",
                          "Plist": ""
                        },
                        "AnchorPoint": {},
                        "Position": {
                          "X": 48.45,
                          "Y": 86.2274
                        },
                        "Scale": {
                          "ScaleX": 1.0,
                          "ScaleY": 1.0
                        },
                        "CColor": {
                          "B": 0
                        },
                        "IconVisible": false,
                        "PrePosition": {
                          "X": 0.2423,
                          "Y": 0.2782
                        },
                        "PreSize": {
                          "X": 0.26,
                          "Y": 0.0581
                        },
                        "LeftMargin": 48.45,
                        "RightMargin": 99.55,
                        "TopMargin": 205.7726,
                        "BottomMargin": 86.2274,
                        "Tag": 100,
                        "ActionTag": -1963040224,
                        "Size": {
                          "X": 52.0,
                          "Y": 18.0
                        },
                        "Name": "total_life_value",
                        "ctype": "TextBMFontObjectData"
                      },
                      {
                        "LabelText": "111111",
                        "LabelBMFontFile_CNB": {
                          "Type": "Normal",
                          "Path": "font/white14-export.fnt",
                          "Plist": ""
                        },
                        "AnchorPoint": {},
                        "Position": {
                          "X": 48.45,
                          "Y": 61.3183
                        },
                        "Scale": {
                          "ScaleX": 1.0,
                          "ScaleY": 1.0
                        },
                        "CColor": {
                          "B": 0
                        },
                        "IconVisible": false,
                        "PrePosition": {
                          "X": 0.2423,
                          "Y": 0.1978
                        },
                        "PreSize": {
                          "X": 0.26,
                          "Y": 0.0581
                        },
                        "LeftMargin": 48.45,
                        "RightMargin": 99.55,
                        "TopMargin": 230.6817,
                        "BottomMargin": 61.3183,
                        "Tag": 98,
                        "ActionTag": -1420818432,
                        "Size": {
                          "X": 52.0,
                          "Y": 18.0
                        },
                        "Name": "total_ctr_chance_rate",
                        "ctype": "TextBMFontObjectData"
                      },
                      {
                        "LabelText": "111111",
                        "LabelBMFontFile_CNB": {
                          "Type": "Normal",
                          "Path": "font/white14-export.fnt",
                          "Plist": ""
                        },
                        "AnchorPoint": {},
                        "Position": {
                          "X": 48.45,
                          "Y": 36.4091
                        },
                        "Scale": {
                          "ScaleX": 1.0,
                          "ScaleY": 1.0
                        },
                        "CColor": {
                          "B": 0
                        },
                        "IconVisible": false,
                        "PrePosition": {
                          "X": 0.2423,
                          "Y": 0.1174
                        },
                        "PreSize": {
                          "X": 0.26,
                          "Y": 0.0581
                        },
                        "LeftMargin": 48.45,
                        "RightMargin": 99.55,
                        "TopMargin": 255.5909,
                        "BottomMargin": 36.4091,
                        "Tag": 97,
                        "ActionTag": -1107721885,
                        "Size": {
                          "X": 52.0,
                          "Y": 18.0
                        },
                        "Name": "total_ctr_modify_rate",
                        "ctype": "TextBMFontObjectData"
                      },
                      {
                        "LabelText": "111111",
                        "LabelBMFontFile_CNB": {
                          "Type": "Normal",
                          "Path": "font/white14-export.fnt",
                          "Plist": ""
                        },
                        "AnchorPoint": {},
                        "Position": {
                          "X": 48.4499,
                          "Y": 11.5
                        },
                        "Scale": {
                          "ScaleX": 1.0,
                          "ScaleY": 1.0
                        },
                        "CColor": {
                          "B": 0
                        },
                        "IconVisible": false,
                        "PrePosition": {
                          "X": 0.2422,
                          "Y": 0.0371
                        },
                        "PreSize": {
                          "X": 0.26,
                          "Y": 0.0581
                        },
                        "LeftMargin": 48.4499,
                        "RightMargin": 99.5501,
                        "TopMargin": 280.5,
                        "BottomMargin": 11.5,
                        "Tag": 89,
                        "ActionTag": -301535920,
                        "Size": {
                          "X": 52.0,
                          "Y": 18.0
                        },
                        "Name": "total_atk_period_rate",
                        "ctype": "TextBMFontObjectData"
                      }
                    ],
                    "ActionTag": -1526191025,
                    "Size": {
                      "X": 200.0,
                      "Y": 310.0
                    },
                    "Name": "number",
                    "ctype": "PanelObjectData"
                  }
                ],
                "ActionTag": -412105088,
                "Size": {
                  "X": 610.0,
                  "Y": 370.0
                },
                "Name": "current",
                "ctype": "PanelObjectData"
              },
              {
                "BackColorAlpha": 102,
                "ComboBoxIndex": 1,
                "SingleColor": {
                  "R": 150,
                  "G": 200
                },
                "FirstColor": {
                  "R": 150,
                  "G": 200
                },
                "EndColor": {},
                "ColorVector": {
                  "ScaleY": 1.0
                },
                "Scale9Width": 1,
                "Scale9Height": 1,
                "TouchEnable": true,
                "AnchorPoint": {},
                "Position": {
                  "X": 14.0,
                  "Y": 20.0
                },
                "Scale": {
                  "ScaleX": 1.0,
                  "ScaleY": 1.0
                },
                "CColor": {},
                "IconVisible": false,
                "PrePosition": {
                  "X": 0.0219,
                  "Y": 0.027
                },
                "PreSize": {
                  "X": 0.9531,
                  "Y": 0.3514
                },
                "LeftMargin": 14.0,
                "RightMargin": 16.0,
                "TopMargin": 460.0,
                "BottomMargin": 20.0,
                "Tag": 75,
                "Children": [
                  {
                    "FileData": {
                      "Type": "Normal",
                      "Path": "mainUI/bg_05.png",
                      "Plist": ""
                    },
                    "Scale9Enable": true,
                    "Scale9OriginX": 13,
                    "Scale9OriginY": 13,
                    "Scale9Width": 5,
                    "Scale9Height": 6,
                    "AnchorPoint": {},
                    "Position": {
                      "X": 0.0,
                      "Y": 0.0
                    },
                    "Scale": {
                      "ScaleX": 1.0,
                      "ScaleY": 1.0
                    },
                    "CColor": {},
                    "IconVisible": false,
                    "PrePosition": {
                      "X": 0.0,
                      "Y": 0.0
                    },
                    "PreSize": {
                      "X": 1.0,
                      "Y": 1.0
                    },
                    "Tag": 76,
                    "ActionTag": -1059311514,
                    "Size": {
                      "X": 610.0,
                      "Y": 260.0
                    },
                    "Name": "cumulative_bg",
                    "ctype": "ImageViewObjectData"
                  },
                  {
                    "FileData": {
                      "Type": "MarkedSubImage",
                      "Path": "statisticsUI/cumulative_text.png",
                      "Plist": "StatisticsUI.plist"
                    },
                    "Scale9Width": 142,
                    "Scale9Height": 47,
                    "AnchorPoint": {
                      "ScaleX": 0.5,
                      "ScaleY": 0.5
                    },
                    "Position": {
                      "X": 96.4996,
                      "Y": 233.0
                    },
                    "Scale": {
                      "ScaleX": 1.0,
                      "ScaleY": 1.0
                    },
                    "CColor": {},
                    "IconVisible": false,
                    "PrePosition": {
                      "X": 0.1582,
                      "Y": 0.8962
                    },
                    "PreSize": {
                      "X": 0.2328,
                      "Y": 0.1808
                    },
                    "LeftMargin": 25.4996,
                    "RightMargin": 442.5004,
                    "TopMargin": 3.5,
                    "BottomMargin": 209.5,
                    "Tag": 77,
                    "ActionTag": -1622659418,
                    "Size": {
                      "X": 142.0,
                      "Y": 47.0
                    },
                    "Name": "cumulative_text",
                    "ctype": "ImageViewObjectData"
                  },
                  {
                    "BackColorAlpha": 102,
                    "SingleColor": {
                      "R": 150,
                      "G": 200
                    },
                    "FirstColor": {
                      "R": 150,
                      "G": 200
                    },
                    "EndColor": {},
                    "ColorVector": {
                      "ScaleY": 1.0
                    },
                    "Scale9Width": 1,
                    "Scale9Height": 1,
                    "TouchEnable": true,
                    "AnchorPoint": {},
                    "Position": {
                      "X": 30.742,
                      "Y": 31.1521
                    },
                    "Scale": {
                      "ScaleX": 1.0,
                      "ScaleY": 1.0
                    },
                    "CColor": {},
                    "IconVisible": false,
                    "PrePosition": {
                      "X": 0.0504,
                      "Y": 0.1198
                    },
                    "PreSize": {
                      "X": 0.3279,
                      "Y": 0.7308
                    },
                    "LeftMargin": 30.742,
                    "RightMargin": 379.258,
                    "TopMargin": 38.8479,
                    "BottomMargin": 31.1521,
                    "Tag": 91,
                    "Children": [
                      {
                        "FileData": {
                          "Type": "MarkedSubImage",
                          "Path": "statisticsUI/text19.png",
                          "Plist": "StatisticsUI.plist"
                        },
                        "Scale9Width": 200,
                        "Scale9Height": 23,
                        "AnchorPoint": {},
                        "Position": {
                          "X": 0.0,
                          "Y": 150.0
                        },
                        "Scale": {
                          "ScaleX": 1.0,
                          "ScaleY": 1.0
                        },
                        "CColor": {},
                        "IconVisible": false,
                        "PrePosition": {
                          "X": 0.0,
                          "Y": 0.7895
                        },
                        "PreSize": {
                          "X": 1.0,
                          "Y": 0.1211
                        },
                        "TopMargin": 17.0,
                        "BottomMargin": 150.0,
                        "Tag": 81,
                        "ActionTag": 1804693783,
                        "Size": {
                          "X": 200.0,
                          "Y": 23.0
                        },
                        "Name": "statistics.total_gold",
                        "ctype": "ImageViewObjectData"
                      },
                      {
                        "FileData": {
                          "Type": "MarkedSubImage",
                          "Path": "statisticsUI/text17.png",
                          "Plist": "StatisticsUI.plist"
                        },
                        "Scale9Width": 200,
                        "Scale9Height": 23,
                        "AnchorPoint": {},
                        "Position": {
                          "X": 0.0,
                          "Y": 125.0
                        },
                        "Scale": {
                          "ScaleX": 1.0,
                          "ScaleY": 1.0
                        },
                        "CColor": {},
                        "IconVisible": false,
                        "PrePosition": {
                          "X": 0.0,
                          "Y": 0.6579
                        },
                        "PreSize": {
                          "X": 1.0,
                          "Y": 0.1211
                        },
                        "TopMargin": 42.0,
                        "BottomMargin": 125.0,
                        "Tag": 79,
                        "ActionTag": 402149767,
                        "Size": {
                          "X": 200.0,
                          "Y": 23.0
                        },
                        "Name": "statistics.total_relic",
                        "ctype": "ImageViewObjectData"
                      },
                      {
                        "FileData": {
                          "Type": "MarkedSubImage",
                          "Path": "statisticsUI/text16.png",
                          "Plist": "StatisticsUI.plist"
                        },
                        "Scale9Width": 200,
                        "Scale9Height": 23,
                        "AnchorPoint": {},
                        "Position": {
                          "X": 0.0,
                          "Y": 100.0
                        },
                        "Scale": {
                          "ScaleX": 1.0,
                          "ScaleY": 1.0
                        },
                        "CColor": {},
                        "IconVisible": false,
                        "PrePosition": {
                          "X": 0.0,
                          "Y": 0.5263
                        },
                        "PreSize": {
                          "X": 1.0,
                          "Y": 0.1211
                        },
                        "TopMargin": 67.0,
                        "BottomMargin": 100.0,
                        "Tag": 78,
                        "ActionTag": -1042699242,
                        "Size": {
                          "X": 200.0,
                          "Y": 23.0
                        },
                        "Name": "statistics.total_fairy",
                        "ctype": "ImageViewObjectData"
                      },
                      {
                        "FileData": {
                          "Type": "MarkedSubImage",
                          "Path": "statisticsUI/text24.png",
                          "Plist": "StatisticsUI.plist"
                        },
                        "Scale9Width": 200,
                        "Scale9Height": 23,
                        "AnchorPoint": {},
                        "Position": {
                          "X": 0.0,
                          "Y": 75.0
                        },
                        "Scale": {
                          "ScaleX": 1.0,
                          "ScaleY": 1.0
                        },
                        "CColor": {},
                        "IconVisible": false,
                        "PrePosition": {
                          "X": 0.0,
                          "Y": 0.3947
                        },
                        "PreSize": {
                          "X": 1.0,
                          "Y": 0.1211
                        },
                        "TopMargin": 92.0,
                        "BottomMargin": 75.0,
                        "Tag": 86,
                        "ActionTag": 489712384,
                        "Size": {
                          "X": 200.0,
                          "Y": 23.0
                        },
                        "Name": "statistics.total_chest_open",
                        "ctype": "ImageViewObjectData"
                      },
                      {
                        "FileData": {
                          "Type": "MarkedSubImage",
                          "Path": "statisticsUI/text22.png",
                          "Plist": "StatisticsUI.plist"
                        },
                        "Scale9Width": 200,
                        "Scale9Height": 23,
                        "AnchorPoint": {},
                        "Position": {
                          "X": 0.0,
                          "Y": 50.0
                        },
                        "Scale": {
                          "ScaleX": 1.0,
                          "ScaleY": 1.0
                        },
                        "CColor": {},
                        "IconVisible": false,
                        "PrePosition": {
                          "X": 0.0,
                          "Y": 0.2632
                        },
                        "PreSize": {
                          "X": 1.0,
                          "Y": 0.1211
                        },
                        "TopMargin": 117.0,
                        "BottomMargin": 50.0,
                        "CallBackType": "Click",
                        "Tag": 84,
                        "ActionTag": -296740336,
                        "Size": {
                          "X": 200.0,
                          "Y": 23.0
                        },
                        "Name": "statistics.total_enemy_kill",
                        "ctype": "ImageViewObjectData"
                      },
                      {
                        "FileData": {
                          "Type": "MarkedSubImage",
                          "Path": "statisticsUI/text23.png",
                          "Plist": "StatisticsUI.plist"
                        },
                        "Scale9Width": 200,
                        "Scale9Height": 23,
                        "AnchorPoint": {},
                        "Position": {
                          "X": 0.0,
                          "Y": 25.0
                        },
                        "Scale": {
                          "ScaleX": 1.0,
                          "ScaleY": 1.0
                        },
                        "CColor": {},
                        "IconVisible": false,
                        "PrePosition": {
                          "X": 0.0,
                          "Y": 0.1316
                        },
                        "PreSize": {
                          "X": 1.0,
                          "Y": 0.1211
                        },
                        "TopMargin": 142.0,
                        "BottomMargin": 25.0,
                        "Tag": 85,
                        "ActionTag": 901180074,
                        "Size": {
                          "X": 200.0,
                          "Y": 23.0
                        },
                        "Name": "statistics.total_boss_kill",
                        "ctype": "ImageViewObjectData"
                      },
                      {
                        "FileData": {
                          "Type": "MarkedSubImage",
                          "Path": "statisticsUI/text25.png",
                          "Plist": "StatisticsUI.plist"
                        },
                        "Scale9Width": 200,
                        "Scale9Height": 23,
                        "AnchorPoint": {},
                        "Position": {
                          "X": 0.0,
                          "Y": 0.0
                        },
                        "Scale": {
                          "ScaleX": 1.0,
                          "ScaleY": 1.0
                        },
                        "CColor": {},
                        "IconVisible": false,
                        "PrePosition": {
                          "X": 0.0,
                          "Y": 0.0
                        },
                        "PreSize": {
                          "X": 1.0,
                          "Y": 0.1211
                        },
                        "TopMargin": 167.0,
                        "Tag": 87,
                        "ActionTag": -810216555,
                        "Size": {
                          "X": 200.0,
                          "Y": 23.0
                        },
                        "Name": "statistics.total_max_level",
                        "ctype": "ImageViewObjectData"
                      }
                    ],
                    "ActionTag": 1878732397,
                    "Size": {
                      "X": 200.0,
                      "Y": 190.0
                    },
                    "Name": "text",
                    "ctype": "PanelObjectData"
                  },
                  {
                    "BackColorAlpha": 102,
                    "SingleColor": {
                      "R": 150,
                      "G": 200
                    },
                    "FirstColor": {
                      "R": 150,
                      "G": 200
                    },
                    "EndColor": {},
                    "ColorVector": {
                      "ScaleY": 1.0
                    },
                    "Scale9Width": 1,
                    "Scale9Height": 1,
                    "TouchEnable": true,
                    "AnchorPoint": {},
                    "Position": {
                      "X": 447.9211,
                      "Y": 31.1521
                    },
                    "Scale": {
                      "ScaleX": 1.0,
                      "ScaleY": 1.0
                    },
                    "CColor": {},
                    "IconVisible": false,
                    "PrePosition": {
                      "X": 0.7343,
                      "Y": 0.1198
                    },
                    "PreSize": {
                      "X": 0.2295,
                      "Y": 0.7308
                    },
                    "LeftMargin": 447.9211,
                    "RightMargin": 22.0789,
                    "TopMargin": 38.8479,
                    "BottomMargin": 31.1521,
                    "Tag": 104,
                    "Children": [
                      {
                        "LabelText": "111111",
                        "LabelBMFontFile_CNB": {
                          "Type": "Normal",
                          "Path": "font/white14-export.fnt",
                          "Plist": ""
                        },
                        "AnchorPoint": {},
                        "Position": {
                          "X": 0.0001,
                          "Y": 152.0
                        },
                        "Scale": {
                          "ScaleX": 1.0,
                          "ScaleY": 1.0
                        },
                        "CColor": {
                          "B": 0
                        },
                        "IconVisible": false,
                        "PrePosition": {
                          "X": 0.0,
                          "Y": 0.8
                        },
                        "PreSize": {
                          "X": 0.3714,
                          "Y": 0.0947
                        },
                        "LeftMargin": 0.0001,
                        "RightMargin": 87.9999,
                        "TopMargin": 20.0,
                        "BottomMargin": 152.0,
                        "Tag": 110,
                        "ActionTag": 683802234,
                        "Size": {
                          "X": 52.0,
                          "Y": 18.0
                        },
                        "Name": "statistics.total_gold",
                        "ctype": "TextBMFontObjectData"
                      },
                      {
                        "LabelText": "111111",
                        "LabelBMFontFile_CNB": {
                          "Type": "Normal",
                          "Path": "font/white14-export.fnt",
                          "Plist": ""
                        },
                        "AnchorPoint": {},
                        "Position": {
                          "X": 0.0001,
                          "Y": 127.0
                        },
                        "Scale": {
                          "ScaleX": 1.0,
                          "ScaleY": 1.0
                        },
                        "CColor": {
                          "B": 0
                        },
                        "IconVisible": false,
                        "PrePosition": {
                          "X": 0.0,
                          "Y": 0.6684
                        },
                        "PreSize": {
                          "X": 0.3714,
                          "Y": 0.0947
                        },
                        "LeftMargin": 0.0001,
                        "RightMargin": 87.9999,
                        "TopMargin": 45.0,
                        "BottomMargin": 127.0,
                        "Tag": 90,
                        "ActionTag": -233047130,
                        "Size": {
                          "X": 52.0,
                          "Y": 18.0
                        },
                        "Name": "statistics.total_relic",
                        "ctype": "TextBMFontObjectData"
                      },
                      {
                        "LabelText": "111111",
                        "LabelBMFontFile_CNB": {
                          "Type": "Normal",
                          "Path": "font/white14-export.fnt",
                          "Plist": ""
                        },
                        "AnchorPoint": {},
                        "Position": {
                          "X": 0.0001,
                          "Y": 102.0
                        },
                        "Scale": {
                          "ScaleX": 1.0,
                          "ScaleY": 1.0
                        },
                        "CColor": {
                          "B": 0
                        },
                        "IconVisible": false,
                        "PrePosition": {
                          "X": 0.0,
                          "Y": 0.5368
                        },
                        "PreSize": {
                          "X": 0.3714,
                          "Y": 0.0947
                        },
                        "LeftMargin": 0.0001,
                        "RightMargin": 87.9999,
                        "TopMargin": 70.0,
                        "BottomMargin": 102.0,
                        "Tag": 91,
                        "ActionTag": 544416432,
                        "Size": {
                          "X": 52.0,
                          "Y": 18.0
                        },
                        "Name": "statistics.total_fairy",
                        "ctype": "TextBMFontObjectData"
                      },
                      {
                        "LabelText": "111111",
                        "LabelBMFontFile_CNB": {
                          "Type": "Normal",
                          "Path": "font/white14-export.fnt",
                          "Plist": ""
                        },
                        "AnchorPoint": {},
                        "Position": {
                          "X": 0.0001,
                          "Y": 77.0
                        },
                        "Scale": {
                          "ScaleX": 1.0,
                          "ScaleY": 1.0
                        },
                        "CColor": {
                          "B": 0
                        },
                        "IconVisible": false,
                        "PrePosition": {
                          "X": 0.0,
                          "Y": 0.4053
                        },
                        "PreSize": {
                          "X": 0.3714,
                          "Y": 0.0947
                        },
                        "LeftMargin": 0.0001,
                        "RightMargin": 87.9999,
                        "TopMargin": 95.0,
                        "BottomMargin": 77.0,
                        "Tag": 92,
                        "ActionTag": -2104887408,
                        "Size": {
                          "X": 52.0,
                          "Y": 18.0
                        },
                        "Name": "statistics.total_chest_open",
                        "ctype": "TextBMFontObjectData"
                      },
                      {
                        "LabelText": "111111",
                        "LabelBMFontFile_CNB": {
                          "Type": "Normal",
                          "Path": "font/white14-export.fnt",
                          "Plist": ""
                        },
                        "AnchorPoint": {},
                        "Position": {
                          "X": 0.0001,
                          "Y": 52.0
                        },
                        "Scale": {
                          "ScaleX": 1.0,
                          "ScaleY": 1.0
                        },
                        "CColor": {
                          "B": 0
                        },
                        "IconVisible": false,
                        "PrePosition": {
                          "X": 0.0,
                          "Y": 0.2737
                        },
                        "PreSize": {
                          "X": 0.3714,
                          "Y": 0.0947
                        },
                        "LeftMargin": 0.0001,
                        "RightMargin": 87.9999,
                        "TopMargin": 120.0,
                        "BottomMargin": 52.0,
                        "Tag": 93,
                        "ActionTag": 1797230862,
                        "Size": {
                          "X": 52.0,
                          "Y": 18.0
                        },
                        "Name": "statistics.total_enemy_kill",
                        "ctype": "TextBMFontObjectData"
                      },
                      {
                        "LabelText": "111111",
                        "LabelBMFontFile_CNB": {
                          "Type": "Normal",
                          "Path": "font/white14-export.fnt",
                          "Plist": ""
                        },
                        "AnchorPoint": {},
                        "Position": {
                          "X": 0.0001,
                          "Y": 27.0
                        },
                        "Scale": {
                          "ScaleX": 1.0,
                          "ScaleY": 1.0
                        },
                        "CColor": {
                          "B": 0
                        },
                        "IconVisible": false,
                        "PrePosition": {
                          "X": 0.0,
                          "Y": 0.1421
                        },
                        "PreSize": {
                          "X": 0.3714,
                          "Y": 0.0947
                        },
                        "LeftMargin": 0.0001,
                        "RightMargin": 87.9999,
                        "TopMargin": 145.0,
                        "BottomMargin": 27.0,
                        "Tag": 94,
                        "ActionTag": -1044715413,
                        "Size": {
                          "X": 52.0,
                          "Y": 18.0
                        },
                        "Name": "statistics.total_boss_kill",
                        "ctype": "TextBMFontObjectData"
                      },
                      {
                        "LabelText": "111111",
                        "LabelBMFontFile_CNB": {
                          "Type": "Normal",
                          "Path": "font/white14-export.fnt",
                          "Plist": ""
                        },
                        "AnchorPoint": {},
                        "Position": {
                          "X": 0.0001,
                          "Y": 2.0
                        },
                        "Scale": {
                          "ScaleX": 1.0,
                          "ScaleY": 1.0
                        },
                        "CColor": {
                          "B": 0
                        },
                        "IconVisible": false,
                        "PrePosition": {
                          "X": 0.0,
                          "Y": 0.0105
                        },
                        "PreSize": {
                          "X": 0.3714,
                          "Y": 0.0947
                        },
                        "LeftMargin": 0.0001,
                        "RightMargin": 87.9999,
                        "TopMargin": 170.0,
                        "BottomMargin": 2.0,
                        "Tag": 95,
                        "ActionTag": -1395776310,
                        "Size": {
                          "X": 52.0,
                          "Y": 18.0
                        },
                        "Name": "statistics.total_max_level",
                        "ctype": "TextBMFontObjectData"
                      }
                    ],
                    "ActionTag": 598137377,
                    "Size": {
                      "X": 140.0,
                      "Y": 190.0
                    },
                    "Name": "number",
                    "ctype": "PanelObjectData"
                  }
                ],
                "ActionTag": -1758145486,
                "Size": {
                  "X": 610.0,
                  "Y": 260.0
                },
                "Name": "cumulative",
                "ctype": "PanelObjectData"
              }
            ],
            "ActionTag": -1816649714,
            "Size": {
              "X": 640.0,
              "Y": 740.0
            },
            "Name": "root",
            "ctype": "PanelObjectData"
          }
        ],
        "Size": {
          "X": 640.0,
          "Y": 740.0
        },
        "Name": "Layer",
        "ctype": "LayerObjectData"
      },
      "UsedResources": [
        "font/white14-export.fnt",
        "font/white14-export.png",
        "mainUI/bg_01.png",
        "mainUI/bg_05.png",
        "StatisticsUI.plist",
        "StatisticsUI.png"
      ],
      "ctype": "GameFileData"
    }
  },
  "Type": "Layer"
}