{
  "ID": "8d7b4538-8a7d-4323-9245-dfc16dd61cee",
  "Version": "2.3.3.0",
  "Name": "TextLayer",
  "Content": {
    "Content": {
      "Animation": {
        "Duration": 0,
        "Speed": 1.0,
        "Timelines": [],
        "ctype": "TimelineActionData"
      },
      "AnimationList": [],
      "ObjectData": {
        "Tag": 103,
        "Children": [
          {
            "FontSize": 50,
            "LabelText": "",
            "OutlineColor": {
              "G": 0,
              "B": 0
            },
            "ShadowColor": {
              "R": 110,
              "G": 110,
              "B": 110
            },
            "ShadowOffsetX": 2.0,
            "ShadowOffsetY": -2.0,
            "AnchorPoint": {},
            "Position": {
              "X": 0.0,
              "Y": 0.0
            },
            "Scale": {
              "ScaleX": 1.0,
              "ScaleY": 1.0
            },
            "CColor": {},
            "IconVisible": false,
            "PrePosition": {
              "X": 0.0,
              "Y": 0.0
            },
            "PreSize": {
              "X": 0.0,
              "Y": 0.0
            },
            "RightMargin": 250.0,
            "TopMargin": 50.0,
            "Tag": 104,
            "ActionTag": 934951809,
            "Size": {
              "X": 0.0,
              "Y": 0.0
            },
            "Name": "Text_1",
            "ctype": "TextObjectData"
          }
        ],
        "Size": {
          "X": 250.0,
          "Y": 50.0
        },
        "Name": "Layer",
        "ctype": "LayerObjectData"
      },
      "UsedResources": [],
      "ctype": "GameFileData"
    }
  },
  "Type": "Layer"
}