{
  "ID": "70938f2d-8c7d-4a5a-bda2-51c72165017d",
  "Version": "2.3.3.0",
  "Name": "Tips",
  "Content": {
    "Content": {
      "Animation": {
        "Duration": 0,
        "Speed": 1.0,
        "Timelines": [],
        "ctype": "TimelineActionData"
      },
      "AnimationList": [],
      "ObjectData": {
        "Tag": 53,
        "Children": [
          {
            "BackColorAlpha": 102,
            "SingleColor": {
              "R": 150,
              "G": 200
            },
            "FirstColor": {
              "R": 150,
              "G": 200
            },
            "EndColor": {},
            "ColorVector": {
              "ScaleY": 1.0
            },
            "Scale9Width": 1,
            "Scale9Height": 1,
            "TouchEnable": true,
            "AnchorPoint": {},
            "Position": {
              "X": 0.0,
              "Y": 0.0
            },
            "Scale": {
              "ScaleX": 1.0,
              "ScaleY": 1.0
            },
            "CColor": {},
            "IconVisible": false,
            "PrePosition": {
              "X": 0.0,
              "Y": 0.0
            },
            "PreSize": {
              "X": 1.0,
              "Y": 1.0
            },
            "Tag": 58,
            "Children": [
              {
                "FileData": {
                  "Type": "Normal",
                  "Path": "mainUI/title_bg1.png",
                  "Plist": ""
                },
                "Scale9Width": 394,
                "Scale9Height": 108,
                "AnchorPoint": {},
                "Position": {
                  "X": 0.0,
                  "Y": 0.0
                },
                "Scale": {
                  "ScaleX": 1.0,
                  "ScaleY": 1.0
                },
                "CColor": {},
                "IconVisible": false,
                "PrePosition": {
                  "X": 0.0,
                  "Y": 0.0
                },
                "PreSize": {
                  "X": 1.0,
                  "Y": 1.0
                },
                "Tag": 40,
                "ActionTag": -138313478,
                "Size": {
                  "X": 460.0,
                  "Y": 160.0
                },
                "Name": "bg",
                "ctype": "ImageViewObjectData"
              },
              {
                "IsCustomSize": true,
                "FontSize": 20,
                "LabelText": "一二三四五六七八九十一二三四五六七八九十",
                "HorizontalAlignmentType": "HT_Center",
                "VerticalAlignmentType": "VT_Center",
                "OutlineColor": {
                  "G": 0,
                  "B": 0
                },
                "ShadowColor": {
                  "R": 110,
                  "G": 110,
                  "B": 110
                },
                "ShadowOffsetX": 2.0,
                "ShadowOffsetY": -2.0,
                "AnchorPoint": {
                  "ScaleX": 0.5,
                  "ScaleY": 0.5
                },
                "Position": {
                  "X": 230.0,
                  "Y": 75.7047
                },
                "Scale": {
                  "ScaleX": 1.0,
                  "ScaleY": 1.0
                },
                "CColor": {},
                "IconVisible": false,
                "PrePosition": {
                  "X": 0.5,
                  "Y": 0.4732
                },
                "PreSize": {
                  "X": 0.8696,
                  "Y": 0.4375
                },
                "LeftMargin": 30.0,
                "RightMargin": 30.0,
                "TopMargin": 49.2953,
                "BottomMargin": 40.7047,
                "Tag": 37,
                "ActionTag": -48941033,
                "Size": {
                  "X": 400.0,
                  "Y": 70.0
                },
                "Name": "text",
                "ctype": "TextObjectData"
              }
            ],
            "ActionTag": -1872793719,
            "Size": {
              "X": 460.0,
              "Y": 160.0
            },
            "Name": "root",
            "ctype": "PanelObjectData"
          }
        ],
        "Size": {
          "X": 460.0,
          "Y": 160.0
        },
        "Name": "Layer",
        "ctype": "LayerObjectData"
      },
      "UsedResources": [
        "mainUI/title_bg1.png"
      ],
      "ctype": "GameFileData"
    }
  },
  "Type": "Layer"
}