{
  "ID": "bb8de4a5-ab82-4324-b389-d0c5e4a05249",
  "Version": "2.3.3.0",
  "Name": "chest04",
  "Content": {
    "Content": {
      "Animation": {
        "Duration": 15,
        "Speed": 0.3333,
        "Timelines": [
          {
            "ActionTag": -1092918593,
            "Property": "FileData",
            "Frames": [
              {
                "TextureFile": {
                  "Type": "MarkedSubImage",
                  "Path": "chest/chest04/chest04_close01.png",
                  "Plist": "chest04.plist"
                },
                "FrameIndex": 0,
                "Tween": false,
                "ctype": "TextureFrameData"
              },
              {
                "TextureFile": {
                  "Type": "MarkedSubImage",
                  "Path": "chest/chest04/chest04_open01.png",
                  "Plist": "chest04.plist"
                },
                "FrameIndex": 3,
                "Tween": false,
                "ctype": "TextureFrameData"
              },
              {
                "TextureFile": {
                  "Type": "MarkedSubImage",
                  "Path": "chest/chest04/chest04_open02.png",
                  "Plist": "chest04.plist"
                },
                "FrameIndex": 6,
                "Tween": false,
                "ctype": "TextureFrameData"
              },
              {
                "TextureFile": {
                  "Type": "MarkedSubImage",
                  "Path": "chest/chest04/chest04_open03.png",
                  "Plist": "chest04.plist"
                },
                "FrameIndex": 9,
                "Tween": false,
                "ctype": "TextureFrameData"
              },
              {
                "TextureFile": {
                  "Type": "MarkedSubImage",
                  "Path": "chest/chest04/chest04_open04.png",
                  "Plist": "chest04.plist"
                },
                "FrameIndex": 12,
                "Tween": false,
                "ctype": "TextureFrameData"
              },
              {
                "TextureFile": {
                  "Type": "MarkedSubImage",
                  "Path": "chest/chest04/chest04_open05.png",
                  "Plist": "chest04.plist"
                },
                "FrameIndex": 15,
                "Tween": false,
                "ctype": "TextureFrameData"
              }
            ],
            "ctype": "TimelineData"
          }
        ],
        "ctype": "TimelineActionData"
      },
      "AnimationList": [
        {
          "StartIndex": 0,
          "EndIndex": 2,
          "Name": "close",
          "ctype": "AnimationInfoData"
        },
        {
          "StartIndex": 3,
          "EndIndex": 15,
          "Name": "open",
          "ctype": "AnimationInfoData"
        }
      ],
      "ObjectData": {
        "Tag": 25,
        "Children": [
          {
            "FileData": {
              "Type": "MarkedSubImage",
              "Path": "chest/chest04/chest04_open04.png",
              "Plist": "chest04.plist"
            },
            "BlendFunc": {
              "Src": 770,
              "Dst": 771
            },
            "AnchorPoint": {
              "ScaleX": 0.5,
              "ScaleY": 0.5
            },
            "Position": {
              "X": 0.0,
              "Y": 0.0
            },
            "Scale": {
              "ScaleX": 1.0,
              "ScaleY": 1.0
            },
            "CColor": {},
            "IconVisible": false,
            "PrePosition": {
              "X": 0.0,
              "Y": 0.0
            },
            "PreSize": {
              "X": 0.0,
              "Y": 0.0
            },
            "LeftMargin": -68.5,
            "RightMargin": -68.5,
            "TopMargin": -56.5,
            "BottomMargin": -56.5,
            "Tag": 26,
            "ActionTag": -1092918593,
            "Size": {
              "X": 137.0,
              "Y": 113.0
            },
            "Name": "chest",
            "ctype": "SpriteObjectData"
          }
        ],
        "Size": {
          "X": 0.0,
          "Y": 0.0
        },
        "Name": "Node",
        "ctype": "SingleNodeObjectData"
      },
      "UsedResources": [
        "chest04.plist",
        "chest04.png"
      ],
      "ctype": "GameFileData"
    }
  },
  "Type": "Node"
}