{
  "ID": "982503fb-2f01-4218-9894-090f78690689",
  "Version": "2.3.3.0",
  "Name": "diamond01",
  "Content": {
    "Content": {
      "Animation": {
        "Duration": 3,
        "Speed": 0.3333,
        "Timelines": [
          {
            "ActionTag": -1640861004,
            "Property": "FileData",
            "Frames": [
              {
                "TextureFile": {
                  "Type": "MarkedSubImage",
                  "Path": "material/diamond/diamond_shine01.png",
                  "Plist": "diamond01.plist"
                },
                "FrameIndex": 0,
                "Tween": false,
                "ctype": "TextureFrameData"
              },
              {
                "TextureFile": {
                  "Type": "MarkedSubImage",
                  "Path": "material/diamond/diamond_shine02.png",
                  "Plist": "diamond01.plist"
                },
                "FrameIndex": 3,
                "Tween": false,
                "ctype": "TextureFrameData"
              }
            ],
            "ctype": "TimelineData"
          }
        ],
        "ctype": "TimelineActionData"
      },
      "AnimationList": [
        {
          "StartIndex": 0,
          "EndIndex": 3,
          "Name": "shine",
          "ctype": "AnimationInfoData"
        }
      ],
      "ObjectData": {
        "Tag": 7,
        "Children": [
          {
            "FileData": {
              "Type": "MarkedSubImage",
              "Path": "material/diamond/diamond_shine01.png",
              "Plist": "diamond01.plist"
            },
            "BlendFunc": {
              "Src": 770,
              "Dst": 771
            },
            "AnchorPoint": {
              "ScaleX": 0.5,
              "ScaleY": 0.5
            },
            "Position": {
              "X": 0.0,
              "Y": 0.0
            },
            "Scale": {
              "ScaleX": 1.0,
              "ScaleY": 1.0
            },
            "CColor": {},
            "IconVisible": false,
            "PrePosition": {
              "X": 0.0,
              "Y": 0.0
            },
            "PreSize": {
              "X": 0.0,
              "Y": 0.0
            },
            "LeftMargin": -23.0,
            "RightMargin": -23.0,
            "TopMargin": -23.0,
            "BottomMargin": -23.0,
            "Tag": 8,
            "ActionTag": -1640861004,
            "Size": {
              "X": 30.0,
              "Y": 30.0
            },
            "Name": "diamond01",
            "ctype": "SpriteObjectData"
          }
        ],
        "Size": {
          "X": 0.0,
          "Y": 0.0
        },
        "Name": "Node",
        "ctype": "SingleNodeObjectData"
      },
      "UsedResources": [
        "diamond01.plist",
        "diamond01.png"
      ],
      "ctype": "GameFileData"
    }
  },
  "Type": "Node"
}