{
  "ID": "71dea683-c62f-478a-88a1-da0e352e0057",
  "Version": "2.3.3.0",
  "Name": "effect5003",
  "Content": {
    "Content": {
      "Animation": {
        "Duration": 30,
        "Speed": 0.3333,
        "Timelines": [
          {
            "ActionTag": -1195998427,
            "Property": "FileData",
            "Frames": [
              {
                "TextureFile": {
                  "Type": "MarkedSubImage",
                  "Path": "effect/effect5003/effect5003_01.png",
                  "Plist": "effect5003.plist"
                },
                "FrameIndex": 0,
                "Tween": false,
                "ctype": "TextureFrameData"
              },
              {
                "TextureFile": {
                  "Type": "MarkedSubImage",
                  "Path": "effect/effect5003/effect5003_02.png",
                  "Plist": "effect5003.plist"
                },
                "FrameIndex": 3,
                "Tween": false,
                "ctype": "TextureFrameData"
              },
              {
                "TextureFile": {
                  "Type": "MarkedSubImage",
                  "Path": "effect/effect5003/effect5003_03.png",
                  "Plist": "effect5003.plist"
                },
                "FrameIndex": 6,
                "Tween": false,
                "ctype": "TextureFrameData"
              },
              {
                "TextureFile": {
                  "Type": "MarkedSubImage",
                  "Path": "effect/effect5003/effect5003_04.png",
                  "Plist": "effect5003.plist"
                },
                "FrameIndex": 9,
                "Tween": false,
                "ctype": "TextureFrameData"
              },
              {
                "TextureFile": {
                  "Type": "MarkedSubImage",
                  "Path": "effect/effect5003/effect5003_05.png",
                  "Plist": "effect5003.plist"
                },
                "FrameIndex": 12,
                "Tween": false,
                "ctype": "TextureFrameData"
              },
              {
                "TextureFile": {
                  "Type": "MarkedSubImage",
                  "Path": "effect/effect5003/effect5003_06.png",
                  "Plist": "effect5003.plist"
                },
                "FrameIndex": 15,
                "Tween": false,
                "ctype": "TextureFrameData"
              },
              {
                "TextureFile": {
                  "Type": "MarkedSubImage",
                  "Path": "effect/effect5003/effect5003_07.png",
                  "Plist": "effect5003.plist"
                },
                "FrameIndex": 18,
                "Tween": false,
                "ctype": "TextureFrameData"
              },
              {
                "TextureFile": {
                  "Type": "MarkedSubImage",
                  "Path": "effect/effect5003/effect5003_08.png",
                  "Plist": "effect5003.plist"
                },
                "FrameIndex": 21,
                "Tween": false,
                "ctype": "TextureFrameData"
              },
              {
                "TextureFile": {
                  "Type": "MarkedSubImage",
                  "Path": "effect/effect5003/effect5003_09.png",
                  "Plist": "effect5003.plist"
                },
                "FrameIndex": 24,
                "Tween": false,
                "ctype": "TextureFrameData"
              },
              {
                "TextureFile": {
                  "Type": "MarkedSubImage",
                  "Path": "effect/effect5003/effect5003_10.png",
                  "Plist": "effect5003.plist"
                },
                "FrameIndex": 27,
                "Tween": false,
                "ctype": "TextureFrameData"
              },
              {
                "TextureFile": {
                  "Type": "MarkedSubImage",
                  "Path": "effect/effect5003/effect5003_11.png",
                  "Plist": "effect5003.plist"
                },
                "FrameIndex": 30,
                "Tween": false,
                "ctype": "TextureFrameData"
              }
            ],
            "ctype": "TimelineData"
          },
          {
            "ActionTag": -1195998427,
            "Property": "Position",
            "Frames": [
              {
                "X": 1.9998,
                "Y": 2.0,
                "FrameIndex": 0,
                "EasingData": {
                  "Type": 0
                },
                "ctype": "PointFrameData"
              },
              {
                "X": 5.9994,
                "Y": -1.0,
                "FrameIndex": 3,
                "EasingData": {
                  "Type": 0
                },
                "ctype": "PointFrameData"
              },
              {
                "X": 1.0505,
                "Y": 1.8204,
                "FrameIndex": 6,
                "EasingData": {
                  "Type": 0
                },
                "ctype": "PointFrameData"
              },
              {
                "X": -1.9495,
                "Y": -1.1796,
                "FrameIndex": 9,
                "EasingData": {
                  "Type": 0
                },
                "ctype": "PointFrameData"
              },
              {
                "X": -1.9495,
                "Y": -2.1796,
                "FrameIndex": 12,
                "EasingData": {
                  "Type": 0
                },
                "ctype": "PointFrameData"
              },
              {
                "X": -0.9495,
                "Y": 0.8203,
                "FrameIndex": 15,
                "EasingData": {
                  "Type": 0
                },
                "ctype": "PointFrameData"
              },
              {
                "X": -0.9496,
                "Y": 2.8203,
                "FrameIndex": 18,
                "EasingData": {
                  "Type": 0
                },
                "ctype": "PointFrameData"
              },
              {
                "X": -1.9496,
                "Y": 1.8203,
                "FrameIndex": 21,
                "EasingData": {
                  "Type": 0
                },
                "ctype": "PointFrameData"
              },
              {
                "X": -1.9496,
                "Y": 1.8203,
                "FrameIndex": 24,
                "EasingData": {
                  "Type": 0
                },
                "ctype": "PointFrameData"
              },
              {
                "X": -2.9497,
                "Y": -0.1797,
                "FrameIndex": 27,
                "EasingData": {
                  "Type": 0
                },
                "ctype": "PointFrameData"
              },
              {
                "X": -2.9497,
                "Y": -0.1798,
                "FrameIndex": 30,
                "EasingData": {
                  "Type": 0
                },
                "ctype": "PointFrameData"
              }
            ],
            "ctype": "TimelineData"
          }
        ],
        "ctype": "TimelineActionData"
      },
      "AnimationList": [
        {
          "StartIndex": 0,
          "EndIndex": 30,
          "Name": "boom",
          "ctype": "AnimationInfoData"
        }
      ],
      "ObjectData": {
        "Tag": 5,
        "Children": [
          {
            "FileData": {
              "Type": "MarkedSubImage",
              "Path": "effect/effect5003/effect5003_01.png",
              "Plist": "effect5003.plist"
            },
            "BlendFunc": {
              "Src": 770,
              "Dst": 771
            },
            "AnchorPoint": {
              "ScaleX": 0.5,
              "ScaleY": 0.5
            },
            "Position": {
              "X": 1.9998,
              "Y": 2.0
            },
            "Scale": {
              "ScaleX": 1.0,
              "ScaleY": 1.0
            },
            "CColor": {},
            "IconVisible": false,
            "PrePosition": {
              "X": 0.0,
              "Y": 0.0
            },
            "PreSize": {
              "X": 0.0,
              "Y": 0.0
            },
            "LeftMargin": -71.0002,
            "RightMargin": -74.9998,
            "TopMargin": -76.5,
            "BottomMargin": -72.5,
            "Tag": 8,
            "ActionTag": -1195998427,
            "Size": {
              "X": 146.0,
              "Y": 149.0
            },
            "Name": "effect5003",
            "ctype": "SpriteObjectData"
          }
        ],
        "Size": {
          "X": 0.0,
          "Y": 0.0
        },
        "Name": "Node",
        "ctype": "SingleNodeObjectData"
      },
      "UsedResources": [
        "effect5003.plist",
        "effect5003.png"
      ],
      "ctype": "GameFileData"
    }
  },
  "Type": "Node"
}