{
  "ID": "bee138fa-e7d0-4815-a1c6-42f910cfc810",
  "Version": "2.3.3.0",
  "Name": "effect5001",
  "Content": {
    "Content": {
      "Animation": {
        "Duration": 20,
        "Speed": 0.5,
        "Timelines": [
          {
            "ActionTag": -851192098,
            "Property": "Position",
            "Frames": [
              {
                "X": 0.7628,
                "Y": -27.7465,
                "FrameIndex": 0,
                "EasingData": {
                  "Type": 0
                },
                "ctype": "PointFrameData"
              },
              {
                "X": 4.7627,
                "Y": -25.7465,
                "FrameIndex": 2,
                "EasingData": {
                  "Type": 0
                },
                "ctype": "PointFrameData"
              },
              {
                "X": -0.0221,
                "Y": -23.8757,
                "FrameIndex": 4,
                "EasingData": {
                  "Type": 0
                },
                "ctype": "PointFrameData"
              },
              {
                "X": -0.0501,
                "Y": -25.5934,
                "FrameIndex": 6,
                "EasingData": {
                  "Type": 0
                },
                "ctype": "PointFrameData"
              },
              {
                "X": -0.1701,
                "Y": -24.9777,
                "FrameIndex": 8,
                "EasingData": {
                  "Type": 0
                },
                "ctype": "PointFrameData"
              },
              {
                "X": 1.2101,
                "Y": -23.8621,
                "FrameIndex": 10,
                "EasingData": {
                  "Type": 0
                },
                "ctype": "PointFrameData"
              },
              {
                "X": 12.5902,
                "Y": -26.7464,
                "FrameIndex": 12,
                "EasingData": {
                  "Type": 0
                },
                "ctype": "PointFrameData"
              },
              {
                "X": 12.5902,
                "Y": -28.1085,
                "FrameIndex": 14,
                "EasingData": {
                  "Type": 0
                },
                "ctype": "PointFrameData"
              }
            ],
            "ctype": "TimelineData"
          },
          {
            "ActionTag": -851192098,
            "Property": "FileData",
            "Frames": [
              {
                "TextureFile": {
                  "Type": "MarkedSubImage",
                  "Path": "effect/effect5001/effect5001_01.png",
                  "Plist": "effect5001.plist"
                },
                "FrameIndex": 0,
                "Tween": false,
                "ctype": "TextureFrameData"
              },
              {
                "TextureFile": {
                  "Type": "MarkedSubImage",
                  "Path": "effect/effect5001/effect5001_02.png",
                  "Plist": "effect5001.plist"
                },
                "FrameIndex": 2,
                "Tween": false,
                "ctype": "TextureFrameData"
              },
              {
                "TextureFile": {
                  "Type": "MarkedSubImage",
                  "Path": "effect/effect5001/effect5001_03.png",
                  "Plist": "effect5001.plist"
                },
                "FrameIndex": 4,
                "Tween": false,
                "ctype": "TextureFrameData"
              },
              {
                "TextureFile": {
                  "Type": "MarkedSubImage",
                  "Path": "effect/effect5001/effect5001_04.png",
                  "Plist": "effect5001.plist"
                },
                "FrameIndex": 6,
                "Tween": false,
                "ctype": "TextureFrameData"
              },
              {
                "TextureFile": {
                  "Type": "MarkedSubImage",
                  "Path": "effect/effect5001/effect5001_05.png",
                  "Plist": "effect5001.plist"
                },
                "FrameIndex": 8,
                "Tween": false,
                "ctype": "TextureFrameData"
              },
              {
                "TextureFile": {
                  "Type": "MarkedSubImage",
                  "Path": "effect/effect5001/effect5001_06.png",
                  "Plist": "effect5001.plist"
                },
                "FrameIndex": 10,
                "Tween": false,
                "ctype": "TextureFrameData"
              },
              {
                "TextureFile": {
                  "Type": "MarkedSubImage",
                  "Path": "effect/effect5001/effect5001_07.png",
                  "Plist": "effect5001.plist"
                },
                "FrameIndex": 12,
                "Tween": false,
                "ctype": "TextureFrameData"
              },
              {
                "TextureFile": {
                  "Type": "MarkedSubImage",
                  "Path": "effect/effect5001/effect5001_08.png",
                  "Plist": "effect5001.plist"
                },
                "FrameIndex": 14,
                "Tween": false,
                "ctype": "TextureFrameData"
              },
              {
                "TextureFile": {
                  "Type": "MarkedSubImage",
                  "Path": "effect/effect5001/effect5001_09.png",
                  "Plist": "effect5001.plist"
                },
                "FrameIndex": 16,
                "Tween": false,
                "ctype": "TextureFrameData"
              },
              {
                "TextureFile": {
                  "Type": "MarkedSubImage",
                  "Path": "effect/effect5001/effect5001_10.png",
                  "Plist": "effect5001.plist"
                },
                "FrameIndex": 18,
                "Tween": false,
                "ctype": "TextureFrameData"
              },
              {
                "TextureFile": {
                  "Type": "MarkedSubImage",
                  "Path": "effect/effect5001/effect5001_11.png",
                  "Plist": "effect5001.plist"
                },
                "FrameIndex": 20,
                "Tween": false,
                "ctype": "TextureFrameData"
              }
            ],
            "ctype": "TimelineData"
          }
        ],
        "ctype": "TimelineActionData"
      },
      "AnimationList": [
        {
          "StartIndex": 0,
          "EndIndex": 20,
          "Name": "boom",
          "ctype": "AnimationInfoData"
        }
      ],
      "ObjectData": {
        "Tag": 9,
        "Children": [
          {
            "FileData": {
              "Type": "MarkedSubImage",
              "Path": "effect/effect5001/effect5001_01.png",
              "Plist": "effect5001.plist"
            },
            "BlendFunc": {
              "Src": 770,
              "Dst": 771
            },
            "AnchorPoint": {
              "ScaleX": 0.5
            },
            "Position": {
              "X": 0.7628,
              "Y": -27.7465
            },
            "Scale": {
              "ScaleX": 1.0,
              "ScaleY": 1.0
            },
            "CColor": {},
            "IconVisible": false,
            "PrePosition": {
              "X": 0.0,
              "Y": 0.0
            },
            "PreSize": {
              "X": 0.0,
              "Y": 0.0
            },
            "LeftMargin": -89.7372,
            "RightMargin": -91.2628,
            "TopMargin": -96.2535,
            "BottomMargin": -27.7465,
            "Tag": 6,
            "ActionTag": -851192098,
            "Size": {
              "X": 181.0,
              "Y": 124.0
            },
            "Name": "effect5001",
            "ctype": "SpriteObjectData"
          }
        ],
        "Size": {
          "X": 0.0,
          "Y": 0.0
        },
        "Name": "Node",
        "ctype": "SingleNodeObjectData"
      },
      "UsedResources": [
        "effect5001.plist",
        "effect5001.png"
      ],
      "ctype": "GameFileData"
    }
  },
  "Type": "Node"
}