{
  "ID": "a5de6526-61bc-477a-ab26-702fad180b87",
  "Version": "2.3.3.0",
  "Name": "effect5005",
  "Content": {
    "Content": {
      "Animation": {
        "Duration": 27,
        "Speed": 0.3333,
        "Timelines": [
          {
            "ActionTag": -1797925752,
            "Property": "Position",
            "Frames": [
              {
                "X": -5.2921,
                "Y": 194.1379,
                "FrameIndex": 0,
                "EasingData": {
                  "Type": 0
                },
                "ctype": "PointFrameData"
              },
              {
                "X": -4.2919,
                "Y": 166.1382,
                "FrameIndex": 3,
                "EasingData": {
                  "Type": 0
                },
                "ctype": "PointFrameData"
              },
              {
                "X": -0.292,
                "Y": 123.1389,
                "FrameIndex": 6,
                "EasingData": {
                  "Type": 0
                },
                "ctype": "PointFrameData"
              },
              {
                "X": -0.292,
                "Y": 69.1394,
                "FrameIndex": 9,
                "EasingData": {
                  "Type": 0
                },
                "ctype": "PointFrameData"
              },
              {
                "X": -5.2918,
                "Y": 84.1395,
                "FrameIndex": 12,
                "EasingData": {
                  "Type": 0
                },
                "ctype": "PointFrameData"
              },
              {
                "X": -2.2919,
                "Y": 84.1394,
                "FrameIndex": 15,
                "EasingData": {
                  "Type": 0
                },
                "ctype": "PointFrameData"
              },
              {
                "X": -3.2919,
                "Y": 85.1395,
                "FrameIndex": 18,
                "EasingData": {
                  "Type": 0
                },
                "ctype": "PointFrameData"
              },
              {
                "X": -3.0607,
                "Y": 86.0364,
                "FrameIndex": 21,
                "EasingData": {
                  "Type": 0
                },
                "ctype": "PointFrameData"
              },
              {
                "X": -6.1887,
                "Y": 88.6005,
                "FrameIndex": 24,
                "EasingData": {
                  "Type": 0
                },
                "ctype": "PointFrameData"
              },
              {
                "X": -5.3165,
                "Y": 85.6003,
                "FrameIndex": 27,
                "EasingData": {
                  "Type": 0
                },
                "ctype": "PointFrameData"
              }
            ],
            "ctype": "TimelineData"
          },
          {
            "ActionTag": -1797925752,
            "Property": "FileData",
            "Frames": [
              {
                "TextureFile": {
                  "Type": "MarkedSubImage",
                  "Path": "effect/effect5005/effect5005_01.png",
                  "Plist": "effect5005.plist"
                },
                "FrameIndex": 0,
                "Tween": false,
                "ctype": "TextureFrameData"
              },
              {
                "TextureFile": {
                  "Type": "MarkedSubImage",
                  "Path": "effect/effect5005/effect5005_02.png",
                  "Plist": "effect5005.plist"
                },
                "FrameIndex": 3,
                "Tween": false,
                "ctype": "TextureFrameData"
              },
              {
                "TextureFile": {
                  "Type": "MarkedSubImage",
                  "Path": "effect/effect5005/effect5005_03.png",
                  "Plist": "effect5005.plist"
                },
                "FrameIndex": 6,
                "Tween": false,
                "ctype": "TextureFrameData"
              },
              {
                "TextureFile": {
                  "Type": "MarkedSubImage",
                  "Path": "effect/effect5005/effect5005_04.png",
                  "Plist": "effect5005.plist"
                },
                "FrameIndex": 9,
                "Tween": false,
                "ctype": "TextureFrameData"
              },
              {
                "TextureFile": {
                  "Type": "MarkedSubImage",
                  "Path": "effect/effect5005/effect5005_05.png",
                  "Plist": "effect5005.plist"
                },
                "FrameIndex": 12,
                "Tween": false,
                "ctype": "TextureFrameData"
              },
              {
                "TextureFile": {
                  "Type": "MarkedSubImage",
                  "Path": "effect/effect5005/effect5005_06.png",
                  "Plist": "effect5005.plist"
                },
                "FrameIndex": 15,
                "Tween": false,
                "ctype": "TextureFrameData"
              },
              {
                "TextureFile": {
                  "Type": "MarkedSubImage",
                  "Path": "effect/effect5005/effect5005_07.png",
                  "Plist": "effect5005.plist"
                },
                "FrameIndex": 18,
                "Tween": false,
                "ctype": "TextureFrameData"
              },
              {
                "TextureFile": {
                  "Type": "MarkedSubImage",
                  "Path": "effect/effect5005/effect5005_08.png",
                  "Plist": "effect5005.plist"
                },
                "FrameIndex": 21,
                "Tween": false,
                "ctype": "TextureFrameData"
              },
              {
                "TextureFile": {
                  "Type": "MarkedSubImage",
                  "Path": "effect/effect5005/effect5005_09.png",
                  "Plist": "effect5005.plist"
                },
                "FrameIndex": 24,
                "Tween": false,
                "ctype": "TextureFrameData"
              },
              {
                "TextureFile": {
                  "Type": "MarkedSubImage",
                  "Path": "effect/effect5005/effect5005_10.png",
                  "Plist": "effect5005.plist"
                },
                "FrameIndex": 27,
                "Tween": false,
                "ctype": "TextureFrameData"
              }
            ],
            "ctype": "TimelineData"
          }
        ],
        "ctype": "TimelineActionData"
      },
      "AnimationList": [
        {
          "StartIndex": 0,
          "EndIndex": 27,
          "Name": "boom",
          "ctype": "AnimationInfoData"
        }
      ],
      "ObjectData": {
        "Tag": 16,
        "Children": [
          {
            "FileData": {
              "Type": "MarkedSubImage",
              "Path": "effect/effect5005/effect5005_01.png",
              "Plist": "effect5005.plist"
            },
            "BlendFunc": {
              "Src": 770,
              "Dst": 771
            },
            "AnchorPoint": {
              "ScaleX": 0.5,
              "ScaleY": 0.5
            },
            "Position": {
              "X": -5.2921,
              "Y": 194.1379
            },
            "Scale": {
              "ScaleX": 1.0,
              "ScaleY": 1.0
            },
            "CColor": {},
            "IconVisible": false,
            "PrePosition": {
              "X": 0.0,
              "Y": 0.0
            },
            "PreSize": {
              "X": 0.0,
              "Y": 0.0
            },
            "LeftMargin": -89.2921,
            "RightMargin": -78.7079,
            "TopMargin": -294.1379,
            "BottomMargin": 94.1379,
            "Tag": 17,
            "ActionTag": -1797925752,
            "Size": {
              "X": 168.0,
              "Y": 200.0
            },
            "Name": "effect5005",
            "ctype": "SpriteObjectData"
          }
        ],
        "Size": {
          "X": 0.0,
          "Y": 0.0
        },
        "Name": "Node",
        "ctype": "SingleNodeObjectData"
      },
      "UsedResources": [
        "effect5005.plist",
        "effect5005.png"
      ],
      "ctype": "GameFileData"
    }
  },
  "Type": "Node"
}