{
  "ID": "04a35055-0ff4-48ac-89c2-eaa3ce0a4ad6",
  "Version": "2.3.3.0",
  "Name": "effect5004",
  "Content": {
    "Content": {
      "Animation": {
        "Duration": 24,
        "Speed": 0.3333,
        "Timelines": [
          {
            "ActionTag": -1212121630,
            "Property": "Position",
            "Frames": [
              {
                "X": -0.1803,
                "Y": 98.1509,
                "FrameIndex": 0,
                "EasingData": {
                  "Type": 0
                },
                "ctype": "PointFrameData"
              },
              {
                "X": -0.2823,
                "Y": 97.587,
                "FrameIndex": 3,
                "EasingData": {
                  "Type": 0
                },
                "ctype": "PointFrameData"
              },
              {
                "X": 1.3846,
                "Y": 98.0996,
                "FrameIndex": 6,
                "EasingData": {
                  "Type": 0
                },
                "ctype": "PointFrameData"
              },
              {
                "X": 2.4365,
                "Y": 99.0996,
                "FrameIndex": 9,
                "EasingData": {
                  "Type": 0
                },
                "ctype": "PointFrameData"
              },
              {
                "X": 3.7183,
                "Y": 99.7535,
                "FrameIndex": 12,
                "EasingData": {
                  "Type": 0
                },
                "ctype": "PointFrameData"
              },
              {
                "X": 5.2567,
                "Y": 99.9714,
                "FrameIndex": 15,
                "EasingData": {
                  "Type": 0
                },
                "ctype": "PointFrameData"
              },
              {
                "X": 5.3081,
                "Y": 99.4072,
                "FrameIndex": 18,
                "EasingData": {
                  "Type": 0
                },
                "ctype": "PointFrameData"
              },
              {
                "X": 5.4357,
                "Y": 98.7149,
                "FrameIndex": 21,
                "EasingData": {
                  "Type": 0
                },
                "ctype": "PointFrameData"
              },
              {
                "X": 3.1281,
                "Y": 102.0994,
                "FrameIndex": 24,
                "EasingData": {
                  "Type": 0
                },
                "ctype": "PointFrameData"
              }
            ],
            "ctype": "TimelineData"
          },
          {
            "ActionTag": -1212121630,
            "Property": "FileData",
            "Frames": [
              {
                "TextureFile": {
                  "Type": "MarkedSubImage",
                  "Path": "effect/effect5004/effect5004_01.png",
                  "Plist": "effect5004.plist"
                },
                "FrameIndex": 0,
                "Tween": false,
                "ctype": "TextureFrameData"
              },
              {
                "TextureFile": {
                  "Type": "MarkedSubImage",
                  "Path": "effect/effect5004/effect5004_02.png",
                  "Plist": "effect5004.plist"
                },
                "FrameIndex": 3,
                "Tween": false,
                "ctype": "TextureFrameData"
              },
              {
                "TextureFile": {
                  "Type": "MarkedSubImage",
                  "Path": "effect/effect5004/effect5004_03.png",
                  "Plist": "effect5004.plist"
                },
                "FrameIndex": 6,
                "Tween": false,
                "ctype": "TextureFrameData"
              },
              {
                "TextureFile": {
                  "Type": "MarkedSubImage",
                  "Path": "effect/effect5004/effect5004_04.png",
                  "Plist": "effect5004.plist"
                },
                "FrameIndex": 9,
                "Tween": false,
                "ctype": "TextureFrameData"
              },
              {
                "TextureFile": {
                  "Type": "MarkedSubImage",
                  "Path": "effect/effect5004/effect5004_05.png",
                  "Plist": "effect5004.plist"
                },
                "FrameIndex": 12,
                "Tween": false,
                "ctype": "TextureFrameData"
              },
              {
                "TextureFile": {
                  "Type": "MarkedSubImage",
                  "Path": "effect/effect5004/effect5004_06.png",
                  "Plist": "effect5004.plist"
                },
                "FrameIndex": 15,
                "Tween": false,
                "ctype": "TextureFrameData"
              },
              {
                "TextureFile": {
                  "Type": "MarkedSubImage",
                  "Path": "effect/effect5004/effect5004_07.png",
                  "Plist": "effect5004.plist"
                },
                "FrameIndex": 18,
                "Tween": false,
                "ctype": "TextureFrameData"
              },
              {
                "TextureFile": {
                  "Type": "MarkedSubImage",
                  "Path": "effect/effect5004/effect5004_08.png",
                  "Plist": "effect5004.plist"
                },
                "FrameIndex": 21,
                "Tween": false,
                "ctype": "TextureFrameData"
              },
              {
                "TextureFile": {
                  "Type": "MarkedSubImage",
                  "Path": "effect/effect5004/effect5004_09.png",
                  "Plist": "effect5004.plist"
                },
                "FrameIndex": 24,
                "Tween": false,
                "ctype": "TextureFrameData"
              }
            ],
            "ctype": "TimelineData"
          }
        ],
        "ctype": "TimelineActionData"
      },
      "AnimationList": [
        {
          "StartIndex": 0,
          "EndIndex": 24,
          "Name": "boom",
          "ctype": "AnimationInfoData"
        }
      ],
      "ObjectData": {
        "Tag": 13,
        "Children": [
          {
            "FileData": {
              "Type": "MarkedSubImage",
              "Path": "effect/effect5004/effect5004_01.png",
              "Plist": "effect5004.plist"
            },
            "BlendFunc": {
              "Src": 770,
              "Dst": 771
            },
            "AnchorPoint": {
              "ScaleX": 0.5,
              "ScaleY": 0.5
            },
            "Position": {
              "X": -0.1803,
              "Y": 98.1509
            },
            "Scale": {
              "ScaleX": 1.0,
              "ScaleY": 1.0
            },
            "CColor": {},
            "IconVisible": false,
            "PrePosition": {
              "X": 0.0,
              "Y": 0.0
            },
            "PreSize": {
              "X": 0.0,
              "Y": 0.0
            },
            "LeftMargin": -91.6803,
            "RightMargin": -91.3197,
            "TopMargin": -256.1509,
            "BottomMargin": -59.8491,
            "Tag": 14,
            "ActionTag": -1212121630,
            "Size": {
              "X": 183.0,
              "Y": 316.0
            },
            "Name": "effect5004",
            "ctype": "SpriteObjectData"
          }
        ],
        "Size": {
          "X": 0.0,
          "Y": 0.0
        },
        "Name": "Node",
        "ctype": "SingleNodeObjectData"
      },
      "UsedResources": [
        "effect5004.plist",
        "effect5004.png"
      ],
      "ctype": "GameFileData"
    }
  },
  "Type": "Node"
}