{
  "ID": "d5985f5d-6202-421b-a57d-afeb22f0cc29",
  "Version": "2.3.3.0",
  "Name": "effect5000",
  "Content": {
    "Content": {
      "Animation": {
        "Duration": 38,
        "Speed": 0.5,
        "Timelines": [
          {
            "ActionTag": 537988529,
            "Property": "FileData",
            "Frames": [
              {
                "TextureFile": {
                  "Type": "MarkedSubImage",
                  "Path": "effect/effect5000/effect5000_a01.png",
                  "Plist": "effect5000.plist"
                },
                "FrameIndex": 0,
                "Tween": false,
                "ctype": "TextureFrameData"
              },
              {
                "TextureFile": {
                  "Type": "MarkedSubImage",
                  "Path": "effect/effect5000/effect5000_a02.png",
                  "Plist": "effect5000.plist"
                },
                "FrameIndex": 2,
                "Tween": false,
                "ctype": "TextureFrameData"
              },
              {
                "TextureFile": {
                  "Type": "MarkedSubImage",
                  "Path": "effect/effect5000/effect5000_a03.png",
                  "Plist": "effect5000.plist"
                },
                "FrameIndex": 4,
                "Tween": false,
                "ctype": "TextureFrameData"
              },
              {
                "TextureFile": {
                  "Type": "MarkedSubImage",
                  "Path": "effect/effect5000/effect5000_a04.png",
                  "Plist": "effect5000.plist"
                },
                "FrameIndex": 6,
                "Tween": false,
                "ctype": "TextureFrameData"
              },
              {
                "TextureFile": {
                  "Type": "MarkedSubImage",
                  "Path": "effect/effect5000/effect5000_a05.png",
                  "Plist": "effect5000.plist"
                },
                "FrameIndex": 8,
                "Tween": false,
                "ctype": "TextureFrameData"
              },
              {
                "TextureFile": {
                  "Type": "MarkedSubImage",
                  "Path": "effect/effect5000/effect5000_b01.png",
                  "Plist": "effect5000.plist"
                },
                "FrameIndex": 10,
                "Tween": false,
                "ctype": "TextureFrameData"
              },
              {
                "TextureFile": {
                  "Type": "MarkedSubImage",
                  "Path": "effect/effect5000/effect5000_b02.png",
                  "Plist": "effect5000.plist"
                },
                "FrameIndex": 12,
                "Tween": false,
                "ctype": "TextureFrameData"
              },
              {
                "TextureFile": {
                  "Type": "MarkedSubImage",
                  "Path": "effect/effect5000/effect5000_b03.png",
                  "Plist": "effect5000.plist"
                },
                "FrameIndex": 14,
                "Tween": false,
                "ctype": "TextureFrameData"
              },
              {
                "TextureFile": {
                  "Type": "MarkedSubImage",
                  "Path": "effect/effect5000/effect5000_b04.png",
                  "Plist": "effect5000.plist"
                },
                "FrameIndex": 16,
                "Tween": false,
                "ctype": "TextureFrameData"
              },
              {
                "TextureFile": {
                  "Type": "MarkedSubImage",
                  "Path": "effect/effect5000/effect5000_b05.png",
                  "Plist": "effect5000.plist"
                },
                "FrameIndex": 18,
                "Tween": false,
                "ctype": "TextureFrameData"
              },
              {
                "TextureFile": {
                  "Type": "MarkedSubImage",
                  "Path": "effect/effect5000/effect5000_c01.png",
                  "Plist": "effect5000.plist"
                },
                "FrameIndex": 20,
                "Tween": false,
                "ctype": "TextureFrameData"
              },
              {
                "TextureFile": {
                  "Type": "MarkedSubImage",
                  "Path": "effect/effect5000/effect5000_c02.png",
                  "Plist": "effect5000.plist"
                },
                "FrameIndex": 22,
                "Tween": false,
                "ctype": "TextureFrameData"
              },
              {
                "TextureFile": {
                  "Type": "MarkedSubImage",
                  "Path": "effect/effect5000/effect5000_c03.png",
                  "Plist": "effect5000.plist"
                },
                "FrameIndex": 24,
                "Tween": false,
                "ctype": "TextureFrameData"
              },
              {
                "TextureFile": {
                  "Type": "MarkedSubImage",
                  "Path": "effect/effect5000/effect5000_c04.png",
                  "Plist": "effect5000.plist"
                },
                "FrameIndex": 26,
                "Tween": false,
                "ctype": "TextureFrameData"
              },
              {
                "TextureFile": {
                  "Type": "MarkedSubImage",
                  "Path": "effect/effect5000/effect5000_c05.png",
                  "Plist": "effect5000.plist"
                },
                "FrameIndex": 28,
                "Tween": false,
                "ctype": "TextureFrameData"
              },
              {
                "TextureFile": {
                  "Type": "MarkedSubImage",
                  "Path": "effect/effect5000/effect5000_d01.png",
                  "Plist": "effect5000.plist"
                },
                "FrameIndex": 30,
                "Tween": false,
                "ctype": "TextureFrameData"
              },
              {
                "TextureFile": {
                  "Type": "MarkedSubImage",
                  "Path": "effect/effect5000/effect5000_d02.png",
                  "Plist": "effect5000.plist"
                },
                "FrameIndex": 32,
                "Tween": false,
                "ctype": "TextureFrameData"
              },
              {
                "TextureFile": {
                  "Type": "MarkedSubImage",
                  "Path": "effect/effect5000/effect5000_d03.png",
                  "Plist": "effect5000.plist"
                },
                "FrameIndex": 34,
                "Tween": false,
                "ctype": "TextureFrameData"
              },
              {
                "TextureFile": {
                  "Type": "MarkedSubImage",
                  "Path": "effect/effect5000/effect5000_d04.png",
                  "Plist": "effect5000.plist"
                },
                "FrameIndex": 36,
                "Tween": false,
                "ctype": "TextureFrameData"
              },
              {
                "TextureFile": {
                  "Type": "MarkedSubImage",
                  "Path": "effect/effect5000/effect5000_d05.png",
                  "Plist": "effect5000.plist"
                },
                "FrameIndex": 38,
                "Tween": false,
                "ctype": "TextureFrameData"
              }
            ],
            "ctype": "TimelineData"
          }
        ],
        "ctype": "TimelineActionData"
      },
      "AnimationList": [
        {
          "StartIndex": 0,
          "EndIndex": 8,
          "Name": "boom1",
          "ctype": "AnimationInfoData"
        },
        {
          "StartIndex": 10,
          "EndIndex": 18,
          "Name": "boom2",
          "ctype": "AnimationInfoData"
        },
        {
          "StartIndex": 20,
          "EndIndex": 28,
          "Name": "boom3",
          "ctype": "AnimationInfoData"
        },
        {
          "StartIndex": 30,
          "EndIndex": 38,
          "Name": "boom4",
          "ctype": "AnimationInfoData"
        }
      ],
      "ObjectData": {
        "Tag": 5,
        "Children": [
          {
            "FileData": {
              "Type": "MarkedSubImage",
              "Path": "effect/effect5000/effect5000_a01.png",
              "Plist": "effect5000.plist"
            },
            "BlendFunc": {
              "Src": 770,
              "Dst": 771
            },
            "AnchorPoint": {
              "ScaleX": 0.5,
              "ScaleY": 0.5
            },
            "Position": {
              "X": 0.0,
              "Y": 0.0
            },
            "Scale": {
              "ScaleX": 1.0,
              "ScaleY": 1.0
            },
            "CColor": {},
            "IconVisible": false,
            "PrePosition": {
              "X": 0.0,
              "Y": 0.0
            },
            "PreSize": {
              "X": 0.0,
              "Y": 0.0
            },
            "LeftMargin": -137.5,
            "RightMargin": -137.5,
            "TopMargin": -76.0,
            "BottomMargin": -76.0,
            "Tag": 3,
            "ActionTag": 537988529,
            "Size": {
              "X": 275.0,
              "Y": 152.0
            },
            "Name": "effect5000",
            "ctype": "SpriteObjectData"
          }
        ],
        "Size": {
          "X": 0.0,
          "Y": 0.0
        },
        "Name": "Node",
        "ctype": "SingleNodeObjectData"
      },
      "UsedResources": [
        "effect5000.plist",
        "effect5000.png"
      ],
      "ctype": "GameFileData"
    }
  },
  "Type": "Node"
}