{
  "ID": "c46787da-0241-468a-8095-8edd786ecbe4",
  "Version": "2.3.3.0",
  "Name": "effect5002",
  "Content": {
    "Content": {
      "Animation": {
        "Duration": 8,
        "Speed": 0.5,
        "Timelines": [
          {
            "ActionTag": 2054838712,
            "Property": "FileData",
            "Frames": [
              {
                "TextureFile": {
                  "Type": "MarkedSubImage",
                  "Path": "effect/effect5002/effect5002_01.png",
                  "Plist": "effect5002.plist"
                },
                "FrameIndex": 0,
                "Tween": false,
                "ctype": "TextureFrameData"
              },
              {
                "TextureFile": {
                  "Type": "MarkedSubImage",
                  "Path": "effect/effect5002/effect5002_02.png",
                  "Plist": "effect5002.plist"
                },
                "FrameIndex": 2,
                "Tween": false,
                "ctype": "TextureFrameData"
              },
              {
                "TextureFile": {
                  "Type": "MarkedSubImage",
                  "Path": "effect/effect5002/effect5002_03.png",
                  "Plist": "effect5002.plist"
                },
                "FrameIndex": 4,
                "Tween": false,
                "ctype": "TextureFrameData"
              },
              {
                "TextureFile": {
                  "Type": "MarkedSubImage",
                  "Path": "effect/effect5002/effect5002_04.png",
                  "Plist": "effect5002.plist"
                },
                "FrameIndex": 6,
                "Tween": false,
                "ctype": "TextureFrameData"
              },
              {
                "TextureFile": {
                  "Type": "MarkedSubImage",
                  "Path": "effect/effect5002/effect5002_05.png",
                  "Plist": "effect5002.plist"
                },
                "FrameIndex": 8,
                "Tween": false,
                "ctype": "TextureFrameData"
              }
            ],
            "ctype": "TimelineData"
          }
        ],
        "ctype": "TimelineActionData"
      },
      "AnimationList": [
        {
          "StartIndex": 0,
          "EndIndex": 8,
          "Name": "boom",
          "ctype": "AnimationInfoData"
        }
      ],
      "ObjectData": {
        "Tag": 11,
        "Children": [
          {
            "FileData": {
              "Type": "MarkedSubImage",
              "Path": "effect/effect5002/effect5002_01.png",
              "Plist": "effect5002.plist"
            },
            "BlendFunc": {
              "Src": 770,
              "Dst": 771
            },
            "AnchorPoint": {
              "ScaleX": 0.5,
              "ScaleY": 0.5
            },
            "Position": {
              "X": 0.0,
              "Y": 0.0
            },
            "Scale": {
              "ScaleX": 1.0,
              "ScaleY": 1.0
            },
            "CColor": {},
            "IconVisible": false,
            "PrePosition": {
              "X": 0.0,
              "Y": 0.0
            },
            "PreSize": {
              "X": 0.0,
              "Y": 0.0
            },
            "LeftMargin": -50.0,
            "RightMargin": -50.0,
            "TopMargin": -35.0,
            "BottomMargin": -35.0,
            "Tag": 9,
            "ActionTag": 2054838712,
            "Size": {
              "X": 100.0,
              "Y": 70.0
            },
            "Name": "effect5002",
            "ctype": "SpriteObjectData"
          }
        ],
        "Size": {
          "X": 0.0,
          "Y": 0.0
        },
        "Name": "Node",
        "ctype": "SingleNodeObjectData"
      },
      "UsedResources": [
        "effect5002.plist",
        "effect5002.png"
      ],
      "ctype": "GameFileData"
    }
  },
  "Type": "Node"
}