{
  "ID": "6d3dc78e-fa78-44c9-a35a-e6187151918f",
  "Version": "2.3.3.0",
  "Name": "enemy1005",
  "Content": {
    "Content": {
      "Animation": {
        "Duration": 60,
        "Speed": 0.5,
        "Timelines": [
          {
            "ActionTag": -1660559544,
            "Property": "Position",
            "Frames": [
              {
                "X": -12.9951,
                "Y": -16.3605,
                "FrameIndex": 0,
                "EasingData": {
                  "Type": 0
                },
                "ctype": "PointFrameData"
              },
              {
                "X": 17.5658,
                "Y": -11.965,
                "FrameIndex": 3,
                "EasingData": {
                  "Type": 0
                },
                "ctype": "PointFrameData"
              },
              {
                "X": 4.2923,
                "Y": -22.4608,
                "FrameIndex": 6,
                "EasingData": {
                  "Type": 0
                },
                "ctype": "PointFrameData"
              },
              {
                "X": -7.129,
                "Y": -11.3473,
                "FrameIndex": 9,
                "EasingData": {
                  "Type": 0
                },
                "ctype": "PointFrameData"
              },
              {
                "X": -30.5895,
                "Y": -11.3473,
                "FrameIndex": 12,
                "EasingData": {
                  "Type": 0
                },
                "ctype": "PointFrameData"
              },
              {
                "X": -25.5895,
                "Y": -11.3473,
                "FrameIndex": 15,
                "EasingData": {
                  "Type": 0
                },
                "ctype": "PointFrameData"
              },
              {
                "X": -13.2409,
                "Y": -16.9038,
                "FrameIndex": 18,
                "EasingData": {
                  "Type": 0
                },
                "ctype": "PointFrameData"
              },
              {
                "X": -0.2405,
                "Y": -16.9038,
                "FrameIndex": 24,
                "EasingData": {
                  "Type": 0
                },
                "ctype": "PointFrameData"
              },
              {
                "X": 1.7596,
                "Y": -16.9038,
                "FrameIndex": 30,
                "EasingData": {
                  "Type": 0
                },
                "ctype": "PointFrameData"
              },
              {
                "X": -0.2404,
                "Y": -22.9038,
                "FrameIndex": 33,
                "EasingData": {
                  "Type": 0
                },
                "ctype": "PointFrameData"
              },
              {
                "X": -14.7485,
                "Y": -17.0382,
                "FrameIndex": 36,
                "EasingData": {
                  "Type": 0
                },
                "ctype": "PointFrameData"
              },
              {
                "X": -4.5606,
                "Y": -15.8033,
                "FrameIndex": 39,
                "EasingData": {
                  "Type": 0
                },
                "ctype": "PointFrameData"
              },
              {
                "X": -25.5514,
                "Y": -10.5552,
                "FrameIndex": 42,
                "EasingData": {
                  "Type": 0
                },
                "ctype": "PointFrameData"
              },
              {
                "X": -16.2899,
                "Y": -12.4074,
                "FrameIndex": 45,
                "EasingData": {
                  "Type": 0
                },
                "ctype": "PointFrameData"
              },
              {
                "X": -14.82,
                "Y": -17.6553,
                "FrameIndex": 48,
                "EasingData": {
                  "Type": 0
                },
                "ctype": "PointFrameData"
              },
              {
                "X": -7.8198,
                "Y": -17.6553,
                "FrameIndex": 57,
                "EasingData": {
                  "Type": 0
                },
                "ctype": "PointFrameData"
              }
            ],
            "ctype": "TimelineData"
          },
          {
            "ActionTag": -1660559544,
            "Property": "FileData",
            "Frames": [
              {
                "TextureFile": {
                  "Type": "MarkedSubImage",
                  "Path": "enemy/enemy1005/enemy1005_atk01.png",
                  "Plist": "enemy1005.plist"
                },
                "FrameIndex": 0,
                "Tween": false,
                "ctype": "TextureFrameData"
              },
              {
                "TextureFile": {
                  "Type": "MarkedSubImage",
                  "Path": "enemy/enemy1005/enemy1005_atk02.png",
                  "Plist": "enemy1005.plist"
                },
                "FrameIndex": 3,
                "Tween": false,
                "ctype": "TextureFrameData"
              },
              {
                "TextureFile": {
                  "Type": "MarkedSubImage",
                  "Path": "enemy/enemy1005/enemy1005_atk03.png",
                  "Plist": "enemy1005.plist"
                },
                "FrameIndex": 6,
                "Tween": false,
                "ctype": "TextureFrameData"
              },
              {
                "TextureFile": {
                  "Type": "MarkedSubImage",
                  "Path": "enemy/enemy1005/enemy1005_atk04.png",
                  "Plist": "enemy1005.plist"
                },
                "FrameIndex": 9,
                "Tween": false,
                "ctype": "TextureFrameData"
              },
              {
                "TextureFile": {
                  "Type": "MarkedSubImage",
                  "Path": "enemy/enemy1005/enemy1005_atk05.png",
                  "Plist": "enemy1005.plist"
                },
                "FrameIndex": 12,
                "Tween": false,
                "ctype": "TextureFrameData"
              },
              {
                "TextureFile": {
                  "Type": "MarkedSubImage",
                  "Path": "enemy/enemy1005/enemy1005_atk06.png",
                  "Plist": "enemy1005.plist"
                },
                "FrameIndex": 15,
                "Tween": false,
                "ctype": "TextureFrameData"
              },
              {
                "TextureFile": {
                  "Type": "MarkedSubImage",
                  "Path": "enemy/enemy1005/enemy1005_atk07.png",
                  "Plist": "enemy1005.plist"
                },
                "FrameIndex": 18,
                "Tween": false,
                "ctype": "TextureFrameData"
              },
              {
                "TextureFile": {
                  "Type": "MarkedSubImage",
                  "Path": "enemy/enemy1005/enemy1005_die01.png",
                  "Plist": "enemy1005.plist"
                },
                "FrameIndex": 21,
                "Tween": false,
                "ctype": "TextureFrameData"
              },
              {
                "TextureFile": {
                  "Type": "MarkedSubImage",
                  "Path": "enemy/enemy1005/enemy1005_die02.png",
                  "Plist": "enemy1005.plist"
                },
                "FrameIndex": 24,
                "Tween": false,
                "ctype": "TextureFrameData"
              },
              {
                "TextureFile": {
                  "Type": "MarkedSubImage",
                  "Path": "enemy/enemy1005/enemy1005_die04.png",
                  "Plist": "enemy1005.plist"
                },
                "FrameIndex": 30,
                "Tween": false,
                "ctype": "TextureFrameData"
              },
              {
                "TextureFile": {
                  "Type": "MarkedSubImage",
                  "Path": "enemy/enemy1005/enemy1005_die05.png",
                  "Plist": "enemy1005.plist"
                },
                "FrameIndex": 33,
                "Tween": false,
                "ctype": "TextureFrameData"
              },
              {
                "TextureFile": {
                  "Type": "MarkedSubImage",
                  "Path": "enemy/enemy1005/enemy1005_hit01.png",
                  "Plist": "enemy1005.plist"
                },
                "FrameIndex": 36,
                "Tween": false,
                "ctype": "TextureFrameData"
              },
              {
                "TextureFile": {
                  "Type": "MarkedSubImage",
                  "Path": "enemy/enemy1005/enemy1005_hit02.png",
                  "Plist": "enemy1005.plist"
                },
                "FrameIndex": 39,
                "Tween": false,
                "ctype": "TextureFrameData"
              },
              {
                "TextureFile": {
                  "Type": "MarkedSubImage",
                  "Path": "enemy/enemy1005/enemy1005_hit03.png",
                  "Plist": "enemy1005.plist"
                },
                "FrameIndex": 42,
                "Tween": false,
                "ctype": "TextureFrameData"
              },
              {
                "TextureFile": {
                  "Type": "MarkedSubImage",
                  "Path": "enemy/enemy1005/enemy1005_hit04.png",
                  "Plist": "enemy1005.plist"
                },
                "FrameIndex": 45,
                "Tween": false,
                "ctype": "TextureFrameData"
              },
              {
                "TextureFile": {
                  "Type": "MarkedSubImage",
                  "Path": "enemy/enemy1005/enemy1005_hit05.png",
                  "Plist": "enemy1005.plist"
                },
                "FrameIndex": 48,
                "Tween": false,
                "ctype": "TextureFrameData"
              },
              {
                "TextureFile": {
                  "Type": "MarkedSubImage",
                  "Path": "enemy/enemy1005/enemy1005_stand01.png",
                  "Plist": "enemy1005.plist"
                },
                "FrameIndex": 51,
                "Tween": false,
                "ctype": "TextureFrameData"
              },
              {
                "TextureFile": {
                  "Type": "MarkedSubImage",
                  "Path": "enemy/enemy1005/enemy1005_stand02.png",
                  "Plist": "enemy1005.plist"
                },
                "FrameIndex": 54,
                "Tween": false,
                "ctype": "TextureFrameData"
              },
              {
                "TextureFile": {
                  "Type": "MarkedSubImage",
                  "Path": "enemy/enemy1005/enemy1005_stand03.png",
                  "Plist": "enemy1005.plist"
                },
                "FrameIndex": 57,
                "Tween": false,
                "ctype": "TextureFrameData"
              },
              {
                "TextureFile": {
                  "Type": "MarkedSubImage",
                  "Path": "enemy/enemy1005/enemy1005_stand04.png",
                  "Plist": "enemy1005.plist"
                },
                "FrameIndex": 60,
                "Tween": false,
                "ctype": "TextureFrameData"
              }
            ],
            "ctype": "TimelineData"
          }
        ],
        "ctype": "TimelineActionData"
      },
      "AnimationList": [
        {
          "StartIndex": 0,
          "EndIndex": 18,
          "Name": "atk",
          "ctype": "AnimationInfoData"
        },
        {
          "StartIndex": 21,
          "EndIndex": 33,
          "Name": "die",
          "ctype": "AnimationInfoData"
        },
        {
          "StartIndex": 36,
          "EndIndex": 48,
          "Name": "hit",
          "ctype": "AnimationInfoData"
        },
        {
          "StartIndex": 51,
          "EndIndex": 60,
          "Name": "stand",
          "ctype": "AnimationInfoData"
        }
      ],
      "ObjectData": {
        "Tag": 14,
        "Children": [
          {
            "FileData": {
              "Type": "MarkedSubImage",
              "Path": "enemy/enemy1005/enemy1005_stand04.png",
              "Plist": "enemy1005.plist"
            },
            "BlendFunc": {
              "Src": 770,
              "Dst": 771
            },
            "AnchorPoint": {
              "ScaleX": 0.5
            },
            "Position": {
              "X": -7.8198,
              "Y": -17.6553
            },
            "Scale": {
              "ScaleX": 1.0,
              "ScaleY": 1.0
            },
            "CColor": {},
            "IconVisible": false,
            "PrePosition": {
              "X": 0.0,
              "Y": 0.0
            },
            "PreSize": {
              "X": 0.0,
              "Y": 0.0
            },
            "LeftMargin": -52.8198,
            "RightMargin": -37.1802,
            "TopMargin": -86.3447,
            "BottomMargin": -17.6553,
            "Tag": 15,
            "ActionTag": -1660559544,
            "Size": {
              "X": 90.0,
              "Y": 104.0
            },
            "Name": "enemy",
            "ctype": "SpriteObjectData"
          }
        ],
        "Size": {
          "X": 0.0,
          "Y": 0.0
        },
        "Name": "Node",
        "ctype": "SingleNodeObjectData"
      },
      "UsedResources": [
        "enemy1005.plist",
        "enemy1005.png"
      ],
      "ctype": "GameFileData"
    }
  },
  "Type": "Node"
}