{
  "ID": "24d299ec-e218-4c6a-ad2d-cc7db4dde746",
  "Version": "2.3.3.0",
  "Name": "enemy1003",
  "Content": {
    "Content": {
      "Animation": {
        "Duration": 60,
        "Speed": 0.5,
        "Timelines": [
          {
            "ActionTag": 403222838,
            "Property": "Position",
            "Frames": [
              {
                "X": 10.8391,
                "Y": -25.2224,
                "FrameIndex": 0,
                "EasingData": {
                  "Type": 0
                },
                "ctype": "PointFrameData"
              },
              {
                "X": 36.9633,
                "Y": -46.4722,
                "FrameIndex": 3,
                "EasingData": {
                  "Type": 0
                },
                "ctype": "PointFrameData"
              },
              {
                "X": 32.8236,
                "Y": -45.2345,
                "FrameIndex": 6,
                "EasingData": {
                  "Type": 0
                },
                "ctype": "PointFrameData"
              },
              {
                "X": 27.8411,
                "Y": -39.5668,
                "FrameIndex": 9,
                "EasingData": {
                  "Type": 0
                },
                "ctype": "PointFrameData"
              },
              {
                "X": 12.4983,
                "Y": -38.8243,
                "FrameIndex": 15,
                "EasingData": {
                  "Type": 0
                },
                "ctype": "PointFrameData"
              },
              {
                "X": 10.685,
                "Y": -24.8846,
                "FrameIndex": 18,
                "EasingData": {
                  "Type": 0
                },
                "ctype": "PointFrameData"
              },
              {
                "X": 11.1033,
                "Y": -24.6868,
                "FrameIndex": 21,
                "EasingData": {
                  "Type": 0
                },
                "ctype": "PointFrameData"
              },
              {
                "X": 8.1712,
                "Y": -6.5838,
                "FrameIndex": 24,
                "EasingData": {
                  "Type": 0
                },
                "ctype": "PointFrameData"
              },
              {
                "X": 10.6246,
                "Y": -24.4199,
                "FrameIndex": 36,
                "EasingData": {
                  "Type": 0
                },
                "ctype": "PointFrameData"
              },
              {
                "X": 2.5874,
                "Y": -5.1208,
                "FrameIndex": 39,
                "EasingData": {
                  "Type": 0
                },
                "ctype": "PointFrameData"
              },
              {
                "X": -7.1024,
                "Y": -5.4769,
                "FrameIndex": 42,
                "EasingData": {
                  "Type": 0
                },
                "ctype": "PointFrameData"
              },
              {
                "X": -9.7009,
                "Y": -6.9524,
                "FrameIndex": 45,
                "EasingData": {
                  "Type": 0
                },
                "ctype": "PointFrameData"
              },
              {
                "X": 10.8392,
                "Y": -24.5957,
                "FrameIndex": 48,
                "EasingData": {
                  "Type": 0
                },
                "ctype": "PointFrameData"
              },
              {
                "X": 9.8798,
                "Y": -24.7447,
                "FrameIndex": 51,
                "EasingData": {
                  "Type": 0
                },
                "ctype": "PointFrameData"
              },
              {
                "X": 12.0656,
                "Y": -24.5205,
                "FrameIndex": 54,
                "EasingData": {
                  "Type": 0
                },
                "ctype": "PointFrameData"
              },
              {
                "X": 11.6389,
                "Y": -21.4974,
                "FrameIndex": 57,
                "EasingData": {
                  "Type": 0
                },
                "ctype": "PointFrameData"
              },
              {
                "X": 13.0783,
                "Y": -22.9526,
                "FrameIndex": 60,
                "EasingData": {
                  "Type": 0
                },
                "ctype": "PointFrameData"
              }
            ],
            "ctype": "TimelineData"
          },
          {
            "ActionTag": 403222838,
            "Property": "FileData",
            "Frames": [
              {
                "TextureFile": {
                  "Type": "MarkedSubImage",
                  "Path": "enemy/enemy1003/enemy1003_atk01.png",
                  "Plist": "enemy1003.plist"
                },
                "FrameIndex": 0,
                "Tween": false,
                "ctype": "TextureFrameData"
              },
              {
                "TextureFile": {
                  "Type": "MarkedSubImage",
                  "Path": "enemy/enemy1003/enemy1003_atk02.png",
                  "Plist": "enemy1003.plist"
                },
                "FrameIndex": 3,
                "Tween": false,
                "ctype": "TextureFrameData"
              },
              {
                "TextureFile": {
                  "Type": "MarkedSubImage",
                  "Path": "enemy/enemy1003/enemy1003_atk03.png",
                  "Plist": "enemy1003.plist"
                },
                "FrameIndex": 6,
                "Tween": false,
                "ctype": "TextureFrameData"
              },
              {
                "TextureFile": {
                  "Type": "MarkedSubImage",
                  "Path": "enemy/enemy1003/enemy1003_atk04.png",
                  "Plist": "enemy1003.plist"
                },
                "FrameIndex": 9,
                "Tween": false,
                "ctype": "TextureFrameData"
              },
              {
                "TextureFile": {
                  "Type": "MarkedSubImage",
                  "Path": "enemy/enemy1003/enemy1003_atk05.png",
                  "Plist": "enemy1003.plist"
                },
                "FrameIndex": 12,
                "Tween": false,
                "ctype": "TextureFrameData"
              },
              {
                "TextureFile": {
                  "Type": "MarkedSubImage",
                  "Path": "enemy/enemy1003/enemy1003_atk06.png",
                  "Plist": "enemy1003.plist"
                },
                "FrameIndex": 15,
                "Tween": false,
                "ctype": "TextureFrameData"
              },
              {
                "TextureFile": {
                  "Type": "MarkedSubImage",
                  "Path": "enemy/enemy1003/enemy1003_atk07.png",
                  "Plist": "enemy1003.plist"
                },
                "FrameIndex": 18,
                "Tween": false,
                "ctype": "TextureFrameData"
              },
              {
                "TextureFile": {
                  "Type": "MarkedSubImage",
                  "Path": "enemy/enemy1003/enemy1003_die01.png",
                  "Plist": "enemy1003.plist"
                },
                "FrameIndex": 21,
                "Tween": false,
                "ctype": "TextureFrameData"
              },
              {
                "TextureFile": {
                  "Type": "MarkedSubImage",
                  "Path": "enemy/enemy1003/enemy1003_die02.png",
                  "Plist": "enemy1003.plist"
                },
                "FrameIndex": 24,
                "Tween": false,
                "ctype": "TextureFrameData"
              },
              {
                "TextureFile": {
                  "Type": "MarkedSubImage",
                  "Path": "enemy/enemy1003/enemy1003_die03.png",
                  "Plist": "enemy1003.plist"
                },
                "FrameIndex": 27,
                "Tween": false,
                "ctype": "TextureFrameData"
              },
              {
                "TextureFile": {
                  "Type": "MarkedSubImage",
                  "Path": "enemy/enemy1003/enemy1003_die04.png",
                  "Plist": "enemy1003.plist"
                },
                "FrameIndex": 30,
                "Tween": false,
                "ctype": "TextureFrameData"
              },
              {
                "TextureFile": {
                  "Type": "MarkedSubImage",
                  "Path": "enemy/enemy1003/enemy1003_die05.png",
                  "Plist": "enemy1003.plist"
                },
                "FrameIndex": 33,
                "Tween": false,
                "ctype": "TextureFrameData"
              },
              {
                "TextureFile": {
                  "Type": "MarkedSubImage",
                  "Path": "enemy/enemy1003/enemy1003_hit01.png",
                  "Plist": "enemy1003.plist"
                },
                "FrameIndex": 36,
                "Tween": false,
                "ctype": "TextureFrameData"
              },
              {
                "TextureFile": {
                  "Type": "MarkedSubImage",
                  "Path": "enemy/enemy1003/enemy1003_hit02.png",
                  "Plist": "enemy1003.plist"
                },
                "FrameIndex": 39,
                "Tween": false,
                "ctype": "TextureFrameData"
              },
              {
                "TextureFile": {
                  "Type": "MarkedSubImage",
                  "Path": "enemy/enemy1003/enemy1003_hit03.png",
                  "Plist": "enemy1003.plist"
                },
                "FrameIndex": 42,
                "Tween": false,
                "ctype": "TextureFrameData"
              },
              {
                "TextureFile": {
                  "Type": "MarkedSubImage",
                  "Path": "enemy/enemy1003/enemy1003_hit04.png",
                  "Plist": "enemy1003.plist"
                },
                "FrameIndex": 45,
                "Tween": false,
                "ctype": "TextureFrameData"
              },
              {
                "TextureFile": {
                  "Type": "MarkedSubImage",
                  "Path": "enemy/enemy1003/enemy1003_hit05.png",
                  "Plist": "enemy1003.plist"
                },
                "FrameIndex": 48,
                "Tween": false,
                "ctype": "TextureFrameData"
              },
              {
                "TextureFile": {
                  "Type": "MarkedSubImage",
                  "Path": "enemy/enemy1003/enemy1003_stand01.png",
                  "Plist": "enemy1003.plist"
                },
                "FrameIndex": 51,
                "Tween": false,
                "ctype": "TextureFrameData"
              },
              {
                "TextureFile": {
                  "Type": "MarkedSubImage",
                  "Path": "enemy/enemy1003/enemy1003_stand02.png",
                  "Plist": "enemy1003.plist"
                },
                "FrameIndex": 54,
                "Tween": false,
                "ctype": "TextureFrameData"
              },
              {
                "TextureFile": {
                  "Type": "MarkedSubImage",
                  "Path": "enemy/enemy1003/enemy1003_stand03.png",
                  "Plist": "enemy1003.plist"
                },
                "FrameIndex": 57,
                "Tween": false,
                "ctype": "TextureFrameData"
              },
              {
                "TextureFile": {
                  "Type": "MarkedSubImage",
                  "Path": "enemy/enemy1003/enemy1003_stand04.png",
                  "Plist": "enemy1003.plist"
                },
                "FrameIndex": 60,
                "Tween": false,
                "ctype": "TextureFrameData"
              }
            ],
            "ctype": "TimelineData"
          },
          {
            "ActionTag": 403222838,
            "Property": "AnchorPoint",
            "Frames": [
              {
                "X": 0.5,
                "Y": 0.0,
                "FrameIndex": 60,
                "EasingData": {
                  "Type": 0
                },
                "ctype": "ScaleValueFrameData"
              }
            ],
            "ctype": "TimelineData"
          }
        ],
        "ctype": "TimelineActionData"
      },
      "AnimationList": [
        {
          "StartIndex": 0,
          "EndIndex": 18,
          "Name": "atk",
          "ctype": "AnimationInfoData"
        },
        {
          "StartIndex": 21,
          "EndIndex": 33,
          "Name": "die",
          "ctype": "AnimationInfoData"
        },
        {
          "StartIndex": 36,
          "EndIndex": 48,
          "Name": "hit",
          "ctype": "AnimationInfoData"
        },
        {
          "StartIndex": 51,
          "EndIndex": 60,
          "Name": "stand",
          "ctype": "AnimationInfoData"
        }
      ],
      "ObjectData": {
        "Tag": 9,
        "Children": [
          {
            "FileData": {
              "Type": "MarkedSubImage",
              "Path": "enemy/enemy1003/enemy1003_atk01.png",
              "Plist": "enemy1003.plist"
            },
            "BlendFunc": {
              "Src": 770,
              "Dst": 771
            },
            "AnchorPoint": {
              "ScaleX": 0.5
            },
            "Position": {
              "X": 10.8391,
              "Y": -25.2224
            },
            "Scale": {
              "ScaleX": 1.0,
              "ScaleY": 1.0
            },
            "CColor": {},
            "IconVisible": false,
            "PrePosition": {
              "X": 0.0,
              "Y": 0.0
            },
            "PreSize": {
              "X": 0.0,
              "Y": 0.0
            },
            "LeftMargin": -38.6609,
            "RightMargin": -60.3391,
            "TopMargin": -67.7776,
            "BottomMargin": -25.2224,
            "Tag": 11,
            "ActionTag": 403222838,
            "Size": {
              "X": 99.0,
              "Y": 93.0
            },
            "Name": "enemy",
            "ctype": "SpriteObjectData"
          }
        ],
        "Size": {
          "X": 0.0,
          "Y": 0.0
        },
        "Name": "Node",
        "ctype": "SingleNodeObjectData"
      },
      "UsedResources": [
        "enemy1003.plist",
        "enemy1003.png"
      ],
      "ctype": "GameFileData"
    }
  },
  "Type": "Node"
}