{
  "ID": "6c68f356-18ba-4f60-a74f-9d919ff1f20c",
  "Version": "2.3.3.0",
  "Name": "enemy1002",
  "Content": {
    "Content": {
      "Animation": {
        "Duration": 57,
        "Speed": 0.5,
        "Timelines": [
          {
            "ActionTag": 103088517,
            "Property": "Position",
            "Frames": [
              {
                "X": -18.7548,
                "Y": -9.1535,
                "FrameIndex": 0,
                "EasingData": {
                  "Type": 0
                },
                "ctype": "PointFrameData"
              },
              {
                "X": 2.2544,
                "Y": -25.1022,
                "FrameIndex": 3,
                "EasingData": {
                  "Type": 0
                },
                "ctype": "PointFrameData"
              },
              {
                "X": 9.697,
                "Y": -38.104,
                "FrameIndex": 6,
                "EasingData": {
                  "Type": 0
                },
                "ctype": "PointFrameData"
              },
              {
                "X": -8.1653,
                "Y": -21.0198,
                "FrameIndex": 9,
                "EasingData": {
                  "Type": 0
                },
                "ctype": "PointFrameData"
              },
              {
                "X": -20.8822,
                "Y": -12.826,
                "FrameIndex": 12,
                "EasingData": {
                  "Type": 0
                },
                "ctype": "PointFrameData"
              },
              {
                "X": -13.1634,
                "Y": -13.7478,
                "FrameIndex": 15,
                "EasingData": {
                  "Type": 0
                },
                "ctype": "PointFrameData"
              },
              {
                "X": -19.0404,
                "Y": -8.7406,
                "FrameIndex": 18,
                "EasingData": {
                  "Type": 0
                },
                "ctype": "PointFrameData"
              },
              {
                "X": -14.8647,
                "Y": -11.8811,
                "FrameIndex": 42,
                "EasingData": {
                  "Type": 0
                },
                "ctype": "PointFrameData"
              },
              {
                "X": -18.6427,
                "Y": -8.7356,
                "FrameIndex": 45,
                "EasingData": {
                  "Type": 0
                },
                "ctype": "PointFrameData"
              },
              {
                "X": -18.6707,
                "Y": -8.3401,
                "FrameIndex": 48,
                "EasingData": {
                  "Type": 0
                },
                "ctype": "PointFrameData"
              },
              {
                "X": -18.6987,
                "Y": -10.2779,
                "FrameIndex": 51,
                "EasingData": {
                  "Type": 0
                },
                "ctype": "PointFrameData"
              },
              {
                "X": -15.7267,
                "Y": -12.7157,
                "FrameIndex": 54,
                "EasingData": {
                  "Type": 0
                },
                "ctype": "PointFrameData"
              },
              {
                "X": -18.7547,
                "Y": -11.1535,
                "FrameIndex": 57,
                "EasingData": {
                  "Type": 0
                },
                "ctype": "PointFrameData"
              }
            ],
            "ctype": "TimelineData"
          },
          {
            "ActionTag": 103088517,
            "Property": "FileData",
            "Frames": [
              {
                "TextureFile": {
                  "Type": "MarkedSubImage",
                  "Path": "enemy/enemy1002/enemy1002_atk01.png",
                  "Plist": "enemy1002.plist"
                },
                "FrameIndex": 0,
                "Tween": false,
                "ctype": "TextureFrameData"
              },
              {
                "TextureFile": {
                  "Type": "MarkedSubImage",
                  "Path": "enemy/enemy1002/enemy1002_atk02.png",
                  "Plist": "enemy1002.plist"
                },
                "FrameIndex": 3,
                "Tween": false,
                "ctype": "TextureFrameData"
              },
              {
                "TextureFile": {
                  "Type": "MarkedSubImage",
                  "Path": "enemy/enemy1002/enemy1002_atk03.png",
                  "Plist": "enemy1002.plist"
                },
                "FrameIndex": 6,
                "Tween": false,
                "ctype": "TextureFrameData"
              },
              {
                "TextureFile": {
                  "Type": "MarkedSubImage",
                  "Path": "enemy/enemy1002/enemy1002_atk04.png",
                  "Plist": "enemy1002.plist"
                },
                "FrameIndex": 9,
                "Tween": false,
                "ctype": "TextureFrameData"
              },
              {
                "TextureFile": {
                  "Type": "MarkedSubImage",
                  "Path": "enemy/enemy1002/enemy1002_atk05.png",
                  "Plist": "enemy1002.plist"
                },
                "FrameIndex": 12,
                "Tween": false,
                "ctype": "TextureFrameData"
              },
              {
                "TextureFile": {
                  "Type": "MarkedSubImage",
                  "Path": "enemy/enemy1002/enemy1002_atk06.png",
                  "Plist": "enemy1002.plist"
                },
                "FrameIndex": 15,
                "Tween": false,
                "ctype": "TextureFrameData"
              },
              {
                "TextureFile": {
                  "Type": "MarkedSubImage",
                  "Path": "enemy/enemy1002/enemy1002_atk07.png",
                  "Plist": "enemy1002.plist"
                },
                "FrameIndex": 18,
                "Tween": false,
                "ctype": "TextureFrameData"
              },
              {
                "TextureFile": {
                  "Type": "MarkedSubImage",
                  "Path": "enemy/enemy1002/enemy1002_die01.png",
                  "Plist": "enemy1002.plist"
                },
                "FrameIndex": 21,
                "Tween": false,
                "ctype": "TextureFrameData"
              },
              {
                "TextureFile": {
                  "Type": "MarkedSubImage",
                  "Path": "enemy/enemy1002/enemy1002_die02.png",
                  "Plist": "enemy1002.plist"
                },
                "FrameIndex": 24,
                "Tween": false,
                "ctype": "TextureFrameData"
              },
              {
                "TextureFile": {
                  "Type": "MarkedSubImage",
                  "Path": "enemy/enemy1002/enemy1002_die03.png",
                  "Plist": "enemy1002.plist"
                },
                "FrameIndex": 27,
                "Tween": false,
                "ctype": "TextureFrameData"
              },
              {
                "TextureFile": {
                  "Type": "MarkedSubImage",
                  "Path": "enemy/enemy1002/enemy1002_die04.png",
                  "Plist": "enemy1002.plist"
                },
                "FrameIndex": 30,
                "Tween": false,
                "ctype": "TextureFrameData"
              },
              {
                "TextureFile": {
                  "Type": "MarkedSubImage",
                  "Path": "enemy/enemy1002/enemy1002_hit01.png",
                  "Plist": "enemy1002.plist"
                },
                "FrameIndex": 33,
                "Tween": false,
                "ctype": "TextureFrameData"
              },
              {
                "TextureFile": {
                  "Type": "MarkedSubImage",
                  "Path": "enemy/enemy1002/enemy1002_hit02.png",
                  "Plist": "enemy1002.plist"
                },
                "FrameIndex": 36,
                "Tween": false,
                "ctype": "TextureFrameData"
              },
              {
                "TextureFile": {
                  "Type": "MarkedSubImage",
                  "Path": "enemy/enemy1002/enemy1002_hit03.png",
                  "Plist": "enemy1002.plist"
                },
                "FrameIndex": 39,
                "Tween": false,
                "ctype": "TextureFrameData"
              },
              {
                "TextureFile": {
                  "Type": "MarkedSubImage",
                  "Path": "enemy/enemy1002/enemy1002_hit04.png",
                  "Plist": "enemy1002.plist"
                },
                "FrameIndex": 42,
                "Tween": false,
                "ctype": "TextureFrameData"
              },
              {
                "TextureFile": {
                  "Type": "MarkedSubImage",
                  "Path": "enemy/enemy1002/enemy1002_hit05.png",
                  "Plist": "enemy1002.plist"
                },
                "FrameIndex": 45,
                "Tween": false,
                "ctype": "TextureFrameData"
              },
              {
                "TextureFile": {
                  "Type": "MarkedSubImage",
                  "Path": "enemy/enemy1002/enemy1002_stand01.png",
                  "Plist": "enemy1002.plist"
                },
                "FrameIndex": 48,
                "Tween": false,
                "ctype": "TextureFrameData"
              },
              {
                "TextureFile": {
                  "Type": "MarkedSubImage",
                  "Path": "enemy/enemy1002/enemy1002_stand02.png",
                  "Plist": "enemy1002.plist"
                },
                "FrameIndex": 51,
                "Tween": false,
                "ctype": "TextureFrameData"
              },
              {
                "TextureFile": {
                  "Type": "MarkedSubImage",
                  "Path": "enemy/enemy1002/enemy1002_stand03.png",
                  "Plist": "enemy1002.plist"
                },
                "FrameIndex": 54,
                "Tween": false,
                "ctype": "TextureFrameData"
              },
              {
                "TextureFile": {
                  "Type": "MarkedSubImage",
                  "Path": "enemy/enemy1002/enemy1002_stand04.png",
                  "Plist": "enemy1002.plist"
                },
                "FrameIndex": 57,
                "Tween": false,
                "ctype": "TextureFrameData"
              }
            ],
            "ctype": "TimelineData"
          }
        ],
        "ctype": "TimelineActionData"
      },
      "AnimationList": [
        {
          "StartIndex": 0,
          "EndIndex": 18,
          "Name": "atk",
          "ctype": "AnimationInfoData"
        },
        {
          "StartIndex": 21,
          "EndIndex": 30,
          "Name": "die",
          "ctype": "AnimationInfoData"
        },
        {
          "StartIndex": 33,
          "EndIndex": 45,
          "Name": "hit",
          "ctype": "AnimationInfoData"
        },
        {
          "StartIndex": 48,
          "EndIndex": 57,
          "Name": "stand",
          "ctype": "AnimationInfoData"
        }
      ],
      "ObjectData": {
        "Tag": 5,
        "Children": [
          {
            "FileData": {
              "Type": "MarkedSubImage",
              "Path": "enemy/enemy1002/enemy1002_atk01.png",
              "Plist": "enemy1002.plist"
            },
            "BlendFunc": {
              "Src": 770,
              "Dst": 771
            },
            "AnchorPoint": {
              "ScaleX": 0.5
            },
            "Position": {
              "X": -18.7548,
              "Y": -9.1535
            },
            "Scale": {
              "ScaleX": 1.0,
              "ScaleY": 1.0
            },
            "CColor": {},
            "IconVisible": false,
            "PrePosition": {
              "X": 0.0,
              "Y": 0.0
            },
            "PreSize": {
              "X": 0.0,
              "Y": 0.0
            },
            "LeftMargin": -65.2548,
            "RightMargin": -27.7452,
            "TopMargin": -94.8465,
            "BottomMargin": -9.1535,
            "Tag": 6,
            "ActionTag": 103088517,
            "Size": {
              "X": 93.0,
              "Y": 104.0
            },
            "Name": "enemy",
            "ctype": "SpriteObjectData"
          }
        ],
        "Size": {
          "X": 0.0,
          "Y": 0.0
        },
        "Name": "Node",
        "ctype": "SingleNodeObjectData"
      },
      "UsedResources": [
        "enemy1002.plist",
        "enemy1002.png"
      ],
      "ctype": "GameFileData"
    }
  },
  "Type": "Node"
}