{
  "ID": "a40b67fa-9920-422e-b9dc-fab35527057f",
  "Version": "2.3.3.0",
  "Name": "enemy1004",
  "Content": {
    "Content": {
      "Animation": {
        "Duration": 60,
        "Speed": 0.5,
        "Timelines": [
          {
            "ActionTag": -1622450421,
            "Property": "Position",
            "Frames": [
              {
                "X": 8.3452,
                "Y": -11.5737,
                "FrameIndex": 0,
                "EasingData": {
                  "Type": 0
                },
                "ctype": "PointFrameData"
              },
              {
                "X": -13.4198,
                "Y": -12.3203,
                "FrameIndex": 3,
                "EasingData": {
                  "Type": 0
                },
                "ctype": "PointFrameData"
              },
              {
                "X": -12.4198,
                "Y": -12.3203,
                "FrameIndex": 6,
                "EasingData": {
                  "Type": 0
                },
                "ctype": "PointFrameData"
              },
              {
                "X": -19.137,
                "Y": -11.9471,
                "FrameIndex": 9,
                "EasingData": {
                  "Type": 0
                },
                "ctype": "PointFrameData"
              },
              {
                "X": -4.2086,
                "Y": -11.5739,
                "FrameIndex": 12,
                "EasingData": {
                  "Type": 0
                },
                "ctype": "PointFrameData"
              },
              {
                "X": 10.7202,
                "Y": -10.8275,
                "FrameIndex": 15,
                "EasingData": {
                  "Type": 0
                },
                "ctype": "PointFrameData"
              },
              {
                "X": 8.7203,
                "Y": -11.8275,
                "FrameIndex": 18,
                "EasingData": {
                  "Type": 0
                },
                "ctype": "PointFrameData"
              },
              {
                "X": 8.7203,
                "Y": -11.8275,
                "FrameIndex": 21,
                "EasingData": {
                  "Type": 0
                },
                "ctype": "PointFrameData"
              },
              {
                "X": -6.2072,
                "Y": -11.4543,
                "FrameIndex": 24,
                "EasingData": {
                  "Type": 0
                },
                "ctype": "PointFrameData"
              },
              {
                "X": 8.6019,
                "Y": -12.0811,
                "FrameIndex": 36,
                "EasingData": {
                  "Type": 0
                },
                "ctype": "PointFrameData"
              },
              {
                "X": 7.6019,
                "Y": -12.0811,
                "FrameIndex": 39,
                "EasingData": {
                  "Type": 0
                },
                "ctype": "PointFrameData"
              },
              {
                "X": 4.6019,
                "Y": -12.0811,
                "FrameIndex": 42,
                "EasingData": {
                  "Type": 0
                },
                "ctype": "PointFrameData"
              },
              {
                "X": 2.6019,
                "Y": -12.0811,
                "FrameIndex": 45,
                "EasingData": {
                  "Type": 0
                },
                "ctype": "PointFrameData"
              },
              {
                "X": 8.602,
                "Y": -12.0811,
                "FrameIndex": 48,
                "EasingData": {
                  "Type": 0
                },
                "ctype": "PointFrameData"
              }
            ],
            "ctype": "TimelineData"
          },
          {
            "ActionTag": -1622450421,
            "Property": "FileData",
            "Frames": [
              {
                "TextureFile": {
                  "Type": "MarkedSubImage",
                  "Path": "enemy/enemy1004/enemy1004_atk01.png",
                  "Plist": "enemy1004.plist"
                },
                "FrameIndex": 0,
                "Tween": false,
                "ctype": "TextureFrameData"
              },
              {
                "TextureFile": {
                  "Type": "MarkedSubImage",
                  "Path": "enemy/enemy1004/enemy1004_atk02.png",
                  "Plist": "enemy1004.plist"
                },
                "FrameIndex": 3,
                "Tween": false,
                "ctype": "TextureFrameData"
              },
              {
                "TextureFile": {
                  "Type": "MarkedSubImage",
                  "Path": "enemy/enemy1004/enemy1004_atk03.png",
                  "Plist": "enemy1004.plist"
                },
                "FrameIndex": 6,
                "Tween": false,
                "ctype": "TextureFrameData"
              },
              {
                "TextureFile": {
                  "Type": "MarkedSubImage",
                  "Path": "enemy/enemy1004/enemy1004_atk04.png",
                  "Plist": "enemy1004.plist"
                },
                "FrameIndex": 9,
                "Tween": false,
                "ctype": "TextureFrameData"
              },
              {
                "TextureFile": {
                  "Type": "MarkedSubImage",
                  "Path": "enemy/enemy1004/enemy1004_atk05.png",
                  "Plist": "enemy1004.plist"
                },
                "FrameIndex": 12,
                "Tween": false,
                "ctype": "TextureFrameData"
              },
              {
                "TextureFile": {
                  "Type": "MarkedSubImage",
                  "Path": "enemy/enemy1004/enemy1004_atk06.png",
                  "Plist": "enemy1004.plist"
                },
                "FrameIndex": 15,
                "Tween": false,
                "ctype": "TextureFrameData"
              },
              {
                "TextureFile": {
                  "Type": "MarkedSubImage",
                  "Path": "enemy/enemy1004/enemy1004_atk07.png",
                  "Plist": "enemy1004.plist"
                },
                "FrameIndex": 18,
                "Tween": false,
                "ctype": "TextureFrameData"
              },
              {
                "TextureFile": {
                  "Type": "MarkedSubImage",
                  "Path": "enemy/enemy1004/enemy1004_die01.png",
                  "Plist": "enemy1004.plist"
                },
                "FrameIndex": 21,
                "Tween": false,
                "ctype": "TextureFrameData"
              },
              {
                "TextureFile": {
                  "Type": "MarkedSubImage",
                  "Path": "enemy/enemy1004/enemy1004_die02.png",
                  "Plist": "enemy1004.plist"
                },
                "FrameIndex": 24,
                "Tween": false,
                "ctype": "TextureFrameData"
              },
              {
                "TextureFile": {
                  "Type": "MarkedSubImage",
                  "Path": "enemy/enemy1004/enemy1004_die03.png",
                  "Plist": "enemy1004.plist"
                },
                "FrameIndex": 27,
                "Tween": false,
                "ctype": "TextureFrameData"
              },
              {
                "TextureFile": {
                  "Type": "MarkedSubImage",
                  "Path": "enemy/enemy1004/enemy1004_die04.png",
                  "Plist": "enemy1004.plist"
                },
                "FrameIndex": 30,
                "Tween": false,
                "ctype": "TextureFrameData"
              },
              {
                "TextureFile": {
                  "Type": "MarkedSubImage",
                  "Path": "enemy/enemy1004/enemy1004_die05.png",
                  "Plist": "enemy1004.plist"
                },
                "FrameIndex": 33,
                "Tween": false,
                "ctype": "TextureFrameData"
              },
              {
                "TextureFile": {
                  "Type": "MarkedSubImage",
                  "Path": "enemy/enemy1004/enemy1004_hit01.png",
                  "Plist": "enemy1004.plist"
                },
                "FrameIndex": 36,
                "Tween": false,
                "ctype": "TextureFrameData"
              },
              {
                "TextureFile": {
                  "Type": "MarkedSubImage",
                  "Path": "enemy/enemy1004/enemy1004_hit02.png",
                  "Plist": "enemy1004.plist"
                },
                "FrameIndex": 39,
                "Tween": false,
                "ctype": "TextureFrameData"
              },
              {
                "TextureFile": {
                  "Type": "MarkedSubImage",
                  "Path": "enemy/enemy1004/enemy1004_hit03.png",
                  "Plist": "enemy1004.plist"
                },
                "FrameIndex": 42,
                "Tween": false,
                "ctype": "TextureFrameData"
              },
              {
                "TextureFile": {
                  "Type": "MarkedSubImage",
                  "Path": "enemy/enemy1004/enemy1004_hit04.png",
                  "Plist": "enemy1004.plist"
                },
                "FrameIndex": 45,
                "Tween": false,
                "ctype": "TextureFrameData"
              },
              {
                "TextureFile": {
                  "Type": "MarkedSubImage",
                  "Path": "enemy/enemy1004/enemy1004_hit05.png",
                  "Plist": "enemy1004.plist"
                },
                "FrameIndex": 48,
                "Tween": false,
                "ctype": "TextureFrameData"
              },
              {
                "TextureFile": {
                  "Type": "MarkedSubImage",
                  "Path": "enemy/enemy1004/enemy1004_stand01.png",
                  "Plist": "enemy1004.plist"
                },
                "FrameIndex": 51,
                "Tween": false,
                "ctype": "TextureFrameData"
              },
              {
                "TextureFile": {
                  "Type": "MarkedSubImage",
                  "Path": "enemy/enemy1004/enemy1004_stand02.png",
                  "Plist": "enemy1004.plist"
                },
                "FrameIndex": 54,
                "Tween": false,
                "ctype": "TextureFrameData"
              },
              {
                "TextureFile": {
                  "Type": "MarkedSubImage",
                  "Path": "enemy/enemy1004/enemy1004_stand03.png",
                  "Plist": "enemy1004.plist"
                },
                "FrameIndex": 57,
                "Tween": false,
                "ctype": "TextureFrameData"
              },
              {
                "TextureFile": {
                  "Type": "MarkedSubImage",
                  "Path": "enemy/enemy1004/enemy1004_stand04.png",
                  "Plist": "enemy1004.plist"
                },
                "FrameIndex": 60,
                "Tween": false,
                "ctype": "TextureFrameData"
              }
            ],
            "ctype": "TimelineData"
          }
        ],
        "ctype": "TimelineActionData"
      },
      "AnimationList": [
        {
          "StartIndex": 0,
          "EndIndex": 18,
          "Name": "atk",
          "ctype": "AnimationInfoData"
        },
        {
          "StartIndex": 21,
          "EndIndex": 33,
          "Name": "die",
          "ctype": "AnimationInfoData"
        },
        {
          "StartIndex": 36,
          "EndIndex": 48,
          "Name": "hit",
          "ctype": "AnimationInfoData"
        },
        {
          "StartIndex": 51,
          "EndIndex": 60,
          "Name": "stand",
          "ctype": "AnimationInfoData"
        }
      ],
      "ObjectData": {
        "Tag": 12,
        "Children": [
          {
            "FileData": {
              "Type": "MarkedSubImage",
              "Path": "enemy/enemy1004/enemy1004_atk01.png",
              "Plist": "enemy1004.plist"
            },
            "BlendFunc": {
              "Src": 770,
              "Dst": 771
            },
            "AnchorPoint": {
              "ScaleX": 0.5
            },
            "Position": {
              "X": 8.3452,
              "Y": -11.5737
            },
            "Scale": {
              "ScaleX": 1.0,
              "ScaleY": 1.0
            },
            "CColor": {},
            "IconVisible": false,
            "PrePosition": {
              "X": 0.0,
              "Y": 0.0
            },
            "PreSize": {
              "X": 0.0,
              "Y": 0.0
            },
            "LeftMargin": -49.6548,
            "RightMargin": -66.3452,
            "TopMargin": -97.4263,
            "BottomMargin": -11.5737,
            "Tag": 13,
            "ActionTag": -1622450421,
            "Size": {
              "X": 116.0,
              "Y": 109.0
            },
            "Name": "enemy",
            "ctype": "SpriteObjectData"
          }
        ],
        "Size": {
          "X": 0.0,
          "Y": 0.0
        },
        "Name": "Node",
        "ctype": "SingleNodeObjectData"
      },
      "UsedResources": [
        "enemy1004.plist",
        "enemy1004.png"
      ],
      "ctype": "GameFileData"
    }
  },
  "Type": "Node"
}