{
  "ID": "e2b920e8-3e72-40d6-bbf6-fecf57ee6021",
  "Version": "2.3.3.0",
  "Name": "enemy1001",
  "Content": {
    "Content": {
      "Animation": {
        "Duration": 60,
        "Speed": 0.5,
        "Timelines": [
          {
            "ActionTag": -747205748,
            "Property": "Position",
            "Frames": [
              {
                "X": -2.5098,
                "Y": -4.5,
                "FrameIndex": 0,
                "EasingData": {
                  "Type": 0
                },
                "ctype": "PointFrameData"
              },
              {
                "X": 23.4722,
                "Y": -7.4413,
                "FrameIndex": 3,
                "EasingData": {
                  "Type": 0
                },
                "ctype": "PointFrameData"
              },
              {
                "X": 23.4722,
                "Y": -7.4413,
                "FrameIndex": 6,
                "EasingData": {
                  "Type": 0
                },
                "ctype": "PointFrameData"
              },
              {
                "X": 35.2378,
                "Y": -9.4022,
                "FrameIndex": 9,
                "EasingData": {
                  "Type": 0
                },
                "ctype": "PointFrameData"
              },
              {
                "X": 14.6484,
                "Y": -8.4217,
                "FrameIndex": 12,
                "EasingData": {
                  "Type": 0
                },
                "ctype": "PointFrameData"
              },
              {
                "X": 0.9222,
                "Y": -6.951,
                "FrameIndex": 15,
                "EasingData": {
                  "Type": 0
                },
                "ctype": "PointFrameData"
              },
              {
                "X": -3.98,
                "Y": -5.4804,
                "FrameIndex": 18,
                "EasingData": {
                  "Type": 0
                },
                "ctype": "PointFrameData"
              },
              {
                "X": -3.98,
                "Y": -4.4804,
                "FrameIndex": 21,
                "EasingData": {
                  "Type": 0
                },
                "ctype": "PointFrameData"
              },
              {
                "X": -2.98,
                "Y": -4.4804,
                "FrameIndex": 24,
                "EasingData": {
                  "Type": 0
                },
                "ctype": "PointFrameData"
              },
              {
                "X": -3.98,
                "Y": -4.4804,
                "FrameIndex": 27,
                "EasingData": {
                  "Type": 0
                },
                "ctype": "PointFrameData"
              },
              {
                "X": -7.9799,
                "Y": -2.4804,
                "FrameIndex": 30,
                "EasingData": {
                  "Type": 0
                },
                "ctype": "PointFrameData"
              },
              {
                "X": -8.9799,
                "Y": -2.4804,
                "FrameIndex": 33,
                "EasingData": {
                  "Type": 0
                },
                "ctype": "PointFrameData"
              },
              {
                "X": -3.6265,
                "Y": -3.4608,
                "FrameIndex": 36,
                "EasingData": {
                  "Type": 0
                },
                "ctype": "PointFrameData"
              },
              {
                "X": 4.7074,
                "Y": -6.4022,
                "FrameIndex": 39,
                "EasingData": {
                  "Type": 0
                },
                "ctype": "PointFrameData"
              },
              {
                "X": 3.7074,
                "Y": -4.9119,
                "FrameIndex": 42,
                "EasingData": {
                  "Type": 0
                },
                "ctype": "PointFrameData"
              },
              {
                "X": 1.7074,
                "Y": -4.9119,
                "FrameIndex": 45,
                "EasingData": {
                  "Type": 0
                },
                "ctype": "PointFrameData"
              },
              {
                "X": -3.1948,
                "Y": -4.4217,
                "FrameIndex": 48,
                "EasingData": {
                  "Type": 0
                },
                "ctype": "PointFrameData"
              },
              {
                "X": -4.1948,
                "Y": -4.4217,
                "FrameIndex": 51,
                "EasingData": {
                  "Type": 0
                },
                "ctype": "PointFrameData"
              },
              {
                "X": -4.1948,
                "Y": -4.4217,
                "FrameIndex": 54,
                "EasingData": {
                  "Type": 0
                },
                "ctype": "PointFrameData"
              },
              {
                "X": -4.1948,
                "Y": -4.4217,
                "FrameIndex": 57,
                "EasingData": {
                  "Type": 0
                },
                "ctype": "PointFrameData"
              },
              {
                "X": -4.1947,
                "Y": -4.4217,
                "FrameIndex": 60,
                "EasingData": {
                  "Type": 0
                },
                "ctype": "PointFrameData"
              }
            ],
            "ctype": "TimelineData"
          },
          {
            "ActionTag": -747205748,
            "Property": "FileData",
            "Frames": [
              {
                "TextureFile": {
                  "Type": "MarkedSubImage",
                  "Path": "enemy/enemy1001/enemy1001_atk01.png",
                  "Plist": "enemy1001.plist"
                },
                "FrameIndex": 0,
                "Tween": false,
                "ctype": "TextureFrameData"
              },
              {
                "TextureFile": {
                  "Type": "MarkedSubImage",
                  "Path": "enemy/enemy1001/enemy1001_atk02.png",
                  "Plist": "enemy1001.plist"
                },
                "FrameIndex": 3,
                "Tween": false,
                "ctype": "TextureFrameData"
              },
              {
                "TextureFile": {
                  "Type": "MarkedSubImage",
                  "Path": "enemy/enemy1001/enemy1001_atk03.png",
                  "Plist": "enemy1001.plist"
                },
                "FrameIndex": 6,
                "Tween": false,
                "ctype": "TextureFrameData"
              },
              {
                "TextureFile": {
                  "Type": "MarkedSubImage",
                  "Path": "enemy/enemy1001/enemy1001_atk04.png",
                  "Plist": "enemy1001.plist"
                },
                "FrameIndex": 9,
                "Tween": false,
                "ctype": "TextureFrameData"
              },
              {
                "TextureFile": {
                  "Type": "MarkedSubImage",
                  "Path": "enemy/enemy1001/enemy1001_atk05.png",
                  "Plist": "enemy1001.plist"
                },
                "FrameIndex": 12,
                "Tween": false,
                "ctype": "TextureFrameData"
              },
              {
                "TextureFile": {
                  "Type": "MarkedSubImage",
                  "Path": "enemy/enemy1001/enemy1001_atk06.png",
                  "Plist": "enemy1001.plist"
                },
                "FrameIndex": 15,
                "Tween": false,
                "ctype": "TextureFrameData"
              },
              {
                "TextureFile": {
                  "Type": "MarkedSubImage",
                  "Path": "enemy/enemy1001/enemy1001_atk07.png",
                  "Plist": "enemy1001.plist"
                },
                "FrameIndex": 18,
                "Tween": false,
                "ctype": "TextureFrameData"
              },
              {
                "TextureFile": {
                  "Type": "MarkedSubImage",
                  "Path": "enemy/enemy1001/enemy1001_die01.png",
                  "Plist": "enemy1001.plist"
                },
                "FrameIndex": 21,
                "Tween": false,
                "ctype": "TextureFrameData"
              },
              {
                "TextureFile": {
                  "Type": "MarkedSubImage",
                  "Path": "enemy/enemy1001/enemy1001_die02.png",
                  "Plist": "enemy1001.plist"
                },
                "FrameIndex": 24,
                "Tween": false,
                "ctype": "TextureFrameData"
              },
              {
                "TextureFile": {
                  "Type": "MarkedSubImage",
                  "Path": "enemy/enemy1001/enemy1001_die03.png",
                  "Plist": "enemy1001.plist"
                },
                "FrameIndex": 27,
                "Tween": false,
                "ctype": "TextureFrameData"
              },
              {
                "TextureFile": {
                  "Type": "MarkedSubImage",
                  "Path": "enemy/enemy1001/enemy1001_die04.png",
                  "Plist": "enemy1001.plist"
                },
                "FrameIndex": 30,
                "Tween": false,
                "ctype": "TextureFrameData"
              },
              {
                "TextureFile": {
                  "Type": "MarkedSubImage",
                  "Path": "enemy/enemy1001/enemy1001_die05.png",
                  "Plist": "enemy1001.plist"
                },
                "FrameIndex": 33,
                "Tween": false,
                "ctype": "TextureFrameData"
              },
              {
                "TextureFile": {
                  "Type": "MarkedSubImage",
                  "Path": "enemy/enemy1001/enemy1001_hit01.png",
                  "Plist": "enemy1001.plist"
                },
                "FrameIndex": 36,
                "Tween": false,
                "ctype": "TextureFrameData"
              },
              {
                "TextureFile": {
                  "Type": "MarkedSubImage",
                  "Path": "enemy/enemy1001/enemy1001_hit02.png",
                  "Plist": "enemy1001.plist"
                },
                "FrameIndex": 39,
                "Tween": false,
                "ctype": "TextureFrameData"
              },
              {
                "TextureFile": {
                  "Type": "MarkedSubImage",
                  "Path": "enemy/enemy1001/enemy1001_hit03.png",
                  "Plist": "enemy1001.plist"
                },
                "FrameIndex": 42,
                "Tween": false,
                "ctype": "TextureFrameData"
              },
              {
                "TextureFile": {
                  "Type": "MarkedSubImage",
                  "Path": "enemy/enemy1001/enemy1001_hit04.png",
                  "Plist": "enemy1001.plist"
                },
                "FrameIndex": 45,
                "Tween": false,
                "ctype": "TextureFrameData"
              },
              {
                "TextureFile": {
                  "Type": "MarkedSubImage",
                  "Path": "enemy/enemy1001/enemy1001_hit05.png",
                  "Plist": "enemy1001.plist"
                },
                "FrameIndex": 48,
                "Tween": false,
                "ctype": "TextureFrameData"
              },
              {
                "TextureFile": {
                  "Type": "MarkedSubImage",
                  "Path": "enemy/enemy1001/enemy1001_stand01.png",
                  "Plist": "enemy1001.plist"
                },
                "FrameIndex": 51,
                "Tween": false,
                "ctype": "TextureFrameData"
              },
              {
                "TextureFile": {
                  "Type": "MarkedSubImage",
                  "Path": "enemy/enemy1001/enemy1001_stand02.png",
                  "Plist": "enemy1001.plist"
                },
                "FrameIndex": 54,
                "Tween": false,
                "ctype": "TextureFrameData"
              },
              {
                "TextureFile": {
                  "Type": "MarkedSubImage",
                  "Path": "enemy/enemy1001/enemy1001_stand03.png",
                  "Plist": "enemy1001.plist"
                },
                "FrameIndex": 57,
                "Tween": false,
                "ctype": "TextureFrameData"
              },
              {
                "TextureFile": {
                  "Type": "MarkedSubImage",
                  "Path": "enemy/enemy1001/enemy1001_stand04.png",
                  "Plist": "enemy1001.plist"
                },
                "FrameIndex": 60,
                "Tween": false,
                "ctype": "TextureFrameData"
              }
            ],
            "ctype": "TimelineData"
          }
        ],
        "ctype": "TimelineActionData"
      },
      "AnimationList": [
        {
          "StartIndex": 0,
          "EndIndex": 18,
          "Name": "atk",
          "ctype": "AnimationInfoData"
        },
        {
          "StartIndex": 21,
          "EndIndex": 33,
          "Name": "die",
          "ctype": "AnimationInfoData"
        },
        {
          "StartIndex": 36,
          "EndIndex": 48,
          "Name": "hit",
          "ctype": "AnimationInfoData"
        },
        {
          "StartIndex": 51,
          "EndIndex": 60,
          "Name": "stand",
          "ctype": "AnimationInfoData"
        }
      ],
      "ObjectData": {
        "Children": [
          {
            "FileData": {
              "Type": "MarkedSubImage",
              "Path": "enemy/enemy1001/enemy1001_atk01.png",
              "Plist": "enemy1001.plist"
            },
            "BlendFunc": {
              "Src": 770,
              "Dst": 771
            },
            "AnchorPoint": {
              "ScaleX": 0.5
            },
            "Position": {
              "X": -2.5098,
              "Y": -4.5
            },
            "Scale": {
              "ScaleX": 1.0,
              "ScaleY": 1.0
            },
            "CColor": {},
            "IconVisible": false,
            "PrePosition": {
              "X": 0.0,
              "Y": 0.0
            },
            "PreSize": {
              "X": 0.0,
              "Y": 0.0
            },
            "LeftMargin": -45.0098,
            "RightMargin": -39.9902,
            "TopMargin": -95.5,
            "BottomMargin": -4.5,
            "Tag": 2,
            "ActionTag": -747205748,
            "Size": {
              "X": 85.0,
              "Y": 100.0
            },
            "Name": "enemy",
            "ctype": "SpriteObjectData"
          }
        ],
        "Size": {
          "X": 0.0,
          "Y": 0.0
        },
        "Name": "Node",
        "ctype": "SingleNodeObjectData"
      },
      "UsedResources": [
        "enemy1001.plist",
        "enemy1001.png"
      ],
      "ctype": "GameFileData"
    }
  },
  "Type": "Node"
}