{
  "ID": "9f597128-d3c3-4316-8f0f-24950c8c7720",
  "Version": "2.3.3.0",
  "Name": "fairy01",
  "Content": {
    "Content": {
      "Animation": {
        "Duration": 27,
        "Speed": 0.5,
        "Timelines": [
          {
            "ActionTag": 1111306293,
            "Property": "Position",
            "Frames": [
              {
                "X": -6.2977,
                "Y": -4.829,
                "FrameIndex": 0,
                "EasingData": {
                  "Type": 0
                },
                "ctype": "PointFrameData"
              },
              {
                "X": -6.2977,
                "Y": -4.829,
                "FrameIndex": 3,
                "EasingData": {
                  "Type": 0
                },
                "ctype": "PointFrameData"
              },
              {
                "X": -6.2977,
                "Y": -4.829,
                "FrameIndex": 6,
                "EasingData": {
                  "Type": 0
                },
                "ctype": "PointFrameData"
              },
              {
                "X": -6.2977,
                "Y": -4.829,
                "FrameIndex": 9,
                "EasingData": {
                  "Type": 0
                },
                "ctype": "PointFrameData"
              },
              {
                "X": -14.9535,
                "Y": -13.7823,
                "FrameIndex": 12,
                "EasingData": {
                  "Type": 0
                },
                "ctype": "PointFrameData"
              },
              {
                "X": -13.9535,
                "Y": -8.7823,
                "FrameIndex": 15,
                "EasingData": {
                  "Type": 0
                },
                "ctype": "PointFrameData"
              },
              {
                "X": -10.9536,
                "Y": -0.7823,
                "FrameIndex": 18,
                "EasingData": {
                  "Type": 0
                },
                "ctype": "PointFrameData"
              },
              {
                "X": -8.9536,
                "Y": 5.2177,
                "FrameIndex": 21,
                "EasingData": {
                  "Type": 0
                },
                "ctype": "PointFrameData"
              },
              {
                "X": -10.9535,
                "Y": -0.7823,
                "FrameIndex": 24,
                "EasingData": {
                  "Type": 0
                },
                "ctype": "PointFrameData"
              },
              {
                "X": -13.9535,
                "Y": -8.7823,
                "FrameIndex": 27,
                "EasingData": {
                  "Type": 0
                },
                "ctype": "PointFrameData"
              }
            ],
            "ctype": "TimelineData"
          },
          {
            "ActionTag": 1111306293,
            "Property": "FileData",
            "Frames": [
              {
                "TextureFile": {
                  "Type": "MarkedSubImage",
                  "Path": "fairy/fairy01/fairy01_die01.png",
                  "Plist": "other.plist"
                },
                "FrameIndex": 0,
                "Tween": false,
                "ctype": "TextureFrameData"
              },
              {
                "TextureFile": {
                  "Type": "MarkedSubImage",
                  "Path": "fairy/fairy01/fairy01_die02.png",
                  "Plist": "other.plist"
                },
                "FrameIndex": 3,
                "Tween": false,
                "ctype": "TextureFrameData"
              },
              {
                "TextureFile": {
                  "Type": "MarkedSubImage",
                  "Path": "fairy/fairy01/fairy01_die03.png",
                  "Plist": "other.plist"
                },
                "FrameIndex": 6,
                "Tween": false,
                "ctype": "TextureFrameData"
              },
              {
                "TextureFile": {
                  "Type": "MarkedSubImage",
                  "Path": "fairy/fairy01/fairy01_die04.png",
                  "Plist": "other.plist"
                },
                "FrameIndex": 9,
                "Tween": false,
                "ctype": "TextureFrameData"
              },
              {
                "TextureFile": {
                  "Type": "MarkedSubImage",
                  "Path": "fairy/fairy01/fairy01_run01.png",
                  "Plist": "other.plist"
                },
                "FrameIndex": 12,
                "Tween": false,
                "ctype": "TextureFrameData"
              },
              {
                "TextureFile": {
                  "Type": "MarkedSubImage",
                  "Path": "fairy/fairy01/fairy01_run02.png",
                  "Plist": "other.plist"
                },
                "FrameIndex": 15,
                "Tween": false,
                "ctype": "TextureFrameData"
              },
              {
                "TextureFile": {
                  "Type": "MarkedSubImage",
                  "Path": "fairy/fairy01/fairy01_run03.png",
                  "Plist": "other.plist"
                },
                "FrameIndex": 18,
                "Tween": false,
                "ctype": "TextureFrameData"
              },
              {
                "TextureFile": {
                  "Type": "MarkedSubImage",
                  "Path": "fairy/fairy01/fairy01_run04.png",
                  "Plist": "other.plist"
                },
                "FrameIndex": 21,
                "Tween": false,
                "ctype": "TextureFrameData"
              },
              {
                "TextureFile": {
                  "Type": "MarkedSubImage",
                  "Path": "fairy/fairy01/fairy01_run05.png",
                  "Plist": "other.plist"
                },
                "FrameIndex": 24,
                "Tween": false,
                "ctype": "TextureFrameData"
              },
              {
                "TextureFile": {
                  "Type": "MarkedSubImage",
                  "Path": "fairy/fairy01/fairy01_run06.png",
                  "Plist": "other.plist"
                },
                "FrameIndex": 27,
                "Tween": false,
                "ctype": "TextureFrameData"
              }
            ],
            "ctype": "TimelineData"
          }
        ],
        "ctype": "TimelineActionData"
      },
      "AnimationList": [
        {
          "StartIndex": 0,
          "EndIndex": 9,
          "Name": "die",
          "ctype": "AnimationInfoData"
        },
        {
          "StartIndex": 12,
          "EndIndex": 27,
          "Name": "run",
          "ctype": "AnimationInfoData"
        }
      ],
      "ObjectData": {
        "Tag": 50,
        "Children": [
          {
            "FileData": {
              "Type": "MarkedSubImage",
              "Path": "fairy/fairy01/fairy01_die01.png",
              "Plist": "other.plist"
            },
            "BlendFunc": {
              "Src": 770,
              "Dst": 771
            },
            "AnchorPoint": {
              "ScaleX": 0.5
            },
            "Position": {
              "X": -6.2977,
              "Y": -4.829
            },
            "Scale": {
              "ScaleX": 1.0,
              "ScaleY": 1.0
            },
            "CColor": {},
            "IconVisible": false,
            "PrePosition": {
              "X": 0.0,
              "Y": 0.0
            },
            "PreSize": {
              "X": 0.0,
              "Y": 0.0
            },
            "LeftMargin": -37.7977,
            "RightMargin": -25.2023,
            "TopMargin": -77.171,
            "BottomMargin": -4.829,
            "Tag": 51,
            "ActionTag": 1111306293,
            "Size": {
              "X": 63.0,
              "Y": 82.0
            },
            "Name": "fairy01",
            "ctype": "SpriteObjectData"
          }
        ],
        "Size": {
          "X": 0.0,
          "Y": 0.0
        },
        "Name": "Node",
        "ctype": "SingleNodeObjectData"
      },
      "UsedResources": [
        "other.plist",
        "other.png"
      ],
      "ctype": "GameFileData"
    }
  },
  "Type": "Node"
}