{
  "ID": "dc51b573-ace8-4c91-b34b-5f613b3a11a2",
  "Version": "2.3.3.0",
  "Name": "gold03",
  "Content": {
    "Content": {
      "Animation": {
        "Duration": 3,
        "Speed": 0.3333,
        "Timelines": [
          {
            "ActionTag": 813131945,
            "Property": "Position",
            "Frames": [
              {
                "X": 0.0,
                "Y": 0.0,
                "FrameIndex": 0,
                "EasingData": {
                  "Type": 0
                },
                "ctype": "PointFrameData"
              },
              {
                "X": 0.0,
                "Y": 0.0,
                "FrameIndex": 3,
                "EasingData": {
                  "Type": 0
                },
                "ctype": "PointFrameData"
              }
            ],
            "ctype": "TimelineData"
          },
          {
            "ActionTag": 813131945,
            "Property": "FileData",
            "Frames": [
              {
                "TextureFile": {
                  "Type": "MarkedSubImage",
                  "Path": "gold/gold03/gold03_shine01.png",
                  "Plist": "gold03.plist"
                },
                "FrameIndex": 0,
                "Tween": false,
                "ctype": "TextureFrameData"
              },
              {
                "TextureFile": {
                  "Type": "MarkedSubImage",
                  "Path": "gold/gold03/gold03_shine02.png",
                  "Plist": "gold03.plist"
                },
                "FrameIndex": 3,
                "Tween": false,
                "ctype": "TextureFrameData"
              }
            ],
            "ctype": "TimelineData"
          }
        ],
        "ctype": "TimelineActionData"
      },
      "AnimationList": [
        {
          "StartIndex": 0,
          "EndIndex": 3,
          "Name": "shine",
          "ctype": "AnimationInfoData"
        }
      ],
      "ObjectData": {
        "Tag": 15,
        "Children": [
          {
            "FileData": {
              "Type": "MarkedSubImage",
              "Path": "gold/gold03/gold03_shine01.png",
              "Plist": "gold03.plist"
            },
            "BlendFunc": {
              "Src": 770,
              "Dst": 771
            },
            "AnchorPoint": {
              "ScaleX": 0.5,
              "ScaleY": 0.5
            },
            "Position": {
              "X": 0.0,
              "Y": 0.0
            },
            "Scale": {
              "ScaleX": 0.5,
              "ScaleY": 0.5
            },
            "CColor": {},
            "IconVisible": false,
            "PrePosition": {
              "X": 0.0,
              "Y": 0.0
            },
            "PreSize": {
              "X": 0.0,
              "Y": 0.0
            },
            "LeftMargin": -39.5,
            "RightMargin": -39.5,
            "TopMargin": -32.0,
            "BottomMargin": -32.0,
            "Tag": 23,
            "ActionTag": 813131945,
            "Size": {
              "X": 79.0,
              "Y": 64.0
            },
            "Name": "gold03",
            "ctype": "SpriteObjectData"
          }
        ],
        "Size": {
          "X": 0.0,
          "Y": 0.0
        },
        "Name": "Node",
        "ctype": "SingleNodeObjectData"
      },
      "UsedResources": [
        "gold03.plist",
        "gold03.png"
      ],
      "ctype": "GameFileData"
    }
  },
  "Type": "Node"
}