{
  "ID": "4f9134bc-8943-4dc4-a394-c35038ae01bf",
  "Version": "2.3.3.0",
  "Name": "gold01",
  "Content": {
    "Content": {
      "Animation": {
        "Duration": 3,
        "Speed": 0.3333,
        "Timelines": [
          {
            "ActionTag": -245340684,
            "Property": "FileData",
            "Frames": [
              {
                "TextureFile": {
                  "Type": "MarkedSubImage",
                  "Path": "gold/gold01/gold01_shine01.png",
                  "Plist": "gold01.plist"
                },
                "FrameIndex": 0,
                "Tween": false,
                "ctype": "TextureFrameData"
              },
              {
                "TextureFile": {
                  "Type": "MarkedSubImage",
                  "Path": "gold/gold01/gold01_shine02.png",
                  "Plist": "gold01.plist"
                },
                "FrameIndex": 3,
                "Tween": false,
                "ctype": "TextureFrameData"
              }
            ],
            "ctype": "TimelineData"
          }
        ],
        "ctype": "TimelineActionData"
      },
      "AnimationList": [
        {
          "StartIndex": 0,
          "EndIndex": 3,
          "Name": "shine",
          "ctype": "AnimationInfoData"
        }
      ],
      "ObjectData": {
        "Tag": 20,
        "Children": [
          {
            "FileData": {
              "Type": "MarkedSubImage",
              "Path": "gold/gold01/gold01_shine01.png",
              "Plist": "gold01.plist"
            },
            "BlendFunc": {
              "Src": 770,
              "Dst": 771
            },
            "AnchorPoint": {
              "ScaleX": 0.5,
              "ScaleY": 0.5
            },
            "Position": {
              "X": 0.0,
              "Y": 0.0
            },
            "Scale": {
              "ScaleX": 0.8,
              "ScaleY": 0.8
            },
            "CColor": {},
            "IconVisible": false,
            "PrePosition": {
              "X": 0.0,
              "Y": 0.0
            },
            "PreSize": {
              "X": 0.0,
              "Y": 0.0
            },
            "LeftMargin": -22.5,
            "RightMargin": -22.5,
            "TopMargin": -20.5,
            "BottomMargin": -20.5,
            "Tag": 21,
            "ActionTag": -245340684,
            "Size": {
              "X": 45.0,
              "Y": 41.0
            },
            "Name": "gold01",
            "ctype": "SpriteObjectData"
          }
        ],
        "Size": {
          "X": 0.0,
          "Y": 0.0
        },
        "Name": "Node",
        "ctype": "SingleNodeObjectData"
      },
      "UsedResources": [
        "gold01.plist",
        "gold01.png"
      ],
      "ctype": "GameFileData"
    }
  },
  "Type": "Node"
}