{
  "ID": "def943e5-4b91-4dea-8a15-6d6d917e49a4",
  "Version": "2.3.3.0",
  "Name": "hand01",
  "Content": {
    "Content": {
      "Animation": {
        "Duration": 3,
        "Speed": 0.1667,
        "Timelines": [
          {
            "ActionTag": -1262535167,
            "Property": "Position",
            "Frames": [
              {
                "X": 0.0,
                "Y": 10.0,
                "FrameIndex": 0,
                "EasingData": {
                  "Type": 0
                },
                "ctype": "PointFrameData"
              },
              {
                "X": 0.0,
                "Y": 0.0,
                "FrameIndex": 3,
                "EasingData": {
                  "Type": 0
                },
                "ctype": "PointFrameData"
              }
            ],
            "ctype": "TimelineData"
          },
          {
            "ActionTag": -1262535167,
            "Property": "FileData",
            "Frames": [
              {
                "TextureFile": {
                  "Type": "MarkedSubImage",
                  "Path": "guide/hand_point01.png",
                  "Plist": "other.plist"
                },
                "FrameIndex": 0,
                "Tween": false,
                "ctype": "TextureFrameData"
              },
              {
                "TextureFile": {
                  "Type": "MarkedSubImage",
                  "Path": "guide/hand_point02.png",
                  "Plist": "other.plist"
                },
                "FrameIndex": 3,
                "Tween": false,
                "ctype": "TextureFrameData"
              }
            ],
            "ctype": "TimelineData"
          },
          {
            "ActionTag": -1262535167,
            "Property": "AnchorPoint",
            "Frames": [
              {
                "X": 0.5,
                "Y": 0.0,
                "FrameIndex": 0,
                "EasingData": {
                  "Type": 0
                },
                "ctype": "ScaleValueFrameData"
              }
            ],
            "ctype": "TimelineData"
          }
        ],
        "ctype": "TimelineActionData"
      },
      "AnimationList": [
        {
          "StartIndex": 0,
          "EndIndex": 3,
          "Name": "point",
          "ctype": "AnimationInfoData"
        }
      ],
      "ObjectData": {
        "Children": [
          {
            "FileData": {
              "Type": "MarkedSubImage",
              "Path": "guide/hand_point02.png",
              "Plist": "other.plist"
            },
            "BlendFunc": {
              "Src": 770,
              "Dst": 771
            },
            "AnchorPoint": {
              "ScaleX": 0.5
            },
            "Position": {
              "X": 0.0,
              "Y": 0.0
            },
            "Scale": {
              "ScaleX": 1.0,
              "ScaleY": 1.0
            },
            "CColor": {},
            "IconVisible": false,
            "PrePosition": {
              "X": 0.0,
              "Y": 0.0
            },
            "PreSize": {
              "X": 0.0,
              "Y": 0.0
            },
            "LeftMargin": -40.0,
            "RightMargin": -40.0,
            "TopMargin": -90.0,
            "Tag": 2,
            "ActionTag": -1262535167,
            "Size": {
              "X": 80.0,
              "Y": 90.0
            },
            "Name": "hand",
            "ctype": "SpriteObjectData"
          }
        ],
        "Size": {
          "X": 0.0,
          "Y": 0.0
        },
        "Name": "Node",
        "ctype": "SingleNodeObjectData"
      },
      "UsedResources": [
        "other.plist",
        "other.png"
      ],
      "ctype": "GameFileData"
    }
  },
  "Type": "Node"
}