{
  "ID": "fd9c7335-598f-483c-ba78-4d9e78602e9a",
  "Version": "2.3.3.0",
  "Name": "hero101",
  "Content": {
    "Content": {
      "Animation": {
        "Duration": 84,
        "Speed": 0.4167,
        "Timelines": [
          {
            "ActionTag": 686399736,
            "Property": "Position",
            "Frames": [
              {
                "X": -21.8623,
                "Y": -4.9797,
                "FrameIndex": 0,
                "EasingData": {
                  "Type": 0
                },
                "ctype": "PointFrameData"
              },
              {
                "X": 12.7501,
                "Y": -24.9062,
                "FrameIndex": 3,
                "EasingData": {
                  "Type": 0
                },
                "ctype": "PointFrameData"
              },
              {
                "X": 23.5414,
                "Y": -15.4155,
                "FrameIndex": 6,
                "EasingData": {
                  "Type": 0
                },
                "ctype": "PointFrameData"
              },
              {
                "X": -4.7206,
                "Y": -10.8873,
                "FrameIndex": 9,
                "EasingData": {
                  "Type": 0
                },
                "ctype": "PointFrameData"
              },
              {
                "X": -4.3658,
                "Y": -11.562,
                "FrameIndex": 12,
                "EasingData": {
                  "Type": 0
                },
                "ctype": "PointFrameData"
              },
              {
                "X": 1.8488,
                "Y": -17.5202,
                "FrameIndex": 15,
                "EasingData": {
                  "Type": 0
                },
                "ctype": "PointFrameData"
              },
              {
                "X": -3.198,
                "Y": -8.2174,
                "FrameIndex": 18,
                "EasingData": {
                  "Type": 0
                },
                "ctype": "PointFrameData"
              },
              {
                "X": -21.8521,
                "Y": -3.9492,
                "FrameIndex": 21,
                "EasingData": {
                  "Type": 0
                },
                "ctype": "PointFrameData"
              },
              {
                "X": 0.0,
                "Y": 0.0,
                "FrameIndex": 24,
                "EasingData": {
                  "Type": 0
                },
                "ctype": "PointFrameData"
              },
              {
                "X": -21.3766,
                "Y": -4.3675,
                "FrameIndex": 27,
                "EasingData": {
                  "Type": 0
                },
                "ctype": "PointFrameData"
              },
              {
                "X": -20.6951,
                "Y": -0.2832,
                "FrameIndex": 30,
                "EasingData": {
                  "Type": 0
                },
                "ctype": "PointFrameData"
              },
              {
                "X": -21.6243,
                "Y": -0.2283,
                "FrameIndex": 33,
                "EasingData": {
                  "Type": 0
                },
                "ctype": "PointFrameData"
              },
              {
                "X": -22.2201,
                "Y": -0.5067,
                "FrameIndex": 36,
                "EasingData": {
                  "Type": 0
                },
                "ctype": "PointFrameData"
              },
              {
                "X": -22.3159,
                "Y": -1.2851,
                "FrameIndex": 39,
                "EasingData": {
                  "Type": 0
                },
                "ctype": "PointFrameData"
              },
              {
                "X": -20.4117,
                "Y": -4.0635,
                "FrameIndex": 42,
                "EasingData": {
                  "Type": 0
                },
                "ctype": "PointFrameData"
              },
              {
                "X": -12.3411,
                "Y": -2.0086,
                "FrameIndex": 45,
                "EasingData": {
                  "Type": 0
                },
                "ctype": "PointFrameData"
              },
              {
                "X": -6.9975,
                "Y": -2.1355,
                "FrameIndex": 48,
                "EasingData": {
                  "Type": 0
                },
                "ctype": "PointFrameData"
              },
              {
                "X": -3.2537,
                "Y": -2.2624,
                "FrameIndex": 51,
                "EasingData": {
                  "Type": 0
                },
                "ctype": "PointFrameData"
              },
              {
                "X": -21.4498,
                "Y": -3.1154,
                "FrameIndex": 54,
                "EasingData": {
                  "Type": 0
                },
                "ctype": "PointFrameData"
              },
              {
                "X": 3.5266,
                "Y": -12.9328,
                "FrameIndex": 57,
                "EasingData": {
                  "Type": 0
                },
                "ctype": "PointFrameData"
              },
              {
                "X": -24.5131,
                "Y": -18.476,
                "FrameIndex": 60,
                "EasingData": {
                  "Type": 0
                },
                "ctype": "PointFrameData"
              },
              {
                "X": -12.7559,
                "Y": -5.6073,
                "FrameIndex": 63,
                "EasingData": {
                  "Type": 0
                },
                "ctype": "PointFrameData"
              },
              {
                "X": -21.5967,
                "Y": -3.5914,
                "FrameIndex": 66,
                "EasingData": {
                  "Type": 0
                },
                "ctype": "PointFrameData"
              },
              {
                "X": -21.2575,
                "Y": -4.0701,
                "FrameIndex": 69,
                "EasingData": {
                  "Type": 0
                },
                "ctype": "PointFrameData"
              },
              {
                "X": -20.692,
                "Y": -3.8482,
                "FrameIndex": 74,
                "EasingData": {
                  "Type": 0
                },
                "ctype": "PointFrameData"
              },
              {
                "X": -20.1267,
                "Y": -3.6263,
                "FrameIndex": 79,
                "EasingData": {
                  "Type": 0
                },
                "ctype": "PointFrameData"
              },
              {
                "X": -19.5614,
                "Y": -3.4044,
                "FrameIndex": 84,
                "EasingData": {
                  "Type": 0
                },
                "ctype": "PointFrameData"
              }
            ],
            "ctype": "TimelineData"
          },
          {
            "ActionTag": 686399736,
            "Property": "FileData",
            "Frames": [
              {
                "TextureFile": {
                  "Type": "MarkedSubImage",
                  "Path": "hero/hero101/hero101_atk01.png",
                  "Plist": "hero101.plist"
                },
                "FrameIndex": 0,
                "Tween": false,
                "ctype": "TextureFrameData"
              },
              {
                "TextureFile": {
                  "Type": "MarkedSubImage",
                  "Path": "hero/hero101/hero101_atk02.png",
                  "Plist": "hero101.plist"
                },
                "FrameIndex": 3,
                "Tween": false,
                "ctype": "TextureFrameData"
              },
              {
                "TextureFile": {
                  "Type": "MarkedSubImage",
                  "Path": "hero/hero101/hero101_atk03.png",
                  "Plist": "hero101.plist"
                },
                "FrameIndex": 6,
                "Tween": false,
                "ctype": "TextureFrameData"
              },
              {
                "TextureFile": {
                  "Type": "MarkedSubImage",
                  "Path": "hero/hero101/hero101_atk04.png",
                  "Plist": "hero101.plist"
                },
                "FrameIndex": 9,
                "Tween": false,
                "ctype": "TextureFrameData"
              },
              {
                "TextureFile": {
                  "Type": "MarkedSubImage",
                  "Path": "hero/hero101/hero101_atk05.png",
                  "Plist": "hero101.plist"
                },
                "FrameIndex": 12,
                "Tween": false,
                "ctype": "TextureFrameData"
              },
              {
                "TextureFile": {
                  "Type": "MarkedSubImage",
                  "Path": "hero/hero101/hero101_atk06.png",
                  "Plist": "hero101.plist"
                },
                "FrameIndex": 15,
                "Tween": false,
                "ctype": "TextureFrameData"
              },
              {
                "TextureFile": {
                  "Type": "MarkedSubImage",
                  "Path": "hero/hero101/hero101_atk07.png",
                  "Plist": "hero101.plist"
                },
                "FrameIndex": 18,
                "Tween": false,
                "ctype": "TextureFrameData"
              },
              {
                "TextureFile": {
                  "Type": "MarkedSubImage",
                  "Path": "hero/hero101/hero101_atk08.png",
                  "Plist": "hero101.plist"
                },
                "FrameIndex": 21,
                "Tween": false,
                "ctype": "TextureFrameData"
              },
              {
                "TextureFile": {
                  "Type": "MarkedSubImage",
                  "Path": "hero/hero101/hero101_dead01.png",
                  "Plist": "hero101.plist"
                },
                "FrameIndex": 24,
                "Tween": false,
                "ctype": "TextureFrameData"
              },
              {
                "TextureFile": {
                  "Type": "MarkedSubImage",
                  "Path": "hero/hero101/hero101_die01.png",
                  "Plist": "hero101.plist"
                },
                "FrameIndex": 27,
                "Tween": false,
                "ctype": "TextureFrameData"
              },
              {
                "TextureFile": {
                  "Type": "MarkedSubImage",
                  "Path": "hero/hero101/hero101_die02.png",
                  "Plist": "hero101.plist"
                },
                "FrameIndex": 30,
                "Tween": false,
                "ctype": "TextureFrameData"
              },
              {
                "TextureFile": {
                  "Type": "MarkedSubImage",
                  "Path": "hero/hero101/hero101_die03.png",
                  "Plist": "hero101.plist"
                },
                "FrameIndex": 33,
                "Tween": false,
                "ctype": "TextureFrameData"
              },
              {
                "TextureFile": {
                  "Type": "MarkedSubImage",
                  "Path": "hero/hero101/hero101_die04.png",
                  "Plist": "hero101.plist"
                },
                "FrameIndex": 36,
                "Tween": false,
                "ctype": "TextureFrameData"
              },
              {
                "TextureFile": {
                  "Type": "MarkedSubImage",
                  "Path": "hero/hero101/hero101_die05.png",
                  "Plist": "hero101.plist"
                },
                "FrameIndex": 39,
                "Tween": false,
                "ctype": "TextureFrameData"
              },
              {
                "TextureFile": {
                  "Type": "MarkedSubImage",
                  "Path": "hero/hero101/hero101_hit01.png",
                  "Plist": "hero101.plist"
                },
                "FrameIndex": 42,
                "Tween": false,
                "ctype": "TextureFrameData"
              },
              {
                "TextureFile": {
                  "Type": "MarkedSubImage",
                  "Path": "hero/hero101/hero101_hit02.png",
                  "Plist": "hero101.plist"
                },
                "FrameIndex": 45,
                "Tween": false,
                "ctype": "TextureFrameData"
              },
              {
                "TextureFile": {
                  "Type": "MarkedSubImage",
                  "Path": "hero/hero101/hero101_hit03.png",
                  "Plist": "hero101.plist"
                },
                "FrameIndex": 48,
                "Tween": false,
                "ctype": "TextureFrameData"
              },
              {
                "TextureFile": {
                  "Type": "MarkedSubImage",
                  "Path": "hero/hero101/hero101_hit04.png",
                  "Plist": "hero101.plist"
                },
                "FrameIndex": 51,
                "Tween": false,
                "ctype": "TextureFrameData"
              },
              {
                "TextureFile": {
                  "Type": "MarkedSubImage",
                  "Path": "hero/hero101/hero101_hit05.png",
                  "Plist": "hero101.plist"
                },
                "FrameIndex": 54,
                "Tween": false,
                "ctype": "TextureFrameData"
              },
              {
                "TextureFile": {
                  "Type": "MarkedSubImage",
                  "Path": "hero/hero101/hero101_skill01.png",
                  "Plist": "hero101.plist"
                },
                "FrameIndex": 57,
                "Tween": false,
                "ctype": "TextureFrameData"
              },
              {
                "TextureFile": {
                  "Type": "MarkedSubImage",
                  "Path": "hero/hero101/hero101_skill02.png",
                  "Plist": "hero101.plist"
                },
                "FrameIndex": 60,
                "Tween": false,
                "ctype": "TextureFrameData"
              },
              {
                "TextureFile": {
                  "Type": "MarkedSubImage",
                  "Path": "hero/hero101/hero101_skill03.png",
                  "Plist": "hero101.plist"
                },
                "FrameIndex": 63,
                "Tween": false,
                "ctype": "TextureFrameData"
              },
              {
                "TextureFile": {
                  "Type": "MarkedSubImage",
                  "Path": "hero/hero101/hero101_skill04.png",
                  "Plist": "hero101.plist"
                },
                "FrameIndex": 66,
                "Tween": false,
                "ctype": "TextureFrameData"
              },
              {
                "TextureFile": {
                  "Type": "MarkedSubImage",
                  "Path": "hero/hero101/hero101_stand01.png",
                  "Plist": "hero101.plist"
                },
                "FrameIndex": 69,
                "Tween": false,
                "ctype": "TextureFrameData"
              },
              {
                "TextureFile": {
                  "Type": "MarkedSubImage",
                  "Path": "hero/hero101/hero101_stand02.png",
                  "Plist": "hero101.plist"
                },
                "FrameIndex": 74,
                "Tween": false,
                "ctype": "TextureFrameData"
              },
              {
                "TextureFile": {
                  "Type": "MarkedSubImage",
                  "Path": "hero/hero101/hero101_stand03.png",
                  "Plist": "hero101.plist"
                },
                "FrameIndex": 79,
                "Tween": false,
                "ctype": "TextureFrameData"
              },
              {
                "TextureFile": {
                  "Type": "MarkedSubImage",
                  "Path": "hero/hero101/hero101_stand04.png",
                  "Plist": "hero101.plist"
                },
                "FrameIndex": 84,
                "Tween": false,
                "ctype": "TextureFrameData"
              }
            ],
            "ctype": "TimelineData"
          }
        ],
        "ctype": "TimelineActionData"
      },
      "AnimationList": [
        {
          "StartIndex": 0,
          "EndIndex": 21,
          "Name": "atk",
          "ctype": "AnimationInfoData"
        },
        {
          "StartIndex": 24,
          "EndIndex": 24,
          "Name": "dead",
          "ctype": "AnimationInfoData"
        },
        {
          "StartIndex": 27,
          "EndIndex": 39,
          "Name": "die",
          "ctype": "AnimationInfoData"
        },
        {
          "StartIndex": 42,
          "EndIndex": 51,
          "Name": "hit",
          "ctype": "AnimationInfoData"
        },
        {
          "StartIndex": 54,
          "EndIndex": 66,
          "Name": "skill",
          "ctype": "AnimationInfoData"
        },
        {
          "StartIndex": 69,
          "EndIndex": 84,
          "Name": "stand",
          "ctype": "AnimationInfoData"
        }
      ],
      "ObjectData": {
        "Tag": 5,
        "Children": [
          {
            "FileData": {
              "Type": "MarkedSubImage",
              "Path": "hero/hero101/hero101_atk01.png",
              "Plist": "hero101.plist"
            },
            "BlendFunc": {
              "Src": 770,
              "Dst": 771
            },
            "AnchorPoint": {
              "ScaleX": 0.5
            },
            "Position": {
              "X": -21.8623,
              "Y": -4.9797
            },
            "Scale": {
              "ScaleX": 1.0,
              "ScaleY": 1.0
            },
            "CColor": {},
            "IconVisible": false,
            "PrePosition": {
              "X": 0.0,
              "Y": 0.0
            },
            "PreSize": {
              "X": 0.0,
              "Y": 0.0
            },
            "LeftMargin": -70.3623,
            "RightMargin": -26.6377,
            "TopMargin": -93.0203,
            "BottomMargin": -4.9797,
            "Tag": 9,
            "ActionTag": 686399736,
            "Size": {
              "X": 97.0,
              "Y": 98.0
            },
            "Name": "hero",
            "ctype": "SpriteObjectData"
          }
        ],
        "Size": {
          "X": 0.0,
          "Y": 0.0
        },
        "Name": "Node",
        "ctype": "SingleNodeObjectData"
      },
      "UsedResources": [
        "hero101.plist",
        "hero101.png"
      ],
      "ctype": "GameFileData"
    }
  },
  "Type": "Node"
}