{
  "ID": "6598b700-9f80-41d6-9e4c-2138dc8500aa",
  "Version": "2.3.3.0",
  "Name": "hero105",
  "Content": {
    "Content": {
      "Animation": {
        "Duration": 81,
        "Speed": 0.4167,
        "Timelines": [
          {
            "ActionTag": -275940080,
            "Property": "Position",
            "Frames": [
              {
                "X": -9.5075,
                "Y": -12.4628,
                "FrameIndex": 0,
                "EasingData": {
                  "Type": 0
                },
                "ctype": "PointFrameData"
              },
              {
                "X": 41.6373,
                "Y": -16.8342,
                "FrameIndex": 3,
                "EasingData": {
                  "Type": 0
                },
                "ctype": "PointFrameData"
              },
              {
                "X": 43.1672,
                "Y": -18.3642,
                "FrameIndex": 6,
                "EasingData": {
                  "Type": 0
                },
                "ctype": "PointFrameData"
              },
              {
                "X": 7.5404,
                "Y": -17.7085,
                "FrameIndex": 9,
                "EasingData": {
                  "Type": 0
                },
                "ctype": "PointFrameData"
              },
              {
                "X": 10.1633,
                "Y": -10.7143,
                "FrameIndex": 12,
                "EasingData": {
                  "Type": 0
                },
                "ctype": "PointFrameData"
              },
              {
                "X": -15.1906,
                "Y": -9.84,
                "FrameIndex": 15,
                "EasingData": {
                  "Type": 0
                },
                "ctype": "PointFrameData"
              },
              {
                "X": -9.5076,
                "Y": -12.0257,
                "FrameIndex": 18,
                "EasingData": {
                  "Type": 0
                },
                "ctype": "PointFrameData"
              },
              {
                "X": -9.5076,
                "Y": -12.1714,
                "FrameIndex": 24,
                "EasingData": {
                  "Type": 0
                },
                "ctype": "PointFrameData"
              },
              {
                "X": -9.5076,
                "Y": -6.3429,
                "FrameIndex": 27,
                "EasingData": {
                  "Type": 0
                },
                "ctype": "PointFrameData"
              },
              {
                "X": -9.5076,
                "Y": -6.3429,
                "FrameIndex": 30,
                "EasingData": {
                  "Type": 0
                },
                "ctype": "PointFrameData"
              },
              {
                "X": 4.0436,
                "Y": -11.1514,
                "FrameIndex": 33,
                "EasingData": {
                  "Type": 0
                },
                "ctype": "PointFrameData"
              },
              {
                "X": 4.0436,
                "Y": -11.1514,
                "FrameIndex": 36,
                "EasingData": {
                  "Type": 0
                },
                "ctype": "PointFrameData"
              },
              {
                "X": -9.5075,
                "Y": -11.1514,
                "FrameIndex": 39,
                "EasingData": {
                  "Type": 0
                },
                "ctype": "PointFrameData"
              },
              {
                "X": -27.8072,
                "Y": -6.7801,
                "FrameIndex": 42,
                "EasingData": {
                  "Type": 0
                },
                "ctype": "PointFrameData"
              },
              {
                "X": -27.8072,
                "Y": -4.7801,
                "FrameIndex": 45,
                "EasingData": {
                  "Type": 0
                },
                "ctype": "PointFrameData"
              },
              {
                "X": -8.1361,
                "Y": -12.2114,
                "FrameIndex": 48,
                "EasingData": {
                  "Type": 0
                },
                "ctype": "PointFrameData"
              },
              {
                "X": -8.1361,
                "Y": -12.2114,
                "FrameIndex": 51,
                "EasingData": {
                  "Type": 0
                },
                "ctype": "PointFrameData"
              },
              {
                "X": -9.1361,
                "Y": -12.2114,
                "FrameIndex": 54,
                "EasingData": {
                  "Type": 0
                },
                "ctype": "PointFrameData"
              },
              {
                "X": -7.8246,
                "Y": -9.5886,
                "FrameIndex": 57,
                "EasingData": {
                  "Type": 0
                },
                "ctype": "PointFrameData"
              },
              {
                "X": 1.3553,
                "Y": -22.2655,
                "FrameIndex": 60,
                "EasingData": {
                  "Type": 0
                },
                "ctype": "PointFrameData"
              },
              {
                "X": -3.4532,
                "Y": -21.3913,
                "FrameIndex": 63,
                "EasingData": {
                  "Type": 0
                },
                "ctype": "PointFrameData"
              },
              {
                "X": -0.3933,
                "Y": -6.9658,
                "FrameIndex": 66,
                "EasingData": {
                  "Type": 0
                },
                "ctype": "PointFrameData"
              },
              {
                "X": -9.1358,
                "Y": -11.3372,
                "FrameIndex": 69,
                "EasingData": {
                  "Type": 0
                },
                "ctype": "PointFrameData"
              },
              {
                "X": -9.1358,
                "Y": -12.3372,
                "FrameIndex": 72,
                "EasingData": {
                  "Type": 0
                },
                "ctype": "PointFrameData"
              },
              {
                "X": -9.1358,
                "Y": -12.3372,
                "FrameIndex": 75,
                "EasingData": {
                  "Type": 0
                },
                "ctype": "PointFrameData"
              },
              {
                "X": -9.1358,
                "Y": -12.3372,
                "FrameIndex": 78,
                "EasingData": {
                  "Type": 0
                },
                "ctype": "PointFrameData"
              },
              {
                "X": -9.1358,
                "Y": -12.3372,
                "FrameIndex": 81,
                "EasingData": {
                  "Type": 0
                },
                "ctype": "PointFrameData"
              }
            ],
            "ctype": "TimelineData"
          },
          {
            "ActionTag": -275940080,
            "Property": "FileData",
            "Frames": [
              {
                "TextureFile": {
                  "Type": "MarkedSubImage",
                  "Path": "hero/hero105/hero105_atk01.png",
                  "Plist": "hero105.plist"
                },
                "FrameIndex": 0,
                "Tween": false,
                "ctype": "TextureFrameData"
              },
              {
                "TextureFile": {
                  "Type": "MarkedSubImage",
                  "Path": "hero/hero105/hero105_atk02.png",
                  "Plist": "hero105.plist"
                },
                "FrameIndex": 3,
                "Tween": false,
                "ctype": "TextureFrameData"
              },
              {
                "TextureFile": {
                  "Type": "MarkedSubImage",
                  "Path": "hero/hero105/hero105_atk03.png",
                  "Plist": "hero105.plist"
                },
                "FrameIndex": 6,
                "Tween": false,
                "ctype": "TextureFrameData"
              },
              {
                "TextureFile": {
                  "Type": "MarkedSubImage",
                  "Path": "hero/hero105/hero105_atk04.png",
                  "Plist": "hero105.plist"
                },
                "FrameIndex": 9,
                "Tween": false,
                "ctype": "TextureFrameData"
              },
              {
                "TextureFile": {
                  "Type": "MarkedSubImage",
                  "Path": "hero/hero105/hero105_atk05.png",
                  "Plist": "hero105.plist"
                },
                "FrameIndex": 12,
                "Tween": false,
                "ctype": "TextureFrameData"
              },
              {
                "TextureFile": {
                  "Type": "MarkedSubImage",
                  "Path": "hero/hero105/hero105_atk06.png",
                  "Plist": "hero105.plist"
                },
                "FrameIndex": 15,
                "Tween": false,
                "ctype": "TextureFrameData"
              },
              {
                "TextureFile": {
                  "Type": "MarkedSubImage",
                  "Path": "hero/hero105/hero105_atk07.png",
                  "Plist": "hero105.plist"
                },
                "FrameIndex": 18,
                "Tween": false,
                "ctype": "TextureFrameData"
              },
              {
                "TextureFile": {
                  "Type": "MarkedSubImage",
                  "Path": "hero/hero105/hero105_dead01.png",
                  "Plist": "hero105.plist"
                },
                "FrameIndex": 21,
                "Tween": false,
                "ctype": "TextureFrameData"
              },
              {
                "TextureFile": {
                  "Type": "MarkedSubImage",
                  "Path": "hero/hero105/hero105_die01.png",
                  "Plist": "hero105.plist"
                },
                "FrameIndex": 24,
                "Tween": false,
                "ctype": "TextureFrameData"
              },
              {
                "TextureFile": {
                  "Type": "MarkedSubImage",
                  "Path": "hero/hero105/hero105_die02.png",
                  "Plist": "hero105.plist"
                },
                "FrameIndex": 27,
                "Tween": false,
                "ctype": "TextureFrameData"
              },
              {
                "TextureFile": {
                  "Type": "MarkedSubImage",
                  "Path": "hero/hero105/hero105_die03.png",
                  "Plist": "hero105.plist"
                },
                "FrameIndex": 30,
                "Tween": false,
                "ctype": "TextureFrameData"
              },
              {
                "TextureFile": {
                  "Type": "MarkedSubImage",
                  "Path": "hero/hero105/hero105_die04.png",
                  "Plist": "hero105.plist"
                },
                "FrameIndex": 33,
                "Tween": false,
                "ctype": "TextureFrameData"
              },
              {
                "TextureFile": {
                  "Type": "MarkedSubImage",
                  "Path": "hero/hero105/hero105_die05.png",
                  "Plist": "hero105.plist"
                },
                "FrameIndex": 36,
                "Tween": false,
                "ctype": "TextureFrameData"
              },
              {
                "TextureFile": {
                  "Type": "MarkedSubImage",
                  "Path": "hero/hero105/hero105_hit01.png",
                  "Plist": "hero105.plist"
                },
                "FrameIndex": 39,
                "Tween": false,
                "ctype": "TextureFrameData"
              },
              {
                "TextureFile": {
                  "Type": "MarkedSubImage",
                  "Path": "hero/hero105/hero105_hit02.png",
                  "Plist": "hero105.plist"
                },
                "FrameIndex": 42,
                "Tween": false,
                "ctype": "TextureFrameData"
              },
              {
                "TextureFile": {
                  "Type": "MarkedSubImage",
                  "Path": "hero/hero105/hero105_hit03.png",
                  "Plist": "hero105.plist"
                },
                "FrameIndex": 45,
                "Tween": false,
                "ctype": "TextureFrameData"
              },
              {
                "TextureFile": {
                  "Type": "MarkedSubImage",
                  "Path": "hero/hero105/hero105_hit04.png",
                  "Plist": "hero105.plist"
                },
                "FrameIndex": 48,
                "Tween": false,
                "ctype": "TextureFrameData"
              },
              {
                "TextureFile": {
                  "Type": "MarkedSubImage",
                  "Path": "hero/hero105/hero105_hit05.png",
                  "Plist": "hero105.plist"
                },
                "FrameIndex": 51,
                "Tween": false,
                "ctype": "TextureFrameData"
              },
              {
                "TextureFile": {
                  "Type": "MarkedSubImage",
                  "Path": "hero/hero105/hero105_skill01.png",
                  "Plist": "hero105.plist"
                },
                "FrameIndex": 54,
                "Tween": false,
                "ctype": "TextureFrameData"
              },
              {
                "TextureFile": {
                  "Type": "MarkedSubImage",
                  "Path": "hero/hero105/hero105_skill02.png",
                  "Plist": "hero105.plist"
                },
                "FrameIndex": 57,
                "Tween": false,
                "ctype": "TextureFrameData"
              },
              {
                "TextureFile": {
                  "Type": "MarkedSubImage",
                  "Path": "hero/hero105/hero105_skill03.png",
                  "Plist": "hero105.plist"
                },
                "FrameIndex": 60,
                "Tween": false,
                "ctype": "TextureFrameData"
              },
              {
                "TextureFile": {
                  "Type": "MarkedSubImage",
                  "Path": "hero/hero105/hero105_skill04.png",
                  "Plist": "hero105.plist"
                },
                "FrameIndex": 63,
                "Tween": false,
                "ctype": "TextureFrameData"
              },
              {
                "TextureFile": {
                  "Type": "MarkedSubImage",
                  "Path": "hero/hero105/hero105_skill05.png",
                  "Plist": "hero105.plist"
                },
                "FrameIndex": 66,
                "Tween": false,
                "ctype": "TextureFrameData"
              },
              {
                "TextureFile": {
                  "Type": "MarkedSubImage",
                  "Path": "hero/hero105/hero105_skill06.png",
                  "Plist": "hero105.plist"
                },
                "FrameIndex": 69,
                "Tween": false,
                "ctype": "TextureFrameData"
              },
              {
                "TextureFile": {
                  "Type": "MarkedSubImage",
                  "Path": "hero/hero105/hero105_stand01.png",
                  "Plist": "hero105.plist"
                },
                "FrameIndex": 72,
                "Tween": false,
                "ctype": "TextureFrameData"
              },
              {
                "TextureFile": {
                  "Type": "MarkedSubImage",
                  "Path": "hero/hero105/hero105_stand02.png",
                  "Plist": "hero105.plist"
                },
                "FrameIndex": 75,
                "Tween": false,
                "ctype": "TextureFrameData"
              },
              {
                "TextureFile": {
                  "Type": "MarkedSubImage",
                  "Path": "hero/hero105/hero105_stand03.png",
                  "Plist": "hero105.plist"
                },
                "FrameIndex": 78,
                "Tween": false,
                "ctype": "TextureFrameData"
              },
              {
                "TextureFile": {
                  "Type": "MarkedSubImage",
                  "Path": "hero/hero105/hero105_stand04.png",
                  "Plist": "hero105.plist"
                },
                "FrameIndex": 81,
                "Tween": false,
                "ctype": "TextureFrameData"
              }
            ],
            "ctype": "TimelineData"
          }
        ],
        "ctype": "TimelineActionData"
      },
      "AnimationList": [
        {
          "StartIndex": 0,
          "EndIndex": 18,
          "Name": "atk",
          "ctype": "AnimationInfoData"
        },
        {
          "StartIndex": 21,
          "EndIndex": 21,
          "Name": "dead",
          "ctype": "AnimationInfoData"
        },
        {
          "StartIndex": 24,
          "EndIndex": 36,
          "Name": "die",
          "ctype": "AnimationInfoData"
        },
        {
          "StartIndex": 39,
          "EndIndex": 51,
          "Name": "hit",
          "ctype": "AnimationInfoData"
        },
        {
          "StartIndex": 54,
          "EndIndex": 69,
          "Name": "skill",
          "ctype": "AnimationInfoData"
        },
        {
          "StartIndex": 72,
          "EndIndex": 81,
          "Name": "stand",
          "ctype": "AnimationInfoData"
        }
      ],
      "ObjectData": {
        "Tag": 20,
        "Children": [
          {
            "FileData": {
              "Type": "MarkedSubImage",
              "Path": "hero/hero105/hero105_atk01.png",
              "Plist": "hero105.plist"
            },
            "BlendFunc": {
              "Src": 770,
              "Dst": 771
            },
            "AnchorPoint": {
              "ScaleX": 0.5
            },
            "Position": {
              "X": -9.5075,
              "Y": -12.4628
            },
            "Scale": {
              "ScaleX": 1.0,
              "ScaleY": 1.0
            },
            "CColor": {},
            "IconVisible": false,
            "PrePosition": {
              "X": 0.0,
              "Y": 0.0
            },
            "PreSize": {
              "X": 0.0,
              "Y": 0.0
            },
            "LeftMargin": -67.0075,
            "RightMargin": -47.9925,
            "TopMargin": -74.5372,
            "BottomMargin": -12.4628,
            "Tag": 25,
            "ActionTag": -275940080,
            "Size": {
              "X": 115.0,
              "Y": 87.0
            },
            "Name": "hero",
            "ctype": "SpriteObjectData"
          }
        ],
        "Size": {
          "X": 0.0,
          "Y": 0.0
        },
        "Name": "Node",
        "ctype": "SingleNodeObjectData"
      },
      "UsedResources": [
        "hero105.plist",
        "hero105.png"
      ],
      "ctype": "GameFileData"
    }
  },
  "Type": "Node"
}