{
  "ID": "0f51cfb8-b80a-4982-83ff-7b5c0a8aa80e",
  "Version": "2.3.3.0",
  "Name": "hero104",
  "Content": {
    "Content": {
      "Animation": {
        "Duration": 78,
        "Speed": 0.3333,
        "Timelines": [
          {
            "ActionTag": -1637620460,
            "Property": "Position",
            "Frames": [
              {
                "X": 6.1449,
                "Y": -9.1183,
                "FrameIndex": 0,
                "EasingData": {
                  "Type": 0
                },
                "ctype": "PointFrameData"
              },
              {
                "X": 29.4275,
                "Y": -10.7762,
                "FrameIndex": 3,
                "EasingData": {
                  "Type": 0
                },
                "ctype": "PointFrameData"
              },
              {
                "X": 27.4275,
                "Y": -10.7762,
                "FrameIndex": 6,
                "EasingData": {
                  "Type": 0
                },
                "ctype": "PointFrameData"
              },
              {
                "X": 20.4276,
                "Y": -10.7762,
                "FrameIndex": 9,
                "EasingData": {
                  "Type": 0
                },
                "ctype": "PointFrameData"
              },
              {
                "X": 11.4277,
                "Y": -10.7762,
                "FrameIndex": 12,
                "EasingData": {
                  "Type": 0
                },
                "ctype": "PointFrameData"
              },
              {
                "X": 21.3753,
                "Y": -9.1183,
                "FrameIndex": 15,
                "EasingData": {
                  "Type": 0
                },
                "ctype": "PointFrameData"
              },
              {
                "X": 6.0405,
                "Y": -9.5328,
                "FrameIndex": 18,
                "EasingData": {
                  "Type": 0
                },
                "ctype": "PointFrameData"
              },
              {
                "X": 0.0,
                "Y": 0.0,
                "FrameIndex": 21,
                "EasingData": {
                  "Type": 0
                },
                "ctype": "PointFrameData"
              },
              {
                "X": 6.803,
                "Y": -9.5328,
                "FrameIndex": 24,
                "EasingData": {
                  "Type": 0
                },
                "ctype": "PointFrameData"
              },
              {
                "X": 7.803,
                "Y": -10.5328,
                "FrameIndex": 27,
                "EasingData": {
                  "Type": 0
                },
                "ctype": "PointFrameData"
              },
              {
                "X": -7.9467,
                "Y": -7.6315,
                "FrameIndex": 30,
                "EasingData": {
                  "Type": 0
                },
                "ctype": "PointFrameData"
              },
              {
                "X": -18.7228,
                "Y": -1.4145,
                "FrameIndex": 33,
                "EasingData": {
                  "Type": 0
                },
                "ctype": "PointFrameData"
              },
              {
                "X": -6.2883,
                "Y": -7.217,
                "FrameIndex": 36,
                "EasingData": {
                  "Type": 0
                },
                "ctype": "PointFrameData"
              },
              {
                "X": 6.5607,
                "Y": -8.8749,
                "FrameIndex": 39,
                "EasingData": {
                  "Type": 0
                },
                "ctype": "PointFrameData"
              },
              {
                "X": 3.5606,
                "Y": -8.8749,
                "FrameIndex": 42,
                "EasingData": {
                  "Type": 0
                },
                "ctype": "PointFrameData"
              },
              {
                "X": 4.5606,
                "Y": -7.8749,
                "FrameIndex": 45,
                "EasingData": {
                  "Type": 0
                },
                "ctype": "PointFrameData"
              },
              {
                "X": 5.5606,
                "Y": -6.8749,
                "FrameIndex": 48,
                "EasingData": {
                  "Type": 0
                },
                "ctype": "PointFrameData"
              },
              {
                "X": 6.5607,
                "Y": -8.8749,
                "FrameIndex": 51,
                "EasingData": {
                  "Type": 0
                },
                "ctype": "PointFrameData"
              },
              {
                "X": -2.9721,
                "Y": -3.9013,
                "FrameIndex": 57,
                "EasingData": {
                  "Type": 0
                },
                "ctype": "PointFrameData"
              },
              {
                "X": 9.4622,
                "Y": -12.6051,
                "FrameIndex": 60,
                "EasingData": {
                  "Type": 0
                },
                "ctype": "PointFrameData"
              },
              {
                "X": -3.3862,
                "Y": -10.1183,
                "FrameIndex": 63,
                "EasingData": {
                  "Type": 0
                },
                "ctype": "PointFrameData"
              },
              {
                "X": 6.1468,
                "Y": -9.7039,
                "FrameIndex": 66,
                "EasingData": {
                  "Type": 0
                },
                "ctype": "PointFrameData"
              }
            ],
            "ctype": "TimelineData"
          },
          {
            "ActionTag": -1637620460,
            "Property": "FileData",
            "Frames": [
              {
                "TextureFile": {
                  "Type": "MarkedSubImage",
                  "Path": "hero/hero104/hero104_atk01.png",
                  "Plist": "hero104.plist"
                },
                "FrameIndex": 0,
                "Tween": false,
                "ctype": "TextureFrameData"
              },
              {
                "TextureFile": {
                  "Type": "MarkedSubImage",
                  "Path": "hero/hero104/hero104_atk02.png",
                  "Plist": "hero104.plist"
                },
                "FrameIndex": 3,
                "Tween": false,
                "ctype": "TextureFrameData"
              },
              {
                "TextureFile": {
                  "Type": "MarkedSubImage",
                  "Path": "hero/hero104/hero104_atk03.png",
                  "Plist": "hero104.plist"
                },
                "FrameIndex": 6,
                "Tween": false,
                "ctype": "TextureFrameData"
              },
              {
                "TextureFile": {
                  "Type": "MarkedSubImage",
                  "Path": "hero/hero104/hero104_atk04.png",
                  "Plist": "hero104.plist"
                },
                "FrameIndex": 9,
                "Tween": false,
                "ctype": "TextureFrameData"
              },
              {
                "TextureFile": {
                  "Type": "MarkedSubImage",
                  "Path": "hero/hero104/hero104_atk05.png",
                  "Plist": "hero104.plist"
                },
                "FrameIndex": 12,
                "Tween": false,
                "ctype": "TextureFrameData"
              },
              {
                "TextureFile": {
                  "Type": "MarkedSubImage",
                  "Path": "hero/hero104/hero104_atk06.png",
                  "Plist": "hero104.plist"
                },
                "FrameIndex": 15,
                "Tween": false,
                "ctype": "TextureFrameData"
              },
              {
                "TextureFile": {
                  "Type": "MarkedSubImage",
                  "Path": "hero/hero104/hero104_atk07.png",
                  "Plist": "hero104.plist"
                },
                "FrameIndex": 18,
                "Tween": false,
                "ctype": "TextureFrameData"
              },
              {
                "TextureFile": {
                  "Type": "MarkedSubImage",
                  "Path": "hero/hero104/hero104_dead01.png",
                  "Plist": "hero104.plist"
                },
                "FrameIndex": 21,
                "Tween": false,
                "ctype": "TextureFrameData"
              },
              {
                "TextureFile": {
                  "Type": "MarkedSubImage",
                  "Path": "hero/hero104/hero104_die01.png",
                  "Plist": "hero104.plist"
                },
                "FrameIndex": 24,
                "Tween": false,
                "ctype": "TextureFrameData"
              },
              {
                "TextureFile": {
                  "Type": "MarkedSubImage",
                  "Path": "hero/hero104/hero104_die02.png",
                  "Plist": "hero104.plist"
                },
                "FrameIndex": 27,
                "Tween": false,
                "ctype": "TextureFrameData"
              },
              {
                "TextureFile": {
                  "Type": "MarkedSubImage",
                  "Path": "hero/hero104/hero104_die03.png",
                  "Plist": "hero104.plist"
                },
                "FrameIndex": 30,
                "Tween": false,
                "ctype": "TextureFrameData"
              },
              {
                "TextureFile": {
                  "Type": "MarkedSubImage",
                  "Path": "hero/hero104/hero104_die04.png",
                  "Plist": "hero104.plist"
                },
                "FrameIndex": 33,
                "Tween": false,
                "ctype": "TextureFrameData"
              },
              {
                "TextureFile": {
                  "Type": "MarkedSubImage",
                  "Path": "hero/hero104/hero104_die05.png",
                  "Plist": "hero104.plist"
                },
                "FrameIndex": 36,
                "Tween": false,
                "ctype": "TextureFrameData"
              },
              {
                "TextureFile": {
                  "Type": "MarkedSubImage",
                  "Path": "hero/hero104/hero104_hit01.png",
                  "Plist": "hero104.plist"
                },
                "FrameIndex": 39,
                "Tween": false,
                "ctype": "TextureFrameData"
              },
              {
                "TextureFile": {
                  "Type": "MarkedSubImage",
                  "Path": "hero/hero104/hero104_hit02.png",
                  "Plist": "hero104.plist"
                },
                "FrameIndex": 42,
                "Tween": false,
                "ctype": "TextureFrameData"
              },
              {
                "TextureFile": {
                  "Type": "MarkedSubImage",
                  "Path": "hero/hero104/hero104_hit03.png",
                  "Plist": "hero104.plist"
                },
                "FrameIndex": 45,
                "Tween": false,
                "ctype": "TextureFrameData"
              },
              {
                "TextureFile": {
                  "Type": "MarkedSubImage",
                  "Path": "hero/hero104/hero104_hit04.png",
                  "Plist": "hero104.plist"
                },
                "FrameIndex": 48,
                "Tween": false,
                "ctype": "TextureFrameData"
              },
              {
                "TextureFile": {
                  "Type": "MarkedSubImage",
                  "Path": "hero/hero104/hero104_hit05.png",
                  "Plist": "hero104.plist"
                },
                "FrameIndex": 51,
                "Tween": false,
                "ctype": "TextureFrameData"
              },
              {
                "TextureFile": {
                  "Type": "MarkedSubImage",
                  "Path": "hero/hero104/hero104_skill01.png",
                  "Plist": "hero104.plist"
                },
                "FrameIndex": 54,
                "Tween": false,
                "ctype": "TextureFrameData"
              },
              {
                "TextureFile": {
                  "Type": "MarkedSubImage",
                  "Path": "hero/hero104/hero104_skill02.png",
                  "Plist": "hero104.plist"
                },
                "FrameIndex": 57,
                "Tween": false,
                "ctype": "TextureFrameData"
              },
              {
                "TextureFile": {
                  "Type": "MarkedSubImage",
                  "Path": "hero/hero104/hero104_skill03.png",
                  "Plist": "hero104.plist"
                },
                "FrameIndex": 60,
                "Tween": false,
                "ctype": "TextureFrameData"
              },
              {
                "TextureFile": {
                  "Type": "MarkedSubImage",
                  "Path": "hero/hero104/hero104_skill04.png",
                  "Plist": "hero104.plist"
                },
                "FrameIndex": 63,
                "Tween": false,
                "ctype": "TextureFrameData"
              },
              {
                "TextureFile": {
                  "Type": "MarkedSubImage",
                  "Path": "hero/hero104/hero104_skill05.png",
                  "Plist": "hero104.plist"
                },
                "FrameIndex": 66,
                "Tween": false,
                "ctype": "TextureFrameData"
              },
              {
                "TextureFile": {
                  "Type": "MarkedSubImage",
                  "Path": "hero/hero104/hero104_stand01.png",
                  "Plist": "hero104.plist"
                },
                "FrameIndex": 69,
                "Tween": false,
                "ctype": "TextureFrameData"
              },
              {
                "TextureFile": {
                  "Type": "MarkedSubImage",
                  "Path": "hero/hero104/hero104_stand02.png",
                  "Plist": "hero104.plist"
                },
                "FrameIndex": 72,
                "Tween": false,
                "ctype": "TextureFrameData"
              },
              {
                "TextureFile": {
                  "Type": "MarkedSubImage",
                  "Path": "hero/hero104/hero104_stand03.png",
                  "Plist": "hero104.plist"
                },
                "FrameIndex": 75,
                "Tween": false,
                "ctype": "TextureFrameData"
              },
              {
                "TextureFile": {
                  "Type": "MarkedSubImage",
                  "Path": "hero/hero104/hero104_stand04.png",
                  "Plist": "hero104.plist"
                },
                "FrameIndex": 78,
                "Tween": false,
                "ctype": "TextureFrameData"
              }
            ],
            "ctype": "TimelineData"
          }
        ],
        "ctype": "TimelineActionData"
      },
      "AnimationList": [
        {
          "StartIndex": 0,
          "EndIndex": 18,
          "Name": "atk",
          "ctype": "AnimationInfoData"
        },
        {
          "StartIndex": 21,
          "EndIndex": 21,
          "Name": "dead",
          "ctype": "AnimationInfoData"
        },
        {
          "StartIndex": 24,
          "EndIndex": 36,
          "Name": "die",
          "ctype": "AnimationInfoData"
        },
        {
          "StartIndex": 39,
          "EndIndex": 51,
          "Name": "hit",
          "ctype": "AnimationInfoData"
        },
        {
          "StartIndex": 54,
          "EndIndex": 66,
          "Name": "skill",
          "ctype": "AnimationInfoData"
        },
        {
          "StartIndex": 69,
          "EndIndex": 78,
          "Name": "stand",
          "ctype": "AnimationInfoData"
        }
      ],
      "ObjectData": {
        "Tag": 7,
        "Children": [
          {
            "FileData": {
              "Type": "MarkedSubImage",
              "Path": "hero/hero104/hero104_atk01.png",
              "Plist": "hero104.plist"
            },
            "BlendFunc": {
              "Src": 770,
              "Dst": 771
            },
            "AnchorPoint": {
              "ScaleX": 0.5
            },
            "Position": {
              "X": 6.1449,
              "Y": -9.1183
            },
            "Scale": {
              "ScaleX": 1.0,
              "ScaleY": 1.0
            },
            "CColor": {},
            "IconVisible": false,
            "PrePosition": {
              "X": 0.0,
              "Y": 0.0
            },
            "PreSize": {
              "X": 0.0,
              "Y": 0.0
            },
            "LeftMargin": -29.3551,
            "RightMargin": -41.6449,
            "TopMargin": -84.8817,
            "BottomMargin": -9.1183,
            "Tag": 8,
            "ActionTag": -1637620460,
            "Size": {
              "X": 71.0,
              "Y": 94.0
            },
            "Name": "hero",
            "ctype": "SpriteObjectData"
          }
        ],
        "Size": {
          "X": 0.0,
          "Y": 0.0
        },
        "Name": "Node",
        "ctype": "SingleNodeObjectData"
      },
      "UsedResources": [
        "hero104.plist",
        "hero104.png"
      ],
      "ctype": "GameFileData"
    }
  },
  "Type": "Node"
}