{
  "ID": "1a6853f3-93a7-45b3-b6da-0024fdf2e187",
  "Version": "2.3.3.0",
  "Name": "hero102",
  "Content": {
    "Content": {
      "Animation": {
        "Duration": 78,
        "Speed": 0.4167,
        "Timelines": [
          {
            "ActionTag": 2020530987,
            "Property": "Position",
            "Frames": [
              {
                "X": -14.8001,
                "Y": -5.5,
                "FrameIndex": 0,
                "EasingData": {
                  "Type": 0
                },
                "ctype": "PointFrameData"
              },
              {
                "X": 37.5114,
                "Y": -23.7004,
                "FrameIndex": 3,
                "EasingData": {
                  "Type": 0
                },
                "ctype": "PointFrameData"
              },
              {
                "X": 24.5344,
                "Y": -27.4563,
                "FrameIndex": 6,
                "EasingData": {
                  "Type": 0
                },
                "ctype": "PointFrameData"
              },
              {
                "X": -32.4891,
                "Y": -19.389,
                "FrameIndex": 9,
                "EasingData": {
                  "Type": 0
                },
                "ctype": "PointFrameData"
              },
              {
                "X": -12.7333,
                "Y": -9.0333,
                "FrameIndex": 12,
                "EasingData": {
                  "Type": 0
                },
                "ctype": "PointFrameData"
              },
              {
                "X": -9.2002,
                "Y": -4.4111,
                "FrameIndex": 15,
                "EasingData": {
                  "Type": 0
                },
                "ctype": "PointFrameData"
              },
              {
                "X": -9.4337,
                "Y": -4.3223,
                "FrameIndex": 18,
                "EasingData": {
                  "Type": 0
                },
                "ctype": "PointFrameData"
              },
              {
                "X": -16.4892,
                "Y": -6.0336,
                "FrameIndex": 21,
                "EasingData": {
                  "Type": 0
                },
                "ctype": "PointFrameData"
              },
              {
                "X": -15.6003,
                "Y": -5.9223,
                "FrameIndex": 24,
                "EasingData": {
                  "Type": 0
                },
                "ctype": "PointFrameData"
              },
              {
                "X": -21.978,
                "Y": -15.6783,
                "FrameIndex": 27,
                "EasingData": {
                  "Type": 0
                },
                "ctype": "PointFrameData"
              },
              {
                "X": -23.9835,
                "Y": -12.3838,
                "FrameIndex": 30,
                "EasingData": {
                  "Type": 0
                },
                "ctype": "PointFrameData"
              },
              {
                "X": -23.9835,
                "Y": -12.3838,
                "FrameIndex": 33,
                "EasingData": {
                  "Type": 0
                },
                "ctype": "PointFrameData"
              },
              {
                "X": -23.9835,
                "Y": -12.3838,
                "FrameIndex": 36,
                "EasingData": {
                  "Type": 0
                },
                "ctype": "PointFrameData"
              },
              {
                "X": -16.4446,
                "Y": -5.3445,
                "FrameIndex": 39,
                "EasingData": {
                  "Type": 0
                },
                "ctype": "PointFrameData"
              },
              {
                "X": -33.4674,
                "Y": -5.9669,
                "FrameIndex": 42,
                "EasingData": {
                  "Type": 0
                },
                "ctype": "PointFrameData"
              },
              {
                "X": -21.067,
                "Y": -5.9668,
                "FrameIndex": 45,
                "EasingData": {
                  "Type": 0
                },
                "ctype": "PointFrameData"
              },
              {
                "X": -37.934,
                "Y": -7.9224,
                "FrameIndex": 48,
                "EasingData": {
                  "Type": 0
                },
                "ctype": "PointFrameData"
              },
              {
                "X": -17.2891,
                "Y": -5.9223,
                "FrameIndex": 51,
                "EasingData": {
                  "Type": 0
                },
                "ctype": "PointFrameData"
              },
              {
                "X": -17.4447,
                "Y": -5.5001,
                "FrameIndex": 54,
                "EasingData": {
                  "Type": 0
                },
                "ctype": "PointFrameData"
              },
              {
                "X": -17.2114,
                "Y": -4.8501,
                "FrameIndex": 57,
                "EasingData": {
                  "Type": 0
                },
                "ctype": "PointFrameData"
              },
              {
                "X": -14.8351,
                "Y": -5.7715,
                "FrameIndex": 60,
                "EasingData": {
                  "Type": 0
                },
                "ctype": "PointFrameData"
              },
              {
                "X": -16.7089,
                "Y": -5.0208,
                "FrameIndex": 63,
                "EasingData": {
                  "Type": 0
                },
                "ctype": "PointFrameData"
              },
              {
                "X": 0.0,
                "Y": 0.0,
                "FrameIndex": 64,
                "EasingData": {
                  "Type": 0
                },
                "ctype": "PointFrameData"
              },
              {
                "X": -7.0001,
                "Y": 0.0,
                "FrameIndex": 66,
                "EasingData": {
                  "Type": 0
                },
                "ctype": "PointFrameData"
              },
              {
                "X": -7.9999,
                "Y": -1.0,
                "FrameIndex": 70,
                "EasingData": {
                  "Type": 0
                },
                "ctype": "PointFrameData"
              },
              {
                "X": -3.0222,
                "Y": -7.1777,
                "FrameIndex": 74,
                "EasingData": {
                  "Type": 0
                },
                "ctype": "PointFrameData"
              },
              {
                "X": -14.3556,
                "Y": -4.1555,
                "FrameIndex": 78,
                "EasingData": {
                  "Type": 0
                },
                "ctype": "PointFrameData"
              }
            ],
            "ctype": "TimelineData"
          },
          {
            "ActionTag": 2020530987,
            "Property": "FileData",
            "Frames": [
              {
                "TextureFile": {
                  "Type": "MarkedSubImage",
                  "Path": "hero/hero102/hero102_atk01.png",
                  "Plist": "hero102.plist"
                },
                "FrameIndex": 0,
                "Tween": false,
                "ctype": "TextureFrameData"
              },
              {
                "TextureFile": {
                  "Type": "MarkedSubImage",
                  "Path": "hero/hero102/hero102_atk02.png",
                  "Plist": "hero102.plist"
                },
                "FrameIndex": 3,
                "Tween": false,
                "ctype": "TextureFrameData"
              },
              {
                "TextureFile": {
                  "Type": "MarkedSubImage",
                  "Path": "hero/hero102/hero102_atk03.png",
                  "Plist": "hero102.plist"
                },
                "FrameIndex": 6,
                "Tween": false,
                "ctype": "TextureFrameData"
              },
              {
                "TextureFile": {
                  "Type": "MarkedSubImage",
                  "Path": "hero/hero102/hero102_atk04.png",
                  "Plist": "hero102.plist"
                },
                "FrameIndex": 9,
                "Tween": false,
                "ctype": "TextureFrameData"
              },
              {
                "TextureFile": {
                  "Type": "MarkedSubImage",
                  "Path": "hero/hero102/hero102_atk05.png",
                  "Plist": "hero102.plist"
                },
                "FrameIndex": 12,
                "Tween": false,
                "ctype": "TextureFrameData"
              },
              {
                "TextureFile": {
                  "Type": "MarkedSubImage",
                  "Path": "hero/hero102/hero102_atk06.png",
                  "Plist": "hero102.plist"
                },
                "FrameIndex": 15,
                "Tween": false,
                "ctype": "TextureFrameData"
              },
              {
                "TextureFile": {
                  "Type": "MarkedSubImage",
                  "Path": "hero/hero102/hero102_atk07.png",
                  "Plist": "hero102.plist"
                },
                "FrameIndex": 18,
                "Tween": false,
                "ctype": "TextureFrameData"
              },
              {
                "TextureFile": {
                  "Type": "MarkedSubImage",
                  "Path": "hero/hero102/hero102_atk08.png",
                  "Plist": "hero102.plist"
                },
                "FrameIndex": 21,
                "Tween": false,
                "ctype": "TextureFrameData"
              },
              {
                "TextureFile": {
                  "Type": "MarkedSubImage",
                  "Path": "hero/hero102/hero102_die01.png",
                  "Plist": "hero102.plist"
                },
                "FrameIndex": 24,
                "Tween": false,
                "ctype": "TextureFrameData"
              },
              {
                "TextureFile": {
                  "Type": "MarkedSubImage",
                  "Path": "hero/hero102/hero102_die02.png",
                  "Plist": "hero102.plist"
                },
                "FrameIndex": 27,
                "Tween": false,
                "ctype": "TextureFrameData"
              },
              {
                "TextureFile": {
                  "Type": "MarkedSubImage",
                  "Path": "hero/hero102/hero102_die03.png",
                  "Plist": "hero102.plist"
                },
                "FrameIndex": 30,
                "Tween": false,
                "ctype": "TextureFrameData"
              },
              {
                "TextureFile": {
                  "Type": "MarkedSubImage",
                  "Path": "hero/hero102/hero102_die04.png",
                  "Plist": "hero102.plist"
                },
                "FrameIndex": 33,
                "Tween": false,
                "ctype": "TextureFrameData"
              },
              {
                "TextureFile": {
                  "Type": "MarkedSubImage",
                  "Path": "hero/hero102/hero102_die05.png",
                  "Plist": "hero102.plist"
                },
                "FrameIndex": 36,
                "Tween": false,
                "ctype": "TextureFrameData"
              },
              {
                "TextureFile": {
                  "Type": "MarkedSubImage",
                  "Path": "hero/hero102/hero102_hit01.png",
                  "Plist": "hero102.plist"
                },
                "FrameIndex": 39,
                "Tween": false,
                "ctype": "TextureFrameData"
              },
              {
                "TextureFile": {
                  "Type": "MarkedSubImage",
                  "Path": "hero/hero102/hero102_hit02.png",
                  "Plist": "hero102.plist"
                },
                "FrameIndex": 42,
                "Tween": false,
                "ctype": "TextureFrameData"
              },
              {
                "TextureFile": {
                  "Type": "MarkedSubImage",
                  "Path": "hero/hero102/hero102_hit03.png",
                  "Plist": "hero102.plist"
                },
                "FrameIndex": 45,
                "Tween": false,
                "ctype": "TextureFrameData"
              },
              {
                "TextureFile": {
                  "Type": "MarkedSubImage",
                  "Path": "hero/hero102/hero102_hit04.png",
                  "Plist": "hero102.plist"
                },
                "FrameIndex": 48,
                "Tween": false,
                "ctype": "TextureFrameData"
              },
              {
                "TextureFile": {
                  "Type": "MarkedSubImage",
                  "Path": "hero/hero102/hero102_hit05.png",
                  "Plist": "hero102.plist"
                },
                "FrameIndex": 51,
                "Tween": false,
                "ctype": "TextureFrameData"
              },
              {
                "TextureFile": {
                  "Type": "MarkedSubImage",
                  "Path": "hero/hero102/hero102_stand01.png",
                  "Plist": "hero102.plist"
                },
                "FrameIndex": 54,
                "Tween": false,
                "ctype": "TextureFrameData"
              },
              {
                "TextureFile": {
                  "Type": "MarkedSubImage",
                  "Path": "hero/hero102/hero102_stand02.png",
                  "Plist": "hero102.plist"
                },
                "FrameIndex": 57,
                "Tween": false,
                "ctype": "TextureFrameData"
              },
              {
                "TextureFile": {
                  "Type": "MarkedSubImage",
                  "Path": "hero/hero102/hero102_stand03.png",
                  "Plist": "hero102.plist"
                },
                "FrameIndex": 60,
                "Tween": false,
                "ctype": "TextureFrameData"
              },
              {
                "TextureFile": {
                  "Type": "MarkedSubImage",
                  "Path": "hero/hero102/hero102_stand04.png",
                  "Plist": "hero102.plist"
                },
                "FrameIndex": 63,
                "Tween": false,
                "ctype": "TextureFrameData"
              },
              {
                "TextureFile": {
                  "Type": "MarkedSubImage",
                  "Path": "hero/hero102/hero102_dead01.png",
                  "Plist": "hero102.plist"
                },
                "FrameIndex": 64,
                "Tween": false,
                "ctype": "TextureFrameData"
              },
              {
                "TextureFile": {
                  "Type": "MarkedSubImage",
                  "Path": "hero/hero102/hero102_skill01.png",
                  "Plist": "hero102.plist"
                },
                "FrameIndex": 66,
                "Tween": false,
                "ctype": "TextureFrameData"
              },
              {
                "TextureFile": {
                  "Type": "MarkedSubImage",
                  "Path": "hero/hero102/hero102_skill02.png",
                  "Plist": "hero102.plist"
                },
                "FrameIndex": 70,
                "Tween": false,
                "ctype": "TextureFrameData"
              },
              {
                "TextureFile": {
                  "Type": "MarkedSubImage",
                  "Path": "hero/hero102/hero102_skill03.png",
                  "Plist": "hero102.plist"
                },
                "FrameIndex": 74,
                "Tween": false,
                "ctype": "TextureFrameData"
              },
              {
                "TextureFile": {
                  "Type": "MarkedSubImage",
                  "Path": "hero/hero102/hero102_skill04.png",
                  "Plist": "hero102.plist"
                },
                "FrameIndex": 78,
                "Tween": false,
                "ctype": "TextureFrameData"
              }
            ],
            "ctype": "TimelineData"
          }
        ],
        "ctype": "TimelineActionData"
      },
      "AnimationList": [
        {
          "StartIndex": 0,
          "EndIndex": 21,
          "Name": "atk",
          "ctype": "AnimationInfoData"
        },
        {
          "StartIndex": 24,
          "EndIndex": 36,
          "Name": "die",
          "ctype": "AnimationInfoData"
        },
        {
          "StartIndex": 39,
          "EndIndex": 51,
          "Name": "hit",
          "ctype": "AnimationInfoData"
        },
        {
          "StartIndex": 54,
          "EndIndex": 63,
          "Name": "stand",
          "ctype": "AnimationInfoData"
        },
        {
          "StartIndex": 64,
          "EndIndex": 65,
          "Name": "dead",
          "ctype": "AnimationInfoData"
        },
        {
          "StartIndex": 66,
          "EndIndex": 78,
          "Name": "skill",
          "ctype": "AnimationInfoData"
        }
      ],
      "ObjectData": {
        "Tag": 3,
        "Children": [
          {
            "FileData": {
              "Type": "MarkedSubImage",
              "Path": "hero/hero102/hero102_atk01.png",
              "Plist": "hero102.plist"
            },
            "BlendFunc": {
              "Src": 770,
              "Dst": 771
            },
            "AnchorPoint": {
              "ScaleX": 0.5
            },
            "Position": {
              "X": -14.8001,
              "Y": -5.5
            },
            "Scale": {
              "ScaleX": 1.0,
              "ScaleY": 1.0
            },
            "CColor": {},
            "IconVisible": false,
            "PrePosition": {
              "X": 0.0,
              "Y": 0.0
            },
            "PreSize": {
              "X": 0.0,
              "Y": 0.0
            },
            "LeftMargin": -56.3001,
            "RightMargin": -26.6999,
            "TopMargin": -108.5,
            "BottomMargin": -5.5,
            "Tag": 7,
            "ActionTag": 2020530987,
            "Size": {
              "X": 83.0,
              "Y": 114.0
            },
            "Name": "hero",
            "ctype": "SpriteObjectData"
          }
        ],
        "Size": {
          "X": 0.0,
          "Y": 0.0
        },
        "Name": "Node",
        "ctype": "SingleNodeObjectData"
      },
      "UsedResources": [
        "hero102.plist",
        "hero102.png"
      ],
      "ctype": "GameFileData"
    }
  },
  "Type": "Node"
}