{
  "ID": "7b377488-5e91-457e-b490-6e0af0786f32",
  "Version": "2.3.3.0",
  "Name": "hero103",
  "Content": {
    "Content": {
      "Animation": {
        "Duration": 72,
        "Speed": 0.4167,
        "Timelines": [
          {
            "ActionTag": 2044631140,
            "Property": "Position",
            "Frames": [
              {
                "X": -26.5338,
                "Y": -13.9781,
                "FrameIndex": 0,
                "EasingData": {
                  "Type": 0
                },
                "ctype": "PointFrameData"
              },
              {
                "X": 27.534,
                "Y": -14.9782,
                "FrameIndex": 3,
                "EasingData": {
                  "Type": 0
                },
                "ctype": "PointFrameData"
              },
              {
                "X": 27.6892,
                "Y": -14.556,
                "FrameIndex": 6,
                "EasingData": {
                  "Type": 0
                },
                "ctype": "PointFrameData"
              },
              {
                "X": 21.4894,
                "Y": -15.4004,
                "FrameIndex": 9,
                "EasingData": {
                  "Type": 0
                },
                "ctype": "PointFrameData"
              },
              {
                "X": 14.5559,
                "Y": -17.0892,
                "FrameIndex": 12,
                "EasingData": {
                  "Type": 0
                },
                "ctype": "PointFrameData"
              },
              {
                "X": -22.0668,
                "Y": -11.1337,
                "FrameIndex": 15,
                "EasingData": {
                  "Type": 0
                },
                "ctype": "PointFrameData"
              },
              {
                "X": -26.5339,
                "Y": -14.4004,
                "FrameIndex": 18,
                "EasingData": {
                  "Type": 0
                },
                "ctype": "PointFrameData"
              },
              {
                "X": -26.4778,
                "Y": -14.1452,
                "FrameIndex": 21,
                "EasingData": {
                  "Type": 0
                },
                "ctype": "PointFrameData"
              },
              {
                "X": -3.6224,
                "Y": -21.9117,
                "FrameIndex": 24,
                "EasingData": {
                  "Type": 0
                },
                "ctype": "PointFrameData"
              },
              {
                "X": 11.2665,
                "Y": -7.5559,
                "FrameIndex": 27,
                "EasingData": {
                  "Type": 0
                },
                "ctype": "PointFrameData"
              },
              {
                "X": 7.0,
                "Y": -3.0,
                "FrameIndex": 30,
                "EasingData": {
                  "Type": 0
                },
                "ctype": "PointFrameData"
              },
              {
                "X": -1.6121,
                "Y": -7.3558,
                "FrameIndex": 33,
                "EasingData": {
                  "Type": 0
                },
                "ctype": "PointFrameData"
              },
              {
                "X": -26.6893,
                "Y": -13.4004,
                "FrameIndex": 36,
                "EasingData": {
                  "Type": 0
                },
                "ctype": "PointFrameData"
              },
              {
                "X": -6.7779,
                "Y": -20.4449,
                "FrameIndex": 39,
                "EasingData": {
                  "Type": 0
                },
                "ctype": "PointFrameData"
              },
              {
                "X": -18.4449,
                "Y": -17.5559,
                "FrameIndex": 42,
                "EasingData": {
                  "Type": 0
                },
                "ctype": "PointFrameData"
              },
              {
                "X": -20.223,
                "Y": -15.2895,
                "FrameIndex": 45,
                "EasingData": {
                  "Type": 0
                },
                "ctype": "PointFrameData"
              },
              {
                "X": -26.6893,
                "Y": -13.9782,
                "FrameIndex": 48,
                "EasingData": {
                  "Type": 0
                },
                "ctype": "PointFrameData"
              },
              {
                "X": -26.5338,
                "Y": -14.8226,
                "FrameIndex": 51,
                "EasingData": {
                  "Type": 0
                },
                "ctype": "PointFrameData"
              },
              {
                "X": -26.1734,
                "Y": -14.7536,
                "FrameIndex": 54,
                "EasingData": {
                  "Type": 0
                },
                "ctype": "PointFrameData"
              },
              {
                "X": -26.0828,
                "Y": -14.7702,
                "FrameIndex": 57,
                "EasingData": {
                  "Type": 0
                },
                "ctype": "PointFrameData"
              },
              {
                "X": -25.7729,
                "Y": -14.4201,
                "FrameIndex": 60,
                "EasingData": {
                  "Type": 0
                },
                "ctype": "PointFrameData"
              },
              {
                "X": 0.0,
                "Y": 0.0,
                "FrameIndex": 61,
                "EasingData": {
                  "Type": 0
                },
                "ctype": "PointFrameData"
              },
              {
                "X": -33.9994,
                "Y": -5.2889,
                "FrameIndex": 63,
                "EasingData": {
                  "Type": 0
                },
                "ctype": "PointFrameData"
              },
              {
                "X": 6.4222,
                "Y": -16.6221,
                "FrameIndex": 66,
                "EasingData": {
                  "Type": 0
                },
                "ctype": "PointFrameData"
              },
              {
                "X": 6.0444,
                "Y": -14.7332,
                "FrameIndex": 69,
                "EasingData": {
                  "Type": 0
                },
                "ctype": "PointFrameData"
              },
              {
                "X": -26.4443,
                "Y": -13.9777,
                "FrameIndex": 72,
                "EasingData": {
                  "Type": 0
                },
                "ctype": "PointFrameData"
              }
            ],
            "ctype": "TimelineData"
          },
          {
            "ActionTag": 2044631140,
            "Property": "FileData",
            "Frames": [
              {
                "TextureFile": {
                  "Type": "MarkedSubImage",
                  "Path": "hero/hero103/hero103_atk01.png",
                  "Plist": "hero103.plist"
                },
                "FrameIndex": 0,
                "Tween": false,
                "ctype": "TextureFrameData"
              },
              {
                "TextureFile": {
                  "Type": "MarkedSubImage",
                  "Path": "hero/hero103/hero103_atk02.png",
                  "Plist": "hero103.plist"
                },
                "FrameIndex": 3,
                "Tween": false,
                "ctype": "TextureFrameData"
              },
              {
                "TextureFile": {
                  "Type": "MarkedSubImage",
                  "Path": "hero/hero103/hero103_atk03.png",
                  "Plist": "hero103.plist"
                },
                "FrameIndex": 6,
                "Tween": false,
                "ctype": "TextureFrameData"
              },
              {
                "TextureFile": {
                  "Type": "MarkedSubImage",
                  "Path": "hero/hero103/hero103_atk04.png",
                  "Plist": "hero103.plist"
                },
                "FrameIndex": 9,
                "Tween": false,
                "ctype": "TextureFrameData"
              },
              {
                "TextureFile": {
                  "Type": "MarkedSubImage",
                  "Path": "hero/hero103/hero103_atk05.png",
                  "Plist": "hero103.plist"
                },
                "FrameIndex": 12,
                "Tween": false,
                "ctype": "TextureFrameData"
              },
              {
                "TextureFile": {
                  "Type": "MarkedSubImage",
                  "Path": "hero/hero103/hero103_atk06.png",
                  "Plist": "hero103.plist"
                },
                "FrameIndex": 15,
                "Tween": false,
                "ctype": "TextureFrameData"
              },
              {
                "TextureFile": {
                  "Type": "MarkedSubImage",
                  "Path": "hero/hero103/hero103_atk07.png",
                  "Plist": "hero103.plist"
                },
                "FrameIndex": 18,
                "Tween": false,
                "ctype": "TextureFrameData"
              },
              {
                "TextureFile": {
                  "Type": "MarkedSubImage",
                  "Path": "hero/hero103/hero103_die01.png",
                  "Plist": "hero103.plist"
                },
                "FrameIndex": 21,
                "Tween": false,
                "ctype": "TextureFrameData"
              },
              {
                "TextureFile": {
                  "Type": "MarkedSubImage",
                  "Path": "hero/hero103/hero103_die02.png",
                  "Plist": "hero103.plist"
                },
                "FrameIndex": 24,
                "Tween": false,
                "ctype": "TextureFrameData"
              },
              {
                "TextureFile": {
                  "Type": "MarkedSubImage",
                  "Path": "hero/hero103/hero103_die03.png",
                  "Plist": "hero103.plist"
                },
                "FrameIndex": 27,
                "Tween": false,
                "ctype": "TextureFrameData"
              },
              {
                "TextureFile": {
                  "Type": "MarkedSubImage",
                  "Path": "hero/hero103/hero103_die04.png",
                  "Plist": "hero103.plist"
                },
                "FrameIndex": 30,
                "Tween": false,
                "ctype": "TextureFrameData"
              },
              {
                "TextureFile": {
                  "Type": "MarkedSubImage",
                  "Path": "hero/hero103/hero103_die05.png",
                  "Plist": "hero103.plist"
                },
                "FrameIndex": 33,
                "Tween": false,
                "ctype": "TextureFrameData"
              },
              {
                "TextureFile": {
                  "Type": "MarkedSubImage",
                  "Path": "hero/hero103/hero103_hit01.png",
                  "Plist": "hero103.plist"
                },
                "FrameIndex": 36,
                "Tween": false,
                "ctype": "TextureFrameData"
              },
              {
                "TextureFile": {
                  "Type": "MarkedSubImage",
                  "Path": "hero/hero103/hero103_hit02.png",
                  "Plist": "hero103.plist"
                },
                "FrameIndex": 39,
                "Tween": false,
                "ctype": "TextureFrameData"
              },
              {
                "TextureFile": {
                  "Type": "MarkedSubImage",
                  "Path": "hero/hero103/hero103_hit03.png",
                  "Plist": "hero103.plist"
                },
                "FrameIndex": 42,
                "Tween": false,
                "ctype": "TextureFrameData"
              },
              {
                "TextureFile": {
                  "Type": "MarkedSubImage",
                  "Path": "hero/hero103/hero103_hit04.png",
                  "Plist": "hero103.plist"
                },
                "FrameIndex": 45,
                "Tween": false,
                "ctype": "TextureFrameData"
              },
              {
                "TextureFile": {
                  "Type": "MarkedSubImage",
                  "Path": "hero/hero103/hero103_hit05.png",
                  "Plist": "hero103.plist"
                },
                "FrameIndex": 48,
                "Tween": false,
                "ctype": "TextureFrameData"
              },
              {
                "TextureFile": {
                  "Type": "MarkedSubImage",
                  "Path": "hero/hero103/hero103_stand01.png",
                  "Plist": "hero103.plist"
                },
                "FrameIndex": 51,
                "Tween": false,
                "ctype": "TextureFrameData"
              },
              {
                "TextureFile": {
                  "Type": "MarkedSubImage",
                  "Path": "hero/hero103/hero103_stand02.png",
                  "Plist": "hero103.plist"
                },
                "FrameIndex": 54,
                "Tween": false,
                "ctype": "TextureFrameData"
              },
              {
                "TextureFile": {
                  "Type": "MarkedSubImage",
                  "Path": "hero/hero103/hero103_stand03.png",
                  "Plist": "hero103.plist"
                },
                "FrameIndex": 57,
                "Tween": false,
                "ctype": "TextureFrameData"
              },
              {
                "TextureFile": {
                  "Type": "MarkedSubImage",
                  "Path": "hero/hero103/hero103_stand04.png",
                  "Plist": "hero103.plist"
                },
                "FrameIndex": 60,
                "Tween": false,
                "ctype": "TextureFrameData"
              },
              {
                "TextureFile": {
                  "Type": "MarkedSubImage",
                  "Path": "hero/hero103/hero103_dead01.png",
                  "Plist": "hero103.plist"
                },
                "FrameIndex": 61,
                "Tween": false,
                "ctype": "TextureFrameData"
              },
              {
                "TextureFile": {
                  "Type": "MarkedSubImage",
                  "Path": "hero/hero103/hero103_skill01.png",
                  "Plist": "hero103.plist"
                },
                "FrameIndex": 63,
                "Tween": false,
                "ctype": "TextureFrameData"
              },
              {
                "TextureFile": {
                  "Type": "MarkedSubImage",
                  "Path": "hero/hero103/hero103_skill02.png",
                  "Plist": "hero103.plist"
                },
                "FrameIndex": 66,
                "Tween": false,
                "ctype": "TextureFrameData"
              },
              {
                "TextureFile": {
                  "Type": "MarkedSubImage",
                  "Path": "hero/hero103/hero103_skill03.png",
                  "Plist": "hero103.plist"
                },
                "FrameIndex": 69,
                "Tween": false,
                "ctype": "TextureFrameData"
              },
              {
                "TextureFile": {
                  "Type": "MarkedSubImage",
                  "Path": "hero/hero103/hero103_skill04.png",
                  "Plist": "hero103.plist"
                },
                "FrameIndex": 72,
                "Tween": false,
                "ctype": "TextureFrameData"
              }
            ],
            "ctype": "TimelineData"
          }
        ],
        "ctype": "TimelineActionData"
      },
      "AnimationList": [
        {
          "StartIndex": 0,
          "EndIndex": 18,
          "Name": "atk",
          "ctype": "AnimationInfoData"
        },
        {
          "StartIndex": 21,
          "EndIndex": 33,
          "Name": "die",
          "ctype": "AnimationInfoData"
        },
        {
          "StartIndex": 36,
          "EndIndex": 48,
          "Name": "hit",
          "ctype": "AnimationInfoData"
        },
        {
          "StartIndex": 51,
          "EndIndex": 60,
          "Name": "stand",
          "ctype": "AnimationInfoData"
        },
        {
          "StartIndex": 61,
          "EndIndex": 62,
          "Name": "dead",
          "ctype": "AnimationInfoData"
        },
        {
          "StartIndex": 63,
          "EndIndex": 72,
          "Name": "skill",
          "ctype": "AnimationInfoData"
        }
      ],
      "ObjectData": {
        "Tag": 4,
        "Children": [
          {
            "FileData": {
              "Type": "MarkedSubImage",
              "Path": "hero/hero103/hero103_atk01.png",
              "Plist": "hero103.plist"
            },
            "BlendFunc": {
              "Src": 770,
              "Dst": 771
            },
            "AnchorPoint": {
              "ScaleX": 0.5
            },
            "Position": {
              "X": -26.5338,
              "Y": -13.9781
            },
            "Scale": {
              "ScaleX": 1.0,
              "ScaleY": 1.0
            },
            "CColor": {},
            "IconVisible": false,
            "PrePosition": {
              "X": 0.0,
              "Y": 0.0
            },
            "PreSize": {
              "X": 0.0,
              "Y": 0.0
            },
            "LeftMargin": -80.0338,
            "RightMargin": -26.9662,
            "TopMargin": -82.0219,
            "BottomMargin": -13.9781,
            "Tag": 8,
            "ActionTag": 2044631140,
            "Size": {
              "X": 107.0,
              "Y": 96.0
            },
            "Name": "hero",
            "ctype": "SpriteObjectData"
          }
        ],
        "Size": {
          "X": 0.0,
          "Y": 0.0
        },
        "Name": "Node",
        "ctype": "SingleNodeObjectData"
      },
      "UsedResources": [
        "hero103.plist",
        "hero103.png"
      ],
      "ctype": "GameFileData"
    }
  },
  "Type": "Node"
}