{
  "ID": "1d979878-5f99-49ce-b6ad-9d8855c93e7c",
  "Version": "2.3.3.0",
  "Name": "key02",
  "Content": {
    "Content": {
      "Animation": {
        "Duration": 3,
        "Speed": 0.3333,
        "Timelines": [
          {
            "ActionTag": -2128941877,
            "Property": "Position",
            "Frames": [
              {
                "X": 0.0,
                "Y": 0.0,
                "FrameIndex": 3,
                "EasingData": {
                  "Type": 0
                },
                "ctype": "PointFrameData"
              }
            ],
            "ctype": "TimelineData"
          },
          {
            "ActionTag": -2128941877,
            "Property": "FileData",
            "Frames": [
              {
                "TextureFile": {
                  "Type": "MarkedSubImage",
                  "Path": "key/key02/silver_key_shine01.png",
                  "Plist": "key02.plist"
                },
                "FrameIndex": 0,
                "Tween": false,
                "ctype": "TextureFrameData"
              },
              {
                "TextureFile": {
                  "Type": "MarkedSubImage",
                  "Path": "key/key02/silver_key_shine02.png",
                  "Plist": "key02.plist"
                },
                "FrameIndex": 3,
                "Tween": false,
                "ctype": "TextureFrameData"
              }
            ],
            "ctype": "TimelineData"
          }
        ],
        "ctype": "TimelineActionData"
      },
      "AnimationList": [
        {
          "StartIndex": 0,
          "EndIndex": 3,
          "Name": "shine",
          "ctype": "AnimationInfoData"
        }
      ],
      "ObjectData": {
        "Tag": 5,
        "Children": [
          {
            "FileData": {
              "Type": "MarkedSubImage",
              "Path": "key/key02/silver_key_shine01.png",
              "Plist": "key02.plist"
            },
            "BlendFunc": {
              "Src": 770,
              "Dst": 771
            },
            "AnchorPoint": {
              "ScaleX": 0.5,
              "ScaleY": 0.5
            },
            "Position": {
              "X": 0.0,
              "Y": 0.0
            },
            "Scale": {
              "ScaleX": 1.0,
              "ScaleY": 1.0
            },
            "CColor": {},
            "IconVisible": false,
            "PrePosition": {
              "X": 0.0,
              "Y": 0.0
            },
            "PreSize": {
              "X": 0.0,
              "Y": 0.0
            },
            "LeftMargin": -15.0,
            "RightMargin": -15.0,
            "TopMargin": -15.0,
            "BottomMargin": -15.0,
            "Tag": 6,
            "ActionTag": -2128941877,
            "Size": {
              "X": 30.0,
              "Y": 30.0
            },
            "Name": "key",
            "ctype": "SpriteObjectData"
          }
        ],
        "Size": {
          "X": 0.0,
          "Y": 0.0
        },
        "Name": "Node",
        "ctype": "SingleNodeObjectData"
      },
      "UsedResources": [
        "key02.plist",
        "key02.png"
      ],
      "ctype": "GameFileData"
    }
  },
  "Type": "Node"
}