{
  "ID": "8caa8ab1-cb7c-4813-97e7-0f994e67a324",
  "Version": "2.3.3.0",
  "Name": "cover",
  "Content": {
    "Content": {
      "Animation": {
        "Duration": 0,
        "Speed": 1.0,
        "Timelines": [],
        "ctype": "TimelineActionData"
      },
      "AnimationList": [],
      "ObjectData": {
        "Tag": 36,
        "Children": [
          {
            "BackColorAlpha": 102,
            "SingleColor": {
              "R": 150,
              "G": 200
            },
            "FirstColor": {
              "R": 150,
              "G": 200
            },
            "EndColor": {},
            "ColorVector": {
              "ScaleY": 1.0
            },
            "Scale9Width": 1,
            "Scale9Height": 1,
            "TouchEnable": true,
            "AnchorPoint": {},
            "Position": {
              "X": 0.0,
              "Y": 0.0
            },
            "Scale": {
              "ScaleX": 1.0,
              "ScaleY": 1.0
            },
            "CColor": {},
            "IconVisible": false,
            "PrePosition": {
              "X": 0.0,
              "Y": 0.0
            },
            "PreSize": {
              "X": 1.0,
              "Y": 1.0
            },
            "Tag": 38,
            "Children": [
              {
                "FileData": {
                  "Type": "Normal",
                  "Path": "coverUI/cover_bg.jpg",
                  "Plist": ""
                },
                "Scale9Width": 640,
                "Scale9Height": 960,
                "AnchorPoint": {},
                "Position": {
                  "X": 0.0,
                  "Y": 0.0
                },
                "Scale": {
                  "ScaleX": 1.0,
                  "ScaleY": 1.0
                },
                "CColor": {},
                "IconVisible": false,
                "PrePosition": {
                  "X": 0.0,
                  "Y": 0.0
                },
                "PreSize": {
                  "X": 1.0,
                  "Y": 1.0
                },
                "Tag": 39,
                "ActionTag": 1656144665,
                "Size": {
                  "X": 640.0,
                  "Y": 960.0
                },
                "Name": "bg",
                "ctype": "ImageViewObjectData"
              },
              {
                "FontSize": 14,
                "ButtonText": "",
                "TextColor": {
                  "R": 65,
                  "G": 65,
                  "B": 70
                },
                "DisabledFileData": {
                  "Type": "MarkedSubImage",
                  "Path": "coverUI/yellow_btn_b.png",
                  "Plist": "cover.plist"
                },
                "PressedFileData": {
                  "Type": "MarkedSubImage",
                  "Path": "coverUI/yellow_btn_a.png",
                  "Plist": "cover.plist"
                },
                "NormalFileData": {
                  "Type": "MarkedSubImage",
                  "Path": "coverUI/yellow_btn_a.png",
                  "Plist": "cover.plist"
                },
                "Scale9Enable": true,
                "Scale9OriginX": 15,
                "Scale9OriginY": 11,
                "Scale9Width": 154,
                "Scale9Height": 52,
                "OutlineColor": {
                  "G": 0,
                  "B": 0
                },
                "ShadowColor": {
                  "R": 110,
                  "G": 110,
                  "B": 110
                },
                "ShadowOffsetX": 2.0,
                "ShadowOffsetY": -2.0,
                "TouchEnable": true,
                "AnchorPoint": {
                  "ScaleX": 0.5,
                  "ScaleY": 0.5
                },
                "Position": {
                  "X": 320.0,
                  "Y": 228.1763
                },
                "Scale": {
                  "ScaleX": 1.0,
                  "ScaleY": 1.0
                },
                "CColor": {},
                "IconVisible": false,
                "PrePosition": {
                  "X": 0.5,
                  "Y": 0.2377
                },
                "PreSize": {
                  "X": 0.2875,
                  "Y": 0.0771
                },
                "LeftMargin": 228.0,
                "RightMargin": 228.0,
                "TopMargin": 694.8237,
                "BottomMargin": 191.1763,
                "Tag": 40,
                "ActionTag": 328416984,
                "Size": {
                  "X": 184.0,
                  "Y": 74.0
                },
                "Name": "cover_login_btn",
                "ctype": "ButtonObjectData"
              },
              {
                "FileData": {
                  "Type": "MarkedSubImage",
                  "Path": "coverUI/logo.png",
                  "Plist": "cover.plist"
                },
                "Scale9Width": 300,
                "Scale9Height": 180,
                "AnchorPoint": {},
                "Position": {
                  "X": 170.0,
                  "Y": 705.6785
                },
                "Scale": {
                  "ScaleX": 1.0,
                  "ScaleY": 1.0
                },
                "CColor": {},
                "IconVisible": false,
                "PrePosition": {
                  "X": 0.2656,
                  "Y": 0.7351
                },
                "PreSize": {
                  "X": 0.4688,
                  "Y": 0.1875
                },
                "LeftMargin": 170.0,
                "RightMargin": 170.0,
                "TopMargin": 74.3215,
                "BottomMargin": 705.6785,
                "Tag": 5,
                "ActionTag": -2108864552,
                "Size": {
                  "X": 300.0,
                  "Y": 180.0
                },
                "Name": "logo",
                "ctype": "ImageViewObjectData"
              }
            ],
            "ActionTag": -412816752,
            "Size": {
              "X": 640.0,
              "Y": 960.0
            },
            "Name": "root",
            "ctype": "PanelObjectData"
          }
        ],
        "Size": {
          "X": 640.0,
          "Y": 960.0
        },
        "Name": "Layer",
        "ctype": "LayerObjectData"
      },
      "UsedResources": [
        "cover.plist",
        "cover.png",
        "coverUI/cover_bg.jpg"
      ],
      "ctype": "GameFileData"
    }
  },
  "Type": "Layer"
}