{
  "ID": "8729a9fb-09ce-46d6-bea2-4c68059e14c7",
  "Version": "2.3.3.0",
  "Name": "NewNameLayer",
  "Content": {
    "Content": {
      "Animation": {
        "Duration": 0,
        "Speed": 1.0,
        "Timelines": [],
        "ctype": "TimelineActionData"
      },
      "AnimationList": [],
      "ObjectData": {
        "Tag": 6,
        "Children": [
          {
            "BackColorAlpha": 102,
            "ComboBoxIndex": 1,
            "SingleColor": {
              "R": 150,
              "G": 200
            },
            "FirstColor": {
              "R": 150,
              "G": 200
            },
            "EndColor": {},
            "ColorVector": {
              "ScaleY": 1.0
            },
            "TouchEnable": true,
            "AnchorPoint": {},
            "Position": {
              "X": 0.0,
              "Y": 0.0
            },
            "Scale": {
              "ScaleX": 1.0,
              "ScaleY": 1.0
            },
            "CColor": {},
            "IconVisible": false,
            "PrePosition": {
              "X": 0.0,
              "Y": 0.0
            },
            "PreSize": {
              "X": 1.0,
              "Y": 1.0
            },
            "Tag": 7,
            "Children": [
              {
                "FileData": {
                  "Type": "MarkedSubImage",
                  "Path": "coverUI/bg_05.png",
                  "Plist": "cover.plist"
                },
                "Scale9Enable": true,
                "Scale9OriginX": 13,
                "Scale9OriginY": 13,
                "Scale9Width": 5,
                "Scale9Height": 6,
                "AnchorPoint": {},
                "Position": {
                  "X": 0.0,
                  "Y": 0.0
                },
                "Scale": {
                  "ScaleX": 1.0,
                  "ScaleY": 1.0
                },
                "CColor": {},
                "IconVisible": false,
                "PrePosition": {
                  "X": 0.0,
                  "Y": 0.0
                },
                "PreSize": {
                  "X": 1.0,
                  "Y": 1.0
                },
                "Tag": 8,
                "ActionTag": -322455567,
                "Size": {
                  "X": 360.0,
                  "Y": 200.0
                },
                "Name": "bg",
                "ctype": "ImageViewObjectData"
              },
              {
                "FileData": {
                  "Type": "MarkedSubImage",
                  "Path": "coverUI/bg_03.png",
                  "Plist": "cover.plist"
                },
                "Scale9Enable": true,
                "Scale9OriginX": 9,
                "Scale9OriginY": 11,
                "Scale9Width": 10,
                "Scale9Height": 14,
                "AnchorPoint": {},
                "Position": {
                  "X": 30.9027,
                  "Y": 80.0288
                },
                "Scale": {
                  "ScaleX": 1.0,
                  "ScaleY": 1.0
                },
                "CColor": {},
                "IconVisible": false,
                "PrePosition": {
                  "X": 0.0858,
                  "Y": 0.4001
                },
                "PreSize": {
                  "X": 0.6111,
                  "Y": 0.25
                },
                "LeftMargin": 30.9027,
                "RightMargin": 109.0973,
                "TopMargin": 69.9712,
                "BottomMargin": 80.0288,
                "Tag": 10,
                "ActionTag": -1243060978,
                "Size": {
                  "X": 220.0,
                  "Y": 50.0
                },
                "Name": "text_bg",
                "ctype": "ImageViewObjectData"
              },
              {
                "FontSize": 14,
                "ButtonText": "",
                "TextColor": {
                  "R": 65,
                  "G": 65,
                  "B": 70
                },
                "DisabledFileData": {
                  "Type": "MarkedSubImage",
                  "Path": "coverUI/btn1.png",
                  "Plist": "cover.plist"
                },
                "PressedFileData": {
                  "Type": "MarkedSubImage",
                  "Path": "coverUI/btn2.png",
                  "Plist": "cover.plist"
                },
                "NormalFileData": {
                  "Type": "MarkedSubImage",
                  "Path": "coverUI/btn1.png",
                  "Plist": "cover.plist"
                },
                "Scale9Enable": true,
                "Scale9OriginX": 15,
                "Scale9OriginY": 11,
                "Scale9Width": 70,
                "Scale9Height": 78,
                "OutlineColor": {
                  "G": 0,
                  "B": 0
                },
                "ShadowColor": {
                  "R": 110,
                  "G": 110,
                  "B": 110
                },
                "ShadowOffsetX": 2.0,
                "ShadowOffsetY": -2.0,
                "TouchEnable": true,
                "AnchorPoint": {
                  "ScaleX": 0.5,
                  "ScaleY": 0.5
                },
                "Position": {
                  "X": 284.4116,
                  "Y": 106.2348
                },
                "Scale": {
                  "ScaleX": 0.6,
                  "ScaleY": 0.6
                },
                "CColor": {},
                "IconVisible": false,
                "PrePosition": {
                  "X": 0.79,
                  "Y": 0.5312
                },
                "PreSize": {
                  "X": 0.2778,
                  "Y": 0.5
                },
                "LeftMargin": 234.4116,
                "RightMargin": 25.5884,
                "TopMargin": 43.7652,
                "BottomMargin": 56.2348,
                "CallBackType": "Click",
                "Tag": 11,
                "ActionTag": 618176294,
                "Size": {
                  "X": 100.0,
                  "Y": 100.0
                },
                "Name": "dice",
                "ctype": "ButtonObjectData"
              },
              {
                "FileData": {
                  "Type": "MarkedSubImage",
                  "Path": "coverUI/text1.png",
                  "Plist": "cover.plist"
                },
                "Scale9Width": 277,
                "Scale9Height": 41,
                "AnchorPoint": {
                  "ScaleX": 0.5,
                  "ScaleY": 0.5
                },
                "Position": {
                  "X": 180.0,
                  "Y": 159.9509
                },
                "Scale": {
                  "ScaleX": 1.0,
                  "ScaleY": 1.0
                },
                "CColor": {},
                "IconVisible": false,
                "PrePosition": {
                  "X": 0.5,
                  "Y": 0.7998
                },
                "PreSize": {
                  "X": 0.7694,
                  "Y": 0.205
                },
                "LeftMargin": 41.5,
                "RightMargin": 41.5,
                "TopMargin": 19.5491,
                "BottomMargin": 139.4509,
                "Tag": 12,
                "ActionTag": -1326918760,
                "Size": {
                  "X": 277.0,
                  "Y": 41.0
                },
                "Name": "title_text",
                "ctype": "ImageViewObjectData"
              },
              {
                "FontSize": 14,
                "ButtonText": "",
                "TextColor": {
                  "R": 65,
                  "G": 65,
                  "B": 70
                },
                "DisabledFileData": {
                  "Type": "MarkedSubImage",
                  "Path": "coverUI/bg_14.png",
                  "Plist": "cover.plist"
                },
                "PressedFileData": {
                  "Type": "MarkedSubImage",
                  "Path": "coverUI/bg_14.png",
                  "Plist": "cover.plist"
                },
                "NormalFileData": {
                  "Type": "MarkedSubImage",
                  "Path": "coverUI/bg_14.png",
                  "Plist": "cover.plist"
                },
                "Scale9Enable": true,
                "Scale9OriginX": 15,
                "Scale9OriginY": 15,
                "Scale9Width": 2,
                "Scale9Height": 17,
                "OutlineColor": {
                  "G": 0,
                  "B": 0
                },
                "ShadowColor": {
                  "R": 110,
                  "G": 110,
                  "B": 110
                },
                "ShadowOffsetX": 2.0,
                "ShadowOffsetY": -2.0,
                "TouchEnable": true,
                "AnchorPoint": {
                  "ScaleX": 0.5,
                  "ScaleY": 0.5
                },
                "Position": {
                  "X": 179.9999,
                  "Y": 43.7962
                },
                "Scale": {
                  "ScaleX": 0.8,
                  "ScaleY": 0.8
                },
                "CColor": {},
                "IconVisible": false,
                "PrePosition": {
                  "X": 0.5,
                  "Y": 0.219
                },
                "PreSize": {
                  "X": 0.3333,
                  "Y": 0.25
                },
                "LeftMargin": 119.9999,
                "RightMargin": 120.0001,
                "TopMargin": 131.2038,
                "BottomMargin": 18.7962,
                "Tag": 14,
                "ActionTag": -417532447,
                "Size": {
                  "X": 120.0,
                  "Y": 50.0
                },
                "Name": "btn",
                "ctype": "ButtonObjectData"
              },
              {
                "FileData": {
                  "Type": "MarkedSubImage",
                  "Path": "coverUI/text.png",
                  "Plist": "cover.plist"
                },
                "Scale9Width": 84,
                "Scale9Height": 47,
                "AnchorPoint": {
                  "ScaleX": 0.5,
                  "ScaleY": 0.5
                },
                "Position": {
                  "X": 180.3127,
                  "Y": 44.7964
                },
                "Scale": {
                  "ScaleX": 0.9,
                  "ScaleY": 0.9
                },
                "CColor": {},
                "IconVisible": false,
                "PrePosition": {
                  "X": 0.5009,
                  "Y": 0.224
                },
                "PreSize": {
                  "X": 0.2333,
                  "Y": 0.235
                },
                "LeftMargin": 138.3127,
                "RightMargin": 137.6873,
                "TopMargin": 131.7036,
                "BottomMargin": 21.2964,
                "Tag": 13,
                "ActionTag": 345379340,
                "Size": {
                  "X": 84.0,
                  "Y": 47.0
                },
                "Name": "btn_text",
                "ctype": "ImageViewObjectData"
              },
              {
                "FontSize": 22,
                "IsCustomSize": true,
                "LabelText": "",
                "PlaceHolderText": "请输出名字.....",
                "MaxLengthText": 10,
                "TouchEnable": true,
                "AnchorPoint": {
                  "ScaleY": 0.5
                },
                "Position": {
                  "X": 39.7827,
                  "Y": 106.5169
                },
                "Scale": {
                  "ScaleX": 1.0,
                  "ScaleY": 1.0
                },
                "CColor": {},
                "IconVisible": false,
                "PrePosition": {
                  "X": 0.1105,
                  "Y": 0.5326
                },
                "PreSize": {
                  "X": 0.5556,
                  "Y": 0.1
                },
                "LeftMargin": 39.7827,
                "RightMargin": 120.2173,
                "TopMargin": 83.4831,
                "BottomMargin": 96.5169,
                "Tag": 16,
                "ActionTag": 476426073,
                "Size": {
                  "X": 200.0,
                  "Y": 20.0
                },
                "Name": "name_text",
                "ctype": "TextFieldObjectData"
              }
            ],
            "ActionTag": 443818587,
            "Size": {
              "X": 360.0,
              "Y": 200.0
            },
            "Name": "root",
            "ctype": "PanelObjectData"
          }
        ],
        "Size": {
          "X": 360.0,
          "Y": 200.0
        },
        "Name": "Layer",
        "ctype": "LayerObjectData"
      },
      "UsedResources": [
        "cover.plist",
        "cover.png"
      ],
      "ctype": "GameFileData"
    }
  },
  "Type": "Layer"
}